{
"type": "FeatureCollection",
"name": "frankfurt_boundaries",
"crs": { "type": "name", "properties": { "name": "urn:ogc:def:crs:OGC:1.3:CRS84" } },
"features": [
{"type":"Feature","properties":{"full_id":"w29412206","osm_id":"29412206","osm_type":"way","boundary":"administrative","whitewater:section_grade":null,"foot":null,"admin_level":"6"},"geometry":{"type":"LineString","coordinates":[[8.779774,50.1372919],[8.7786368,50.1371396],[8.7773502,50.1369089],[8.7752912,50.1363352],[8.7744789,50.1360825],[8.7736396,50.135747],[8.7730689,50.1354639],[8.7716912,50.1345907],[8.7706534,50.1337656],[8.7697404,50.1327591],[8.7693017,50.1319807]]}},
{"type":"Feature","properties":{"full_id":"w29412327","osm_id":"29412327","osm_type":"way","boundary":"administrative","whitewater:section_grade":null,"foot":null,"admin_level":"6"},"geometry":{"type":"LineString","coordinates":[[8.8004049,50.1712442],[8.7992741,50.1727892],[8.7996457,50.1731129],[8.7981683,50.1737261],[8.7981219,50.1737453],[8.7980311,50.1737886],[8.7969497,50.1743044],[8.7969034,50.1743264],[8.7966409,50.1744086],[8.7966099,50.1744186],[8.7963858,50.1744889],[8.7963181,50.1745127],[8.7962826,50.1744835],[8.7953144,50.1736897],[8.7939846,50.1725695],[8.7933776,50.1731912],[8.7929974,50.1735714],[8.7928787,50.1736699],[8.7925623,50.1739322],[8.7924426,50.1740315],[8.792327,50.1741274],[8.7922495,50.1741045],[8.7914216,50.174767],[8.7906844,50.1753566],[8.7903768,50.1756027],[8.7900713,50.1760173],[8.790005,50.1761074],[8.7899719,50.1761798]]}},
{"type":"Feature","properties":{"full_id":"w29412471","osm_id":"29412471","osm_type":"way","boundary":"administrative","whitewater:section_grade":null,"foot":null,"admin_level":"6"},"geometry":{"type":"LineString","coordinates":[[8.7123607,50.2271118],[8.7127689,50.2250673],[8.7127953,50.2250759],[8.7128065,50.2250796],[8.7129193,50.2251158],[8.7154788,50.2258224]]}},
{"type":"Feature","properties":{"full_id":"w29413301","osm_id":"29413301","osm_type":"way","boundary":"administrative","whitewater:section_grade":null,"foot":null,"admin_level":"6"},"geometry":{"type":"LineString","coordinates":[[8.5920142,50.0177041],[8.5918678,50.0177031],[8.5918332,50.0177029],[8.5914887,50.0177007],[8.5909825,50.0177496],[8.5858232,50.0178542],[8.5857606,50.0178555],[8.5850089,50.0177655],[8.5845887,50.0177151],[8.583352,50.0175667],[8.5812073,50.0175361],[8.5811376,50.0175351],[8.5810157,50.0175159],[8.5804564,50.0169467],[8.5793727,50.0167811],[8.5781641,50.0164704],[8.5761573,50.0153553],[8.5761531,50.0153529],[8.5761067,50.0154853],[8.575988,50.0158243],[8.5759732,50.0158669],[8.5755313,50.0166059],[8.5749377,50.0180442],[8.5748998,50.0181359],[8.5746129,50.0187778],[8.5726798,50.0210914],[8.5722674,50.0217558],[8.5722511,50.021782],[8.5722342,50.0218075],[8.5711259,50.0236572],[8.5708437,50.0241275],[8.5707925,50.0242129],[8.5707827,50.0242291],[8.570152,50.0252806],[8.5700882,50.0253871],[8.5698037,50.025319],[8.569796,50.0253223],[8.5696954,50.0253642],[8.5695065,50.0254431],[8.5679491,50.0257454],[8.565883,50.0260706],[8.5644381,50.0263471],[8.5630137,50.0266332],[8.5615682,50.0262552],[8.5590402,50.0258337],[8.5575722,50.0260158],[8.5572181,50.0259906],[8.556425,50.0259342],[8.5557034,50.0258409],[8.5547177,50.0257136],[8.5545054,50.0256861],[8.5535345,50.0255607],[8.5521243,50.0254225],[8.550778,50.0252387],[8.549273,50.0252814],[8.5490932,50.0252865],[8.5490631,50.0252874],[8.5487767,50.0252961]]}},
{"type":"Feature","properties":{"full_id":"w29413564","osm_id":"29413564","osm_type":"way","boundary":"administrative","whitewater:section_grade":null,"foot":null,"admin_level":"6"},"geometry":{"type":"LineString","coordinates":[[8.5879417,50.1681976],[8.5881001,50.167471],[8.5881116,50.1673747],[8.588177,50.1668293],[8.5881829,50.1667795],[8.5881871,50.1667451],[8.5884143,50.165576],[8.5884191,50.165554],[8.5884431,50.165441],[8.5884724,50.1653033],[8.5885011,50.1651687],[8.5885304,50.1650315],[8.5886293,50.1645671],[8.5886657,50.1643962],[8.5886815,50.164338],[8.5886997,50.1642634],[8.5887498,50.1640584],[8.5887969,50.1638658],[8.5888055,50.163825],[8.5888131,50.1637894],[8.5888765,50.1633866],[8.5888772,50.1633822],[8.5888865,50.1633232],[8.5889129,50.1631555],[8.5890187,50.1625513],[8.5891762,50.1616466],[8.5893007,50.1605794],[8.5894782,50.1599229],[8.5895667,50.1596406],[8.5897664,50.1592081]]}},
{"type":"Feature","properties":{"full_id":"w29413731","osm_id":"29413731","osm_type":"way","boundary":"administrative","whitewater:section_grade":null,"foot":null,"admin_level":"6"},"geometry":{"type":"LineString","coordinates":[[8.698846,50.0582981],[8.6990348,50.0583048],[8.6993836,50.0583172],[8.6994351,50.058319],[8.6996163,50.0583375],[8.6998655,50.0583626],[8.700306,50.058515],[8.700463,50.0585692],[8.7014813,50.0587247],[8.7016988,50.058807],[8.7019264,50.0588931],[8.7019613,50.0589105],[8.7029659,50.0594037],[8.7038084,50.0597962],[8.7041154,50.0599074],[8.7049415,50.0602063],[8.704957,50.0602119],[8.7049817,50.0602144],[8.7049966,50.060216],[8.7051025,50.060227],[8.7051344,50.0602303],[8.7051557,50.0602325],[8.7063491,50.0603563],[8.7066167,50.0603834],[8.7068595,50.0604144],[8.7072605,50.0604658],[8.7073403,50.060476],[8.7080678,50.0605689],[8.7081239,50.0605761],[8.7090125,50.0606472],[8.7094631,50.0606833],[8.7107255,50.060749],[8.7107596,50.0607508],[8.7108091,50.0607534],[8.7114764,50.0607881],[8.7118055,50.0608055],[8.714122,50.0608235],[8.7160346,50.0609345],[8.7160677,50.0609364],[8.7161186,50.0609394],[8.7165651,50.0609652],[8.7186672,50.0610911],[8.71902,50.0611118],[8.7205665,50.061115],[8.720612,50.0611151],[8.720665,50.0611153],[8.7214434,50.0611164],[8.7214555,50.0611164],[8.7215044,50.0611165],[8.7223104,50.0611176],[8.7235804,50.0613399],[8.7249626,50.0617284]]}},
{"type":"Feature","properties":{"full_id":"w48865011","osm_id":"48865011","osm_type":"way","boundary":"administrative","whitewater:section_grade":null,"foot":null,"admin_level":"6"},"geometry":{"type":"LineString","coordinates":[[8.6387373,50.2017398],[8.6388168,50.2017197],[8.6402342,50.2013768],[8.640331,50.2013519],[8.6404272,50.2013286],[8.6405085,50.2013089],[8.6405509,50.2012986],[8.6416846,50.2010232],[8.6417947,50.2009965],[8.6420778,50.2009278],[8.6424409,50.2008399],[8.6424653,50.2008337],[8.6425363,50.2008168],[8.6432439,50.2006447],[8.6443812,50.2003686],[8.6444915,50.2003427],[8.6451442,50.2006928],[8.6455888,50.2009328]]}},
{"type":"Feature","properties":{"full_id":"w50859094","osm_id":"50859094","osm_type":"way","boundary":"administrative","whitewater:section_grade":null,"foot":null,"admin_level":"6"},"geometry":{"type":"LineString","coordinates":[[8.4758701,50.1087105],[8.4760814,50.1085818],[8.4762309,50.1084907],[8.476437,50.1083652],[8.4765992,50.1082664],[8.4766019,50.1082647],[8.476752,50.1081683],[8.477056,50.1079731],[8.4777004,50.1075593],[8.4780421,50.1073398],[8.4782852,50.1071837],[8.4784555,50.1070743],[8.4785938,50.1069819],[8.4787561,50.1068734],[8.4787748,50.1068603],[8.4790977,50.106635],[8.4793662,50.1064477],[8.4797572,50.1061749],[8.4799677,50.106028],[8.4801497,50.105901],[8.4801887,50.1058709],[8.4805322,50.1056061],[8.4809436,50.1052889],[8.4809558,50.1052796],[8.4792883,50.104166],[8.4791124,50.1040493],[8.4790784,50.1040267],[8.4773001,50.102846],[8.4774178,50.1027988],[8.4775063,50.1027634],[8.4775625,50.1027409],[8.4775312,50.1027161],[8.4775224,50.1027091],[8.4755573,50.1011471],[8.4747022,50.1013374],[8.474636,50.1013522],[8.4743583,50.1013374]]}},
{"type":"Feature","properties":{"full_id":"w50866123","osm_id":"50866123","osm_type":"way","boundary":"administrative","whitewater:section_grade":null,"foot":null,"admin_level":"6"},"geometry":{"type":"LineString","coordinates":[[8.4735035,50.0984548],[8.4740991,50.0991639],[8.4741237,50.0991916],[8.4737533,50.099363],[8.4734101,50.0995219],[8.4731258,50.0996534],[8.4727605,50.0998225],[8.4730941,50.100128],[8.4736342,50.1006362],[8.4736362,50.1006382],[8.4736634,50.1006644],[8.4737029,50.1006471],[8.4743212,50.1012979],[8.4743583,50.1013374]]}},
{"type":"Feature","properties":{"full_id":"w50866251","osm_id":"50866251","osm_type":"way","boundary":"administrative","whitewater:section_grade":null,"foot":null,"admin_level":"6"},"geometry":{"type":"LineString","coordinates":[[8.4875332,50.0849155],[8.4876644,50.085312],[8.4876684,50.0853239],[8.4877252,50.0854955],[8.4877491,50.0855675],[8.4877933,50.085701],[8.4878579,50.0858963],[8.487861,50.0859054],[8.4878409,50.0859122],[8.4877351,50.0859478],[8.4873124,50.0860902],[8.4870759,50.0861698],[8.4869504,50.0862121],[8.4869599,50.0862323],[8.487362,50.0870961],[8.487376,50.0871263],[8.4879097,50.0882727],[8.4879128,50.0882792],[8.4879204,50.0882955],[8.4851855,50.0896996],[8.4852214,50.0897327],[8.4854755,50.0899665],[8.485489,50.0899788],[8.4854504,50.0899989],[8.4847266,50.0903607],[8.4846127,50.0904176],[8.4838053,50.0908202],[8.483735,50.0908553],[8.4815844,50.091928],[8.4815578,50.0919413],[8.4815184,50.0919609],[8.4815122,50.0919641],[8.481445,50.0920227],[8.4818554,50.0923408],[8.4817475,50.0924032],[8.4817374,50.0924091],[8.4816936,50.0924344],[8.4797376,50.0935662],[8.4799814,50.0937438],[8.4786187,50.0950334],[8.4785485,50.0950999],[8.4785291,50.0951182],[8.4785031,50.0951428],[8.4784816,50.0951632],[8.4798838,50.0957492],[8.4798214,50.095778],[8.4798091,50.0957837],[8.4797092,50.0958298],[8.4792969,50.09602],[8.4787494,50.0962726],[8.4787638,50.0962829],[8.4787069,50.0963091],[8.4782879,50.096502],[8.4779698,50.0966485],[8.4778644,50.0966971],[8.4775259,50.096853],[8.4773258,50.0969409],[8.477117,50.0970326],[8.4769147,50.0971216],[8.476711,50.097211],[8.4763081,50.0973881],[8.475916,50.0975603],[8.4757133,50.0976494],[8.475483,50.0977506],[8.4749124,50.0979604],[8.4745132,50.0981017],[8.4741522,50.0982295],[8.4738782,50.0983265],[8.4735035,50.0984548]]}},
{"type":"Feature","properties":{"full_id":"w50882489","osm_id":"50882489","osm_type":"way","boundary":"administrative","whitewater:section_grade":null,"foot":null,"admin_level":"6"},"geometry":{"type":"LineString","coordinates":[[8.5022942,50.1077468],[8.502287,50.1076954],[8.5007204,50.1071133],[8.500216,50.1069258],[8.5000015,50.1068461],[8.4996575,50.1067182],[8.4995435,50.1067248],[8.4983142,50.1073904],[8.497985,50.1075688],[8.4978749,50.1076179],[8.4978174,50.1076435],[8.4977896,50.1076168],[8.4978476,50.107591],[8.4977507,50.1075801],[8.4964304,50.1063203],[8.496221,50.1061227],[8.496138,50.1060443],[8.4960979,50.1060065],[8.4941123,50.1066241],[8.4940714,50.1066528],[8.493576,50.1070019],[8.4933296,50.1071755],[8.4931487,50.1072935],[8.4927651,50.1075438],[8.4925534,50.1076819],[8.4924937,50.1077208],[8.4923448,50.1078181],[8.4919351,50.1080857],[8.4919062,50.1080084],[8.4915618,50.1070883],[8.4915151,50.1069617],[8.4914578,50.1068407],[8.491396,50.1067097],[8.4913818,50.1066798],[8.4901447,50.1070461],[8.4898793,50.1071123],[8.488811,50.1073786],[8.4880678,50.1073237],[8.4875056,50.1075317],[8.4872568,50.1076159],[8.485885,50.1080811],[8.4855434,50.1081965],[8.483066,50.1092541],[8.4823951,50.1095393],[8.4820776,50.1092327],[8.4820211,50.1092588],[8.4799543,50.1102012],[8.4798725,50.1103453],[8.4796221,50.110741],[8.4795272,50.110672]]}},
{"type":"Feature","properties":{"full_id":"w50889595","osm_id":"50889595","osm_type":"way","boundary":"administrative","whitewater:section_grade":null,"foot":null,"admin_level":"6"},"geometry":{"type":"LineString","coordinates":[[8.5760644,50.1323636],[8.5730952,50.1311102],[8.5721591,50.1307122],[8.5719867,50.1306388],[8.5693936,50.1295425],[8.5693282,50.1295151],[8.5683107,50.1290868],[8.5683003,50.1290833],[8.5671733,50.1286006],[8.5653555,50.1278395],[8.5653544,50.127842],[8.565202,50.1277774],[8.5641177,50.1273175],[8.5640877,50.1273481],[8.5640487,50.127331],[8.564003,50.127311]]}},
{"type":"Feature","properties":{"full_id":"w50891297","osm_id":"50891297","osm_type":"way","boundary":"administrative","whitewater:section_grade":null,"foot":null,"admin_level":"6"},"geometry":{"type":"LineString","coordinates":[[8.564003,50.127311],[8.5606366,50.1259253],[8.56056,50.1260065]]}},
{"type":"Feature","properties":{"full_id":"w51203215","osm_id":"51203215","osm_type":"way","boundary":"administrative","whitewater:section_grade":null,"foot":null,"admin_level":"6"},"geometry":{"type":"LineString","coordinates":[[8.6100311,50.1762539],[8.6099653,50.1762287],[8.6097887,50.1762561],[8.6097102,50.1762684],[8.6094801,50.1761214],[8.6092478,50.1759721],[8.6092325,50.1759623],[8.6089119,50.1758012],[8.6088406,50.1757655],[8.6087668,50.1757285],[8.6084187,50.1755413],[8.6083697,50.175515],[8.6073211,50.1749005],[8.607308,50.174895],[8.6066143,50.1746],[8.6061347,50.1743961],[8.6060728,50.1743698],[8.6060236,50.1743488],[8.6059634,50.1743232],[8.6047824,50.1738211],[8.6046846,50.1737795],[8.603559,50.1727294],[8.6023773,50.1716238],[8.6023535,50.1715942],[8.602213,50.1716362],[8.6020509,50.1716847],[8.601892,50.1717324],[8.6016917,50.1717923],[8.6016071,50.1718176],[8.601386,50.1718839],[8.6012849,50.1719141],[8.6011616,50.1719511],[8.6010375,50.1719881],[8.6008564,50.1720425],[8.6006752,50.1720967],[8.6005036,50.172148],[8.6004242,50.1721719],[8.6002493,50.1722242],[8.6001253,50.1722614],[8.6000426,50.1722861],[8.5999409,50.1723166],[8.5997356,50.172378],[8.5996148,50.1724141],[8.5994431,50.1724656],[8.599316,50.1725036],[8.5991889,50.1725417],[8.5990522,50.1725827],[8.5988552,50.1726417],[8.5987152,50.1726835],[8.5985753,50.1727254],[8.5979753,50.1729051],[8.5976065,50.1730155],[8.5975175,50.1730421],[8.5974095,50.1730745],[8.597295,50.1731087],[8.5971806,50.173143],[8.596973,50.1732042],[8.5968731,50.1732351],[8.5961118,50.1720744],[8.5960803,50.172029],[8.5953195,50.1708665],[8.5952917,50.1708363],[8.5942906,50.1697483],[8.5942582,50.1697155],[8.5933039,50.1686807],[8.5932678,50.1686358],[8.5932393,50.1686048],[8.5920854,50.1673502],[8.5920583,50.1673186],[8.5919096,50.1673631],[8.5917608,50.1674077],[8.5916533,50.16744],[8.5915427,50.1674731],[8.5913907,50.1675186],[8.5912389,50.1675641],[8.591069,50.167615],[8.5909237,50.1676586],[8.5908513,50.1676803],[8.5907788,50.167702],[8.5906883,50.1677291],[8.5905979,50.1677562],[8.5905074,50.1677833],[8.5904217,50.167809],[8.5903365,50.1678345],[8.5902665,50.1678556],[8.5901777,50.1678821],[8.5900965,50.1679064],[8.5899959,50.1679366],[8.5898957,50.1679666],[8.5897943,50.167997],[8.5896325,50.1680454],[8.5891549,50.1681886],[8.5890737,50.1682129],[8.5882941,50.1684466],[8.5879417,50.1681976]]}},
{"type":"Feature","properties":{"full_id":"w51725268","osm_id":"51725268","osm_type":"way","boundary":"administrative","whitewater:section_grade":null,"foot":null,"admin_level":"6"},"geometry":{"type":"LineString","coordinates":[[8.5429076,50.1190461],[8.5423655,50.118857],[8.5398522,50.1179378],[8.5366627,50.1167708],[8.5352762,50.1162913],[8.534586,50.1160508],[8.5342373,50.1160476],[8.5337812,50.1157824],[8.5334194,50.1156366],[8.5335334,50.1155089],[8.5334406,50.1154729],[8.5330715,50.1153374],[8.5330214,50.1153178],[8.5329648,50.1152988],[8.5328452,50.1154321],[8.5325922,50.115817],[8.5316063,50.1159],[8.531482,50.1159105],[8.5313684,50.11592],[8.5313059,50.1159253],[8.5309891,50.115951],[8.5307276,50.1162668],[8.5294706,50.1156621],[8.5293984,50.1156719],[8.5283023,50.1164011],[8.5279007,50.1167201],[8.5275702,50.1169842],[8.5273711,50.1171604],[8.5269068,50.1175751],[8.5264441,50.1180294],[8.5258417,50.117804],[8.5250817,50.118554],[8.5249544,50.1184904],[8.5248054,50.1186279],[8.5247206,50.1187064],[8.5246365,50.1187841],[8.5232321,50.1199749],[8.5229949,50.1198542],[8.5228534,50.1200136],[8.5227432,50.1201378],[8.522558,50.1203465],[8.522413,50.1205099],[8.5223131,50.1206224],[8.5222167,50.120731],[8.5221209,50.1208389],[8.5220093,50.1209647],[8.5214558,50.1206721],[8.5206116,50.1201375],[8.5206474,50.1202231],[8.5205457,50.120222],[8.5202776,50.1203822],[8.5200516,50.1205172],[8.5198958,50.1206103],[8.519755,50.1206944],[8.5195524,50.1208155],[8.5187038,50.1213225],[8.5186006,50.1213839],[8.5184805,50.1213026]]}},
{"type":"Feature","properties":{"full_id":"w51893705","osm_id":"51893705","osm_type":"way","boundary":"administrative","whitewater:section_grade":null,"foot":null,"admin_level":"6"},"geometry":{"type":"LineString","coordinates":[[8.5199879,50.0207793],[8.5170774,50.0258215]]}},
{"type":"Feature","properties":{"full_id":"w52294123","osm_id":"52294123","osm_type":"way","boundary":"administrative","whitewater:section_grade":null,"foot":null,"admin_level":"6"},"geometry":{"type":"LineString","coordinates":[[8.7349804,50.2116319],[8.7349457,50.2116289],[8.7345271,50.212704],[8.7343075,50.2132722],[8.7342663,50.2133788],[8.734223,50.2134907],[8.7340076,50.2140478],[8.7344186,50.2145054],[8.7345132,50.2146908],[8.7346469,50.2149528],[8.734717,50.2150903],[8.7348633,50.2154737],[8.7349493,50.215515],[8.7349535,50.2155599],[8.7346182,50.2155726],[8.7321375,50.2158518],[8.7321157,50.2158687],[8.7320698,50.2159046],[8.7320702,50.2159261],[8.7320752,50.2161843],[8.7319817,50.2166121],[8.7318895,50.2168199],[8.7317958,50.2170309],[8.7315957,50.2171947],[8.731387,50.2175716]]}},
{"type":"Feature","properties":{"full_id":"w53376718","osm_id":"53376718","osm_type":"way","boundary":"administrative","whitewater:section_grade":null,"foot":null,"admin_level":"6"},"geometry":{"type":"LineString","coordinates":[[8.8004049,50.1712442],[8.8003729,50.1712329],[8.7999956,50.1711127],[8.800006,50.1710504],[8.8000149,50.1709968],[8.8001127,50.1704942],[8.8001489,50.17019],[8.8001698,50.1696057],[8.8001381,50.1693591],[8.7982344,50.1694483],[8.7981785,50.1694509],[8.7980982,50.1685559],[8.7979796,50.1680715],[8.7978185,50.1674138],[8.7966457,50.1673379],[8.7961821,50.1673072],[8.7956022,50.1672694],[8.7955303,50.1672647],[8.7954489,50.1672594],[8.7944471,50.1668583],[8.7944019,50.1668402],[8.7944106,50.1667956],[8.7944796,50.1664423],[8.7946119,50.1657849],[8.7948041,50.1648249],[8.7948491,50.1646087],[8.7948235,50.1644516],[8.795038,50.1639422],[8.7949848,50.163863],[8.7948979,50.1638477],[8.7946479,50.1639143],[8.7946015,50.1638574],[8.7939862,50.1630623],[8.7934603,50.1631704],[8.7925917,50.1632739],[8.7921142,50.1633392],[8.7919055,50.1633752],[8.7915368,50.1634139],[8.7904678,50.1634678],[8.7904539,50.1634183],[8.7904452,50.1633877],[8.7903605,50.1630883],[8.7903221,50.1629525],[8.7899558,50.1622571],[8.7895684,50.1615241],[8.7895442,50.1614781],[8.7895264,50.1614445],[8.7896454,50.1614179],[8.7898302,50.1613764],[8.7902912,50.1612729],[8.7907387,50.1611724],[8.7908321,50.1611514],[8.7909604,50.1611246],[8.7905959,50.1599735],[8.7905797,50.1599223],[8.790578,50.1598307],[8.79063,50.159557],[8.7906528,50.1592794],[8.79068,50.1589466],[8.7906288,50.1589072],[8.7905249,50.1589167],[8.7903942,50.1589286],[8.7901469,50.1589511],[8.7898505,50.1589656],[8.7897557,50.1589432],[8.7895523,50.1588952],[8.7894478,50.1588959],[8.7891311,50.1589737],[8.7885704,50.1591048],[8.7882873,50.159171],[8.7880239,50.1592326],[8.7874778,50.1593737],[8.7871671,50.1594329],[8.787015,50.1593371],[8.7869724,50.1592864],[8.786937,50.1592726],[8.7869182,50.1592618],[8.7868743,50.1592365],[8.7867674,50.1591856],[8.7866362,50.1591197],[8.7865335,50.1590636],[8.7863298,50.1589592],[8.7860786,50.1588506],[8.785943,50.1588259],[8.7856728,50.1588148],[8.785242,50.1587981],[8.7850572,50.1587605],[8.7850146,50.1587522],[8.7848412,50.1587173],[8.7845025,50.1586494],[8.7844138,50.1586234],[8.7840883,50.1585819],[8.7837961,50.1584981],[8.7837694,50.1584904],[8.7834324,50.1584591],[8.7834338,50.1584185],[8.7834369,50.1583308],[8.7834551,50.1578176],[8.7833951,50.1577429],[8.7834068,50.1576401],[8.7834549,50.1572167],[8.7835482,50.1570134],[8.7835863,50.1569302],[8.7836613,50.1567667],[8.7836887,50.1567723],[8.783894,50.1562953],[8.7840801,50.1558498],[8.7836949,50.1557979],[8.7836028,50.1557867],[8.7835228,50.1557775],[8.783386,50.1557564],[8.783176,50.1557124],[8.7829903,50.155685],[8.7827006,50.155631],[8.7826081,50.1556137],[8.7822401,50.1555389],[8.782274,50.1554516],[8.7823293,50.155309],[8.7823799,50.1550676],[8.7824004,50.1548708],[8.7824246,50.1546672],[8.7824345,50.1545799],[8.7824387,50.1545425],[8.782428,50.1543425],[8.7824252,50.1542639],[8.7824235,50.1542211],[8.7824218,50.1541747],[8.782418,50.1541368],[8.7824152,50.1541091],[8.7825381,50.153755],[8.7826291,50.1534231],[8.7826479,50.1533638],[8.7827343,50.152918],[8.7827331,50.1528487],[8.7827303,50.1528261],[8.7827254,50.1527866],[8.7827187,50.1527318],[8.7826962,50.1525842],[8.7826933,50.1525534],[8.7826873,50.152515],[8.7826739,50.1524129],[8.7826814,50.1523798],[8.7826759,50.1523299],[8.7826698,50.1522973],[8.7826596,50.1522021],[8.7826499,50.1521661],[8.7826544,50.1521225],[8.7826488,50.1520331],[8.782645,50.1519716],[8.7826405,50.1519006],[8.7826311,50.1518207],[8.7826272,50.1517421],[8.7826246,50.1516898],[8.7826224,50.1516445],[8.7826204,50.1516056],[8.7826147,50.1515681],[8.782617,50.1515127],[8.7826051,50.1514646],[8.7826086,50.1514206],[8.7826138,50.1513131],[8.7826179,50.1512295],[8.7826082,50.1512017],[8.7825462,50.1506619],[8.782466,50.1495588],[8.7824145,50.1483791],[8.7824135,50.1483695],[8.7823489,50.1467409],[8.7822548,50.1446727],[8.7823294,50.1440263],[8.7823304,50.1440147],[8.7823335,50.1439816],[8.7823384,50.143928]]}},
{"type":"Feature","properties":{"full_id":"w71104991","osm_id":"71104991","osm_type":"way","boundary":"administrative","whitewater:section_grade":null,"foot":null,"admin_level":"6"},"geometry":{"type":"LineString","coordinates":[[8.7582252,50.1124299],[8.7570722,50.1134319],[8.7558703,50.1142382],[8.7548764,50.1147396],[8.7543311,50.1149826],[8.7535418,50.1151878],[8.7529669,50.1153398],[8.7522779,50.115432]]}},
{"type":"Feature","properties":{"full_id":"w71105064","osm_id":"71105064","osm_type":"way","boundary":"administrative","whitewater:section_grade":null,"foot":null,"admin_level":"6"},"geometry":{"type":"LineString","coordinates":[[8.7687156,50.1079614],[8.7676647,50.1081417],[8.7657795,50.1086185],[8.7632177,50.1094118],[8.7621239,50.1098364],[8.7605726,50.1107306],[8.7583273,50.1123737],[8.7582373,50.1124195]]}},
{"type":"Feature","properties":{"full_id":"w71105092","osm_id":"71105092","osm_type":"way","boundary":"administrative","whitewater:section_grade":null,"foot":null,"admin_level":"6"},"geometry":{"type":"LineString","coordinates":[[8.7490018,50.0944958],[8.7488131,50.0942039],[8.7475922,50.0941618],[8.746859,50.094101],[8.7447757,50.0933937],[8.7438292,50.092899],[8.7428495,50.092736],[8.7420219,50.0922295],[8.7413772,50.0914046],[8.7410905,50.0908315],[8.7396667,50.0897599],[8.7394042,50.0892807],[8.7388471,50.0887138],[8.7384262,50.0883468]]}},
{"type":"Feature","properties":{"full_id":"w78014085","osm_id":"78014085","osm_type":"way","boundary":"administrative","whitewater:section_grade":null,"foot":null,"admin_level":"6"},"geometry":{"type":"LineString","coordinates":[[8.5520446,50.1224189],[8.5509033,50.1219515],[8.549126,50.1213649],[8.5489968,50.1213223]]}},
{"type":"Feature","properties":{"full_id":"w78014088","osm_id":"78014088","osm_type":"way","boundary":"administrative","whitewater:section_grade":null,"foot":null,"admin_level":"6"},"geometry":{"type":"LineString","coordinates":[[8.5949932,50.1432099],[8.5949447,50.1430996],[8.5949245,50.1430566],[8.5949282,50.1429643],[8.5945687,50.1423409],[8.5939894,50.1412344],[8.5934739,50.1402509],[8.5933329,50.1397842],[8.5931471,50.1397047],[8.5931319,50.1396982],[8.5927029,50.1395145],[8.5926676,50.1394994],[8.5916638,50.1390696],[8.5908041,50.1387013],[8.5904936,50.1385983],[8.5905013,50.1385627],[8.5875186,50.1374528],[8.5853512,50.1366108],[8.5849866,50.1364407],[8.5840392,50.1359987],[8.5839905,50.1359717],[8.5839413,50.1359445],[8.5833899,50.1356391]]}},
{"type":"Feature","properties":{"full_id":"w78014097","osm_id":"78014097","osm_type":"way","boundary":"administrative","whitewater:section_grade":null,"foot":null,"admin_level":"6"},"geometry":{"type":"LineString","coordinates":[[8.5184805,50.1213026],[8.5180933,50.1210404],[8.5135407,50.1219196],[8.5134477,50.1218034],[8.5132341,50.1215365],[8.5128613,50.1210705],[8.5127711,50.1209578],[8.5128324,50.1209361],[8.512744,50.1209164],[8.5125036,50.1205501],[8.5120283,50.1198258],[8.5119256,50.1196694],[8.5118585,50.1195671],[8.511738,50.1193835],[8.5128778,50.119251],[8.5128679,50.1192066],[8.5128195,50.1189886],[8.512798,50.1188889],[8.5127498,50.1186709],[8.512699,50.1184413],[8.5126469,50.1182055],[8.5125826,50.1179145],[8.5125548,50.1178209],[8.5125446,50.1177865],[8.5123937,50.1175132],[8.5123321,50.1175596],[8.5122789,50.1175986],[8.5118786,50.1176484],[8.5116759,50.1176071],[8.5116048,50.1175131],[8.5115343,50.1174218],[8.5114956,50.1173118],[8.5113124,50.1172947],[8.5106884,50.1174318],[8.5102334,50.1173498],[8.509854,50.1172671],[8.50984,50.1172461],[8.5098229,50.1172206],[8.5097958,50.1171802],[8.509727,50.1170777],[8.5096212,50.11692],[8.5095329,50.1168948],[8.5093907,50.1168542],[8.5088013,50.1166235],[8.5084302,50.1165548],[8.5083484,50.11654],[8.5082479,50.1165211],[8.507873,50.1165663],[8.5077964,50.1164563],[8.5077677,50.1164154],[8.5076899,50.1163037],[8.5076677,50.1162724],[8.5072793,50.1157156],[8.50725,50.1156739],[8.5072241,50.1156372],[8.5073267,50.1155256],[8.5073008,50.1155021]]}},
{"type":"Feature","properties":{"full_id":"w78025065","osm_id":"78025065","osm_type":"way","boundary":"administrative","whitewater:section_grade":null,"foot":null,"admin_level":"6"},"geometry":{"type":"LineString","coordinates":[[8.5228421,50.0804239],[8.522523,50.0798953],[8.5221263,50.0788985],[8.5221173,50.0776875],[8.5228292,50.0755982],[8.5228435,50.0755561],[8.5228554,50.0755211],[8.5229448,50.0752588],[8.5229579,50.0752205],[8.5229731,50.0751759],[8.5231908,50.0745366],[8.5232609,50.0743309],[8.5234209,50.0738609],[8.5238175,50.0730228],[8.5244219,50.0722206],[8.5259671,50.0706366],[8.5266826,50.0694599],[8.5269617,50.0686313],[8.5270764,50.0679052],[8.5271451,50.0670179],[8.5269962,50.0662523],[8.5267569,50.0655932],[8.5256661,50.0644497],[8.5219718,50.0623796],[8.5203882,50.0617683]]}},
{"type":"Feature","properties":{"full_id":"w78025066","osm_id":"78025066","osm_type":"way","boundary":"administrative","whitewater:section_grade":null,"foot":null,"admin_level":"6"},"geometry":{"type":"LineString","coordinates":[[8.5476402,50.0691062],[8.5471502,50.0692582],[8.5471322,50.0692713],[8.5467247,50.0695696],[8.5466634,50.0696145],[8.5463219,50.0698644],[8.5462689,50.0698812],[8.5460655,50.0699907],[8.5458961,50.0700915],[8.5456897,50.0702314],[8.545469,50.0703944],[8.5452267,50.070594],[8.5449522,50.0708727],[8.54479,50.0710795],[8.5447777,50.0710951],[8.5447633,50.0711153],[8.5446492,50.071276],[8.5446244,50.071311],[8.5445952,50.0713519],[8.5445609,50.0714094],[8.5445179,50.0713812],[8.5443562,50.0712749],[8.5436683,50.0711576],[8.5436737,50.0711374],[8.5436,50.0712005],[8.5435928,50.071228],[8.5435588,50.0713562],[8.5433821,50.0720239],[8.5433488,50.0721493],[8.5428878,50.0738907],[8.5428649,50.0739772],[8.5428642,50.0740221],[8.5428442,50.0752876],[8.5425836,50.0754497],[8.5422889,50.0756331],[8.5422218,50.0756749],[8.5421737,50.0757048],[8.5420238,50.0757981],[8.5419187,50.0758635],[8.5418123,50.0759294],[8.5415608,50.0760862],[8.5415013,50.0761152],[8.5413843,50.0761722],[8.5411328,50.0762945],[8.5410394,50.0763403],[8.540994,50.076362],[8.5408036,50.0763769],[8.5407802,50.0763787],[8.5405368,50.0763988],[8.5403224,50.0764157],[8.540209,50.0764249],[8.5401412,50.0764304],[8.5399382,50.0764468],[8.5394408,50.076487],[8.5376802,50.07673],[8.5368258,50.0770713],[8.5367818,50.0770889],[8.5366929,50.0771245],[8.5366772,50.0771307],[8.5366356,50.0771474],[8.536508,50.0771984],[8.5364433,50.0772242],[8.536368,50.0772543],[8.5362564,50.0772989],[8.5361869,50.0773278],[8.5360243,50.077457],[8.5359939,50.0774812],[8.5359044,50.0775523],[8.5358565,50.0775904],[8.5358091,50.0776281],[8.5357607,50.0776665],[8.5357164,50.0777017],[8.5356729,50.0777363],[8.5356302,50.0777702],[8.5356062,50.0777893],[8.5355611,50.0778251],[8.535465,50.0779015],[8.5354217,50.0779359],[8.5353779,50.0779707],[8.5352905,50.0780402],[8.5352567,50.078067],[8.5352206,50.0780958],[8.5351846,50.0781244],[8.5351485,50.078153],[8.535112,50.0781821],[8.5350771,50.0782098],[8.5350245,50.0782516],[8.5349715,50.0782936],[8.5349184,50.0783359],[8.5348499,50.0783903],[8.5348705,50.078468],[8.5347462,50.0784492],[8.5340302,50.078537],[8.532518,50.0787246],[8.5324095,50.0787702],[8.532388,50.0787907],[8.5318039,50.0793448],[8.5314597,50.0795887],[8.5299626,50.0806496],[8.5303087,50.0809838],[8.5305255,50.0811931],[8.5308556,50.0815119],[8.5300358,50.0817855],[8.5298665,50.0818421],[8.529622,50.0819237],[8.5292873,50.0820354],[8.5291238,50.08209],[8.5284872,50.0824176],[8.5278876,50.0827261],[8.5278714,50.0827344],[8.5277897,50.0827765],[8.5277864,50.0827781],[8.5276163,50.0828657],[8.5274848,50.0829333],[8.5274561,50.0829481],[8.5274165,50.0829685],[8.5273717,50.0829915],[8.5273548,50.0830002],[8.5273235,50.0830163],[8.5273067,50.083025],[8.5273017,50.0830276],[8.5272919,50.0830326],[8.5272708,50.0830435],[8.5266985,50.083338],[8.5266553,50.0833603],[8.5266516,50.0833621],[8.5265966,50.0833906],[8.526586,50.083396],[8.5256844,50.0838616]]}},
{"type":"Feature","properties":{"full_id":"w78711823","osm_id":"78711823","osm_type":"way","boundary":"administrative","whitewater:section_grade":null,"foot":null,"admin_level":"6"},"geometry":{"type":"LineString","coordinates":[[8.6151938,50.1833675],[8.6147901,50.1831671],[8.6144826,50.1830235],[8.6144615,50.1830158],[8.614278,50.1829486],[8.6139595,50.1828762],[8.6139261,50.1828715],[8.6135507,50.182819],[8.6133732,50.1827942],[8.6131803,50.1827672],[8.6114885,50.1825306],[8.6112447,50.1824965],[8.6111839,50.182488],[8.6101671,50.182346],[8.6100026,50.1823106],[8.6097288,50.1822261],[8.6091946,50.1820617],[8.6074124,50.1815132],[8.6073574,50.1814961],[8.6057991,50.1810119],[8.605747,50.1809958],[8.6056279,50.1809587],[8.6055069,50.1808353],[8.6053894,50.1807815],[8.605341,50.1807593],[8.605267,50.1807039],[8.6053261,50.1807043],[8.6053722,50.1806939],[8.605407,50.1806764],[8.6054371,50.1806485],[8.6054598,50.1806179],[8.6054768,50.1805803],[8.6055277,50.1804507],[8.6055371,50.1804119],[8.6055623,50.1803075],[8.6055775,50.1802452],[8.6055938,50.1802129],[8.6056194,50.1801618],[8.605645,50.180111],[8.6056682,50.1800649],[8.6057874,50.1798281],[8.6058197,50.1797637],[8.6059112,50.179636],[8.6061369,50.1793212],[8.606166,50.1792805],[8.606204,50.1792276],[8.606278,50.1791514],[8.6065563,50.1788985],[8.6066486,50.1788246],[8.6067166,50.1787754],[8.6067387,50.1787593],[8.6068289,50.1786941],[8.6069041,50.178647],[8.6070916,50.1785271],[8.6072576,50.1784109],[8.6072935,50.1783858],[8.6074273,50.1782973],[8.6075469,50.1782099],[8.607647,50.1781331],[8.6076825,50.1781058],[8.6077407,50.178067],[8.6079815,50.177906],[8.6080007,50.1778931],[8.6081091,50.1778207],[8.6083608,50.1776708],[8.6089431,50.177302],[8.6093211,50.1770445],[8.6095811,50.1768216],[8.6100311,50.1762539]]}},
{"type":"Feature","properties":{"full_id":"w78711833","osm_id":"78711833","osm_type":"way","boundary":"administrative","whitewater:section_grade":null,"foot":null,"admin_level":"6"},"geometry":{"type":"LineString","coordinates":[[8.7061132,50.1792193],[8.7058236,50.1793109],[8.7053351,50.1794559],[8.7045623,50.1796846],[8.7037751,50.1799046],[8.7034056,50.1800178],[8.7032872,50.1800499],[8.7028117,50.1802185],[8.7025167,50.1803561],[8.7022355,50.1804397],[8.7019888,50.1804801]]}},
{"type":"Feature","properties":{"full_id":"w78711839","osm_id":"78711839","osm_type":"way","boundary":"administrative","whitewater:section_grade":null,"foot":null,"admin_level":"6"},"geometry":{"type":"LineString","coordinates":[[8.7823384,50.143928],[8.782369,50.1435943]]}},
{"type":"Feature","properties":{"full_id":"w78711843","osm_id":"78711843","osm_type":"way","boundary":"administrative","whitewater:section_grade":null,"foot":null,"admin_level":"6"},"geometry":{"type":"LineString","coordinates":[[8.7255224,50.1084935],[8.7263559,50.1077709],[8.7262876,50.107738],[8.7264058,50.1076766],[8.7264628,50.1075996],[8.726811,50.1071211],[8.7271516,50.1072097],[8.7274806,50.1066387],[8.7276912,50.1066854],[8.7278566,50.1065585],[8.7280745,50.1063913]]}},
{"type":"Feature","properties":{"full_id":"w78711851","osm_id":"78711851","osm_type":"way","boundary":"administrative","whitewater:section_grade":null,"foot":null,"admin_level":"6"},"geometry":{"type":"LineString","coordinates":[[8.5897664,50.1592081],[8.5898187,50.1592187],[8.5897774,50.1593134],[8.5897977,50.1593914],[8.5908115,50.1602139],[8.5909154,50.1602287],[8.5940754,50.159141],[8.5975995,50.1579242],[8.597674,50.1578985],[8.597748,50.1578731],[8.5978289,50.1578588],[8.5989526,50.15766],[8.5994254,50.1575764],[8.5996303,50.1575401],[8.6004589,50.1573951],[8.602487,50.1570368],[8.6025544,50.1570249],[8.6025993,50.1570169],[8.602632,50.1570112],[8.6026772,50.1570032],[8.6026902,50.1570009],[8.6027339,50.1569932],[8.6025613,50.1565996],[8.6022175,50.1561584]]}},
{"type":"Feature","properties":{"full_id":"w78711855","osm_id":"78711855","osm_type":"way","boundary":"administrative","whitewater:section_grade":null,"foot":null,"admin_level":"6"},"geometry":{"type":"LineString","coordinates":[[8.5984757,50.042253],[8.5984281,50.0421567],[8.5981384,50.0415707],[8.597899,50.0410862],[8.5976118,50.0404933],[8.597542,50.0403491],[8.5973448,50.0399418],[8.5970508,50.0393998],[8.5970193,50.0393088],[8.597006,50.0392702],[8.5969829,50.0392031],[8.596644,50.0384811],[8.5965602,50.0383028],[8.5962326,50.0376027],[8.5958744,50.0368373],[8.5954898,50.036077],[8.5951327,50.0353714],[8.5949452,50.0350009],[8.5949318,50.0349747],[8.5949218,50.0349553],[8.5948828,50.0348793],[8.5948701,50.0348545],[8.5948357,50.0347875],[8.5948269,50.0347704],[8.5947639,50.0346476],[8.5946432,50.0344124],[8.5946362,50.0344142],[8.5941074,50.0333751],[8.5939721,50.0331091],[8.5938453,50.0328598],[8.5937262,50.0326252],[8.5936281,50.032433],[8.5933479,50.0318822],[8.5931731,50.0315385],[8.5931475,50.0314881],[8.5928154,50.0308803],[8.5927763,50.0308088],[8.5925502,50.0302274],[8.5924079,50.0298867],[8.592244,50.0294746],[8.5922326,50.0294458],[8.5920563,50.0290101],[8.5919106,50.0285439],[8.5917308,50.0278862],[8.5916323,50.0273223],[8.5915044,50.0266057],[8.5914004,50.0262767],[8.5914025,50.0257527],[8.5913862,50.0252073],[8.591374,50.024361],[8.5914725,50.0234971],[8.5916229,50.0225792],[8.5918267,50.02168],[8.5920076,50.0207836],[8.5922688,50.019572],[8.5923667,50.0190812],[8.5924638,50.0187283],[8.5925148,50.0186872],[8.5922797,50.0183474],[8.5922339,50.0182053],[8.5922065,50.0181318],[8.5921656,50.0180219],[8.5921291,50.0179243],[8.5920142,50.0177041]]}},
{"type":"Feature","properties":{"full_id":"w78711862","osm_id":"78711862","osm_type":"way","boundary":"administrative","whitewater:section_grade":null,"foot":null,"admin_level":"6"},"geometry":{"type":"LineString","coordinates":[[8.5501198,50.0660254],[8.5501359,50.066066],[8.5499908,50.0663978],[8.5498405,50.066707],[8.5497652,50.0668458]]}},
{"type":"Feature","properties":{"full_id":"w78711867","osm_id":"78711867","osm_type":"way","boundary":"administrative","whitewater:section_grade":null,"foot":null,"admin_level":"6"},"geometry":{"type":"LineString","coordinates":[[8.7522779,50.115432],[8.7509941,50.1155578],[8.7496783,50.1156338],[8.7484585,50.1156488],[8.7472227,50.1155768],[8.7456945,50.1154062]]}},
{"type":"Feature","properties":{"full_id":"w78711871","osm_id":"78711871","osm_type":"way","boundary":"administrative","whitewater:section_grade":null,"foot":null,"admin_level":"6"},"geometry":{"type":"LineString","coordinates":[[8.6910181,50.0582663],[8.6920455,50.0582511],[8.6927881,50.0582216],[8.6941743,50.0581656],[8.6944449,50.0581547],[8.6950072,50.0581853]]}},
{"type":"Feature","properties":{"full_id":"w78721532","osm_id":"78721532","osm_type":"way","boundary":"administrative","whitewater:section_grade":null,"foot":null,"admin_level":"9"},"geometry":{"type":"LineString","coordinates":[[8.7255224,50.1084935],[8.7173794,50.1063399]]}},
{"type":"Feature","properties":{"full_id":"w81082970","osm_id":"81082970","osm_type":"way","boundary":"administrative","whitewater:section_grade":null,"foot":null,"admin_level":"6"},"geometry":{"type":"LineString","coordinates":[[8.6387373,50.2017398],[8.6387049,50.2016914],[8.6386854,50.2016622],[8.6379389,50.200549],[8.6379098,50.2005063],[8.63786,50.2004316],[8.6369808,50.1991223],[8.6369547,50.1990836],[8.6369031,50.1990064],[8.6366778,50.198671],[8.6358812,50.1974844],[8.6358469,50.1974337],[8.6357421,50.1973464],[8.6350042,50.1967332],[8.6348445,50.1966014],[8.6344598,50.1962809],[8.633877,50.1957967],[8.6338181,50.1957495],[8.633128,50.1951767],[8.6330728,50.1950317],[8.633491,50.194667],[8.6335504,50.1946152],[8.6336016,50.1945854],[8.6336754,50.1945425],[8.6335731,50.1945108],[8.6331597,50.1942095],[8.6326803,50.1939944],[8.6319454,50.1936005],[8.6314864,50.1932988],[8.6310598,50.1930698],[8.6306535,50.1927698],[8.6300106,50.1924479],[8.6297311,50.192308],[8.6292074,50.1920062],[8.6291773,50.1919327],[8.6290636,50.1918613],[8.6289461,50.1918511],[8.6282591,50.1914256],[8.6275843,50.1910069],[8.6275444,50.1909836],[8.6266384,50.190456],[8.6257411,50.1899334],[8.625691,50.1899041],[8.6249453,50.1894583],[8.6237682,50.1889546],[8.6237316,50.1889328],[8.6236598,50.1888901],[8.6236249,50.1888693],[8.6231236,50.1885534]]}},
{"type":"Feature","properties":{"full_id":"w136189715","osm_id":"136189715","osm_type":"way","boundary":"administrative","whitewater:section_grade":null,"foot":null,"admin_level":"6"},"geometry":{"type":"LineString","coordinates":[[8.4947444,50.0858662],[8.4950763,50.0859151],[8.494769,50.0844422],[8.4947596,50.0844042],[8.4948701,50.0843427],[8.4949801,50.0842811],[8.4958781,50.0837713],[8.4958792,50.0837707],[8.4959174,50.0837509],[8.4970823,50.0831454],[8.4975941,50.0828923],[8.4976501,50.0828646],[8.498632,50.0823789],[8.4987189,50.0823359],[8.4987698,50.0823107],[8.4987919,50.0822998],[8.4987075,50.0821167],[8.4987219,50.0820758],[8.4987298,50.0820686],[8.4987512,50.0820496],[8.4998836,50.0816028],[8.5001176,50.0815516],[8.5013578,50.0814667],[8.5015705,50.0814304],[8.5018379,50.0813657],[8.5018924,50.0813361],[8.5015405,50.0801929],[8.5014904,50.0801212],[8.5013512,50.0793049],[8.5013418,50.0792444],[8.501242,50.0786557],[8.501132,50.0779916],[8.5011197,50.0778049],[8.5010033,50.0773961],[8.5007467,50.0765501],[8.5007591,50.0764801],[8.5008531,50.0763539],[8.5009688,50.0761987],[8.5010056,50.0761497],[8.5013291,50.0762922],[8.5013627,50.076307],[8.5013633,50.0762323],[8.5013637,50.0761716],[8.5013642,50.0761124],[8.5013647,50.076054],[8.501365,50.0760198],[8.5013661,50.0758848],[8.5013664,50.0758452],[8.5013668,50.0757957],[8.5013676,50.0756957],[8.5013686,50.0755778],[8.5013686,50.0755565],[8.5013691,50.0755039],[8.5013698,50.0754238],[8.5015805,50.0753755],[8.5020079,50.0752773],[8.5020907,50.0752125],[8.5021031,50.0752028],[8.5021126,50.0751954],[8.5022417,50.0750944],[8.5022671,50.0750812],[8.5024849,50.0749676],[8.5025295,50.0749444],[8.5026695,50.0748714],[8.5027716,50.0748181],[8.5028836,50.0747627],[8.5029457,50.074732],[8.5030966,50.0746574],[8.5032069,50.0746028],[8.5032978,50.0745678],[8.5033708,50.0745397],[8.5035202,50.0744822],[8.5036697,50.0744247],[8.5037398,50.0743977],[8.5038276,50.0743703],[8.5039608,50.0743287],[8.5041304,50.0742757],[8.5042328,50.0742437],[8.5042961,50.074224],[8.5043616,50.0742035],[8.504491,50.0741631],[8.5046122,50.0741252],[8.5047328,50.0740876],[8.5048516,50.0740381],[8.5049705,50.0739887],[8.5051396,50.0739184],[8.5052714,50.0738636],[8.5055135,50.0737477],[8.5056037,50.0737045],[8.5056979,50.0736595],[8.5057898,50.0736155],[8.5058788,50.0735729],[8.5059562,50.0735358],[8.5060313,50.0734999],[8.5061041,50.073465],[8.5062297,50.0734049],[8.5062936,50.0733743],[8.5064202,50.0733137],[8.506548,50.0732525],[8.5066438,50.0732067],[8.5067486,50.0731565],[8.5068192,50.0731227],[8.5069687,50.0730512],[8.5070809,50.0729974],[8.5070789,50.0729959],[8.5070581,50.0729797],[8.5058319,50.0719841],[8.5058017,50.0719593],[8.5057854,50.0719459],[8.5059182,50.0718982],[8.506232,50.0717177],[8.5064949,50.0715257],[8.5071002,50.0712071],[8.5077618,50.0710288],[8.5084051,50.0706697],[8.5084991,50.0705971],[8.5086005,50.0705188],[8.5087731,50.0703171],[8.5091674,50.0699543],[8.5098542,50.0691561],[8.5099944,50.0690188],[8.5100858,50.0688812],[8.5104901,50.0684422],[8.5106745,50.0681708],[8.5109297,50.0678292]]}},
{"type":"Feature","properties":{"full_id":"w243630117","osm_id":"243630117","osm_type":"way","boundary":"administrative","whitewater:section_grade":null,"foot":null,"admin_level":"6"},"geometry":{"type":"LineString","coordinates":[[8.7847215,50.1399157],[8.7847403,50.1398622],[8.7847597,50.1398066],[8.7849032,50.1393975],[8.7849123,50.1393715],[8.7846719,50.1393223],[8.7844982,50.1392867],[8.7841772,50.1392145],[8.7840542,50.1391874],[8.7799533,50.1383329],[8.7799448,50.1382821],[8.7799254,50.138166],[8.7799211,50.1381387],[8.7799197,50.1381308],[8.7799108,50.1380814],[8.7799092,50.1380716],[8.7798999,50.138018],[8.7798896,50.1379591],[8.7798723,50.1378589],[8.779774,50.1372919]]}},
{"type":"Feature","properties":{"full_id":"w243928397","osm_id":"243928397","osm_type":"way","boundary":"administrative","whitewater:section_grade":null,"foot":null,"admin_level":"6"},"geometry":{"type":"LineString","coordinates":[[8.7154788,50.2258224],[8.7154924,50.2258091],[8.715612,50.2256945],[8.7163602,50.2242982],[8.7163988,50.22431],[8.7164085,50.2242982],[8.7186447,50.2249809],[8.7192268,50.2251586],[8.719385,50.2248606],[8.719518,50.2246102],[8.7195556,50.2244757],[8.720117,50.2233964],[8.7207313,50.222479],[8.7209346,50.2223325],[8.7212922,50.2220749],[8.7215084,50.2219263],[8.7215669,50.2219526],[8.7215856,50.2219367],[8.7218051,50.2217507],[8.7221177,50.2213417],[8.7222952,50.2213288],[8.7235778,50.2212346],[8.7236216,50.2211495],[8.7243403,50.2197545],[8.7268356,50.2191511],[8.7269044,50.2191257],[8.7272076,50.2190137],[8.7275392,50.2188905],[8.7285402,50.2185191],[8.7288533,50.2184028],[8.7295166,50.218199],[8.7305165,50.2178918],[8.7305981,50.2178669],[8.7311719,50.2176905],[8.7313261,50.2176429],[8.731387,50.2175716]]}},
{"type":"Feature","properties":{"full_id":"w243934817","osm_id":"243934817","osm_type":"way","boundary":"administrative","whitewater:section_grade":null,"foot":null,"admin_level":"6"},"geometry":{"type":"LineString","coordinates":[[8.7289883,50.2022938],[8.7289778,50.2023078],[8.729617,50.202588],[8.7292553,50.2030075],[8.7292845,50.2030191],[8.7296697,50.2031723],[8.7306947,50.2035802],[8.7306918,50.2036016],[8.7305935,50.2043387],[8.7305656,50.2045478],[8.7304729,50.2052422],[8.7304269,50.2052569],[8.7304673,50.2053104],[8.7305597,50.20534],[8.7306486,50.2053452],[8.7309255,50.2054275],[8.7314584,50.2060094],[8.7317423,50.2063196],[8.7316061,50.2065364],[8.7313678,50.2069158],[8.7311067,50.2073314],[8.7310841,50.2073673],[8.7314919,50.2074476],[8.7313791,50.2079587],[8.7312467,50.2085587],[8.7311858,50.2088317],[8.7310792,50.2093097],[8.7310056,50.2096393],[8.730909,50.2100734],[8.7307507,50.2107854],[8.7307053,50.2108041],[8.7307864,50.2108182],[8.7308856,50.2108126],[8.7328355,50.2110434],[8.7329154,50.2110527],[8.7334591,50.2111227],[8.7349084,50.2113084],[8.7349761,50.2112725],[8.734977,50.211363],[8.7349804,50.2116319]]}},
{"type":"Feature","properties":{"full_id":"w243934818","osm_id":"243934818","osm_type":"way","boundary":"administrative","whitewater:section_grade":null,"foot":null,"admin_level":"6"},"geometry":{"type":"LineString","coordinates":[[8.7674023,50.1795517],[8.7674699,50.1795635],[8.7686644,50.1797728],[8.7687862,50.1797941],[8.768856,50.1797976],[8.7709011,50.1798982],[8.7710633,50.1798936],[8.7711057,50.1798957],[8.7730889,50.1799948],[8.7731587,50.1799983],[8.7732844,50.1800045],[8.7753561,50.1801072],[8.7755037,50.1801145],[8.7757753,50.1801281],[8.7760667,50.1801426],[8.7762382,50.1801512],[8.7764382,50.1801611],[8.7766362,50.180171],[8.7769608,50.1801872],[8.7769818,50.1801882],[8.7770388,50.1801951],[8.7783752,50.1803546],[8.7785059,50.1803614],[8.7785629,50.1803682],[8.7786883,50.1803832],[8.7786309,50.1803548],[8.7784153,50.1799622],[8.778309,50.1797506],[8.7781263,50.1793868],[8.7780545,50.1792401],[8.7779778,50.1790833],[8.7777841,50.1788081],[8.7776644,50.1786755],[8.7776492,50.1783675],[8.7776446,50.1782743],[8.7777109,50.1782266],[8.7790984,50.1782068],[8.779101,50.1781259],[8.7791329,50.17711],[8.7791895,50.1771097],[8.7808126,50.1771024],[8.7808695,50.1771028],[8.7825067,50.1770961],[8.782551,50.177096],[8.7826073,50.1770957],[8.7829132,50.1769225],[8.7829444,50.1769049],[8.7832864,50.1767114],[8.7833217,50.1767084],[8.7833774,50.1767037],[8.7848538,50.1765814],[8.7850349,50.1765638],[8.7851003,50.1765574],[8.7852597,50.1765419],[8.7871498,50.1763579],[8.7874904,50.1763364],[8.7876311,50.1763275],[8.7876934,50.1763235],[8.7894531,50.1762119],[8.7899719,50.1761798]]}},
{"type":"Feature","properties":{"full_id":"w243934819","osm_id":"243934819","osm_type":"way","boundary":"administrative","whitewater:section_grade":null,"foot":null,"admin_level":"6"},"geometry":{"type":"LineString","coordinates":[[8.7054515,50.1917605],[8.7062073,50.1920811],[8.7073388,50.192561],[8.7082046,50.1929281],[8.7091605,50.1933335],[8.7114854,50.1943189],[8.7127598,50.19486],[8.7127957,50.1948752],[8.7128461,50.1948067],[8.713137,50.1946418],[8.7135052,50.1945759],[8.7137075,50.194555],[8.7140226,50.1944423],[8.7140751,50.1944236],[8.7157024,50.1952911],[8.7157403,50.1953114],[8.7158507,50.1952843],[8.7160398,50.1952379],[8.7160632,50.1952479],[8.7162902,50.1953437],[8.7165672,50.1954609],[8.7177106,50.1959476],[8.7177517,50.1959651],[8.7181074,50.1960605],[8.7184886,50.1961628],[8.7185343,50.1961751],[8.7188811,50.196424],[8.7189294,50.1964588],[8.7190505,50.1965457],[8.7190447,50.1966185],[8.719039,50.1966904],[8.7190491,50.1967166],[8.7199185,50.1989776],[8.7212523,50.199466],[8.7212895,50.1994796],[8.7217361,50.1996429],[8.7236971,50.2003598],[8.7237337,50.2003732],[8.7261574,50.2012592],[8.7289883,50.2022938]]}},
{"type":"Feature","properties":{"full_id":"w243934820","osm_id":"243934820","osm_type":"way","boundary":"administrative","whitewater:section_grade":null,"foot":null,"admin_level":"6"},"geometry":{"type":"LineString","coordinates":[[8.7227631,50.1638178],[8.7223226,50.1644312],[8.7221834,50.1645437],[8.7219134,50.1647619],[8.7218451,50.1648141],[8.721838,50.1648227],[8.7214848,50.165108],[8.7211472,50.1653808],[8.7210614,50.1654501],[8.7208734,50.1656343],[8.7206079,50.1658945],[8.720592,50.16591],[8.7204745,50.1660258],[8.7203586,50.1661384],[8.7203067,50.1661894],[8.7202405,50.1662544],[8.7202277,50.1662669],[8.7201832,50.1663107],[8.719988,50.1665023],[8.7199168,50.1666113],[8.7198742,50.1666765],[8.7196159,50.1670719],[8.7195943,50.167105],[8.7195288,50.1672053],[8.719121,50.1678298],[8.7190087,50.1680018],[8.7188913,50.1681815],[8.7187462,50.1684037],[8.7187079,50.1684623],[8.7186683,50.168523],[8.717939,50.1692063],[8.7178562,50.169284],[8.7167315,50.1696653],[8.7165508,50.1697129],[8.7151173,50.1700918],[8.7145867,50.1702314],[8.7142718,50.1707644],[8.714227,50.1708402],[8.7142236,50.170849],[8.7141095,50.1711443],[8.7140442,50.1713134],[8.7140199,50.1713385],[8.7139717,50.1713884],[8.713923,50.1714388],[8.7138741,50.1714893],[8.7138245,50.1715406],[8.713775,50.1715917],[8.7137267,50.1716418],[8.713668,50.1716618],[8.7135208,50.171712],[8.7134321,50.1717423],[8.7133425,50.1717729],[8.7132515,50.1718039],[8.7131599,50.1718352],[8.7130702,50.1718658],[8.7130534,50.1718715],[8.7129943,50.1719029],[8.7129214,50.1719418],[8.7128472,50.1719812],[8.7127749,50.1720197],[8.7127009,50.172059],[8.7125815,50.1721226],[8.712463,50.1721856],[8.7123891,50.1722249],[8.7123171,50.1722633],[8.7122446,50.1723019],[8.7121608,50.1723465],[8.7121493,50.1723571],[8.71199,50.1725049],[8.7118912,50.1725965],[8.7118869,50.1726039],[8.7116423,50.1730227],[8.7115845,50.1731221],[8.7115505,50.1731802],[8.7115172,50.1732376],[8.7115167,50.1732382],[8.7114714,50.1732922],[8.7114261,50.1733462],[8.7113817,50.1733993],[8.7113373,50.1734522],[8.711259,50.1735453],[8.7109508,50.1739134],[8.7108347,50.1740031],[8.7108053,50.1740263]]}},
{"type":"Feature","properties":{"full_id":"w244037753","osm_id":"244037753","osm_type":"way","boundary":"administrative","whitewater:section_grade":null,"foot":null,"admin_level":"9"},"geometry":{"type":"LineString","coordinates":[[8.7054515,50.1917605],[8.7012238,50.1942673],[8.698512,50.1957311],[8.6975254,50.1960906],[8.6960481,50.1967333],[8.6944798,50.1975204],[8.6930044,50.1988101],[8.6922425,50.1992625],[8.6918053,50.1996307],[8.6903341,50.2005194]]}},
{"type":"Feature","properties":{"full_id":"w244037754","osm_id":"244037754","osm_type":"way","boundary":"administrative","whitewater:section_grade":null,"foot":null,"admin_level":"6"},"geometry":{"type":"LineString","coordinates":[[8.6819195,50.2124398],[8.6819555,50.2124675],[8.6839781,50.2140235],[8.6840997,50.214117],[8.684507,50.2144303],[8.6848795,50.2147168],[8.6854663,50.2151682],[8.6855538,50.2151712],[8.6869259,50.2138679],[8.686961,50.2138838],[8.6870182,50.2139098],[8.6904681,50.2154729],[8.6905254,50.2154988],[8.6905844,50.2155659],[8.691483,50.2165897],[8.6915084,50.2166186],[8.6915538,50.2165957],[8.6920315,50.2163547],[8.6927178,50.2159573],[8.6929267,50.215808],[8.6929606,50.2158353],[8.6930462,50.2159038],[8.6930564,50.215912],[8.6935956,50.2163462],[8.694088,50.2167422],[8.6940998,50.2167517],[8.6947867,50.2163855],[8.6951711,50.2161966],[8.6972521,50.216774],[8.6976501,50.2168843],[8.6976683,50.2168893],[8.6976924,50.216896],[8.6977672,50.2169168],[8.6978483,50.2169394],[8.6983534,50.2170798],[8.6986085,50.2168889],[8.6988623,50.2170237],[8.6989278,50.2170589],[8.6990752,50.2171382],[8.6990914,50.2171469],[8.6994414,50.2173353],[8.7005811,50.2179477],[8.7006008,50.217959],[8.7013957,50.2172585],[8.7017501,50.2170877],[8.703931,50.2181626],[8.7039641,50.2181788],[8.7046639,50.2185239],[8.7057742,50.2190697],[8.7057133,50.2191193],[8.7055675,50.2192376],[8.705552,50.2192502],[8.70567,50.2193132],[8.7075864,50.2203363],[8.7085384,50.2208593],[8.7095127,50.2213848],[8.7095451,50.2214025],[8.7097291,50.2215018],[8.7111486,50.2222158],[8.7103556,50.2227987],[8.7103142,50.2227994],[8.7100014,50.2243487],[8.7099209,50.2247471],[8.7098582,50.2250581],[8.7096805,50.2259378],[8.7096547,50.2259972],[8.7093379,50.2270538],[8.7092821,50.2271424],[8.7093818,50.2271414],[8.7123052,50.2271123],[8.7123607,50.2271118]]}},
{"type":"Feature","properties":{"full_id":"w244037755","osm_id":"244037755","osm_type":"way","boundary":"administrative","whitewater:section_grade":null,"foot":null,"admin_level":"6"},"geometry":{"type":"LineString","coordinates":[[8.7019888,50.1804801],[8.7020517,50.1805868],[8.7020615,50.1806035],[8.702063,50.1806059],[8.7020893,50.1806503],[8.7032356,50.1825944],[8.7032604,50.1826364],[8.704478,50.1847013],[8.7044879,50.1847181],[8.7046545,50.1846599],[8.7067049,50.1839437],[8.7074491,50.1838218],[8.7075642,50.183803],[8.7075914,50.1837985],[8.7076022,50.1838134],[8.7085722,50.1851435],[8.7085964,50.1851768],[8.7094577,50.1863584],[8.7102993,50.1875127],[8.7103337,50.1875595],[8.7110149,50.1884857],[8.7110276,50.1885029],[8.7071289,50.1907799],[8.7054704,50.1917494],[8.7054515,50.1917605]]}},
{"type":"Feature","properties":{"full_id":"w247730025","osm_id":"247730025","osm_type":"way","boundary":"administrative","whitewater:section_grade":null,"foot":null,"admin_level":"6"},"geometry":{"type":"LineString","coordinates":[[8.782369,50.1435943],[8.7823886,50.1433813],[8.7824257,50.1429467],[8.7824285,50.1429158],[8.782435,50.1428406],[8.7824639,50.1425075],[8.7825108,50.1424524],[8.782527,50.1424334],[8.7825978,50.1423503],[8.7827065,50.1422201],[8.7827424,50.1421734],[8.7827621,50.1421502],[8.7828023,50.1421026],[8.7828398,50.1420643],[8.7832127,50.1415397],[8.7834758,50.1412425],[8.7835867,50.1411171],[8.7835928,50.1411109],[8.7841642,50.1407116],[8.7843898,50.1405513],[8.7845759,50.1402236],[8.7846742,50.1400508],[8.784713,50.1399399],[8.7847215,50.1399157]]}},
{"type":"Feature","properties":{"full_id":"w247730042","osm_id":"247730042","osm_type":"way","boundary":"administrative","whitewater:section_grade":null,"foot":null,"admin_level":"6"},"geometry":{"type":"LineString","coordinates":[[8.7456945,50.1154062],[8.7440971,50.1151878]]}},
{"type":"Feature","properties":{"full_id":"w247730060","osm_id":"247730060","osm_type":"way","boundary":"administrative","whitewater:section_grade":null,"foot":null,"admin_level":"9"},"geometry":{"type":"LineString","coordinates":[[8.7456945,50.1154062],[8.7454606,50.116248],[8.7479628,50.1221695],[8.7456359,50.12287],[8.745395,50.1231231],[8.7443581,50.1242261],[8.7463308,50.1249609],[8.7434535,50.1259127]]}},
{"type":"Feature","properties":{"full_id":"w247791374","osm_id":"247791374","osm_type":"way","boundary":"administrative","whitewater:section_grade":null,"foot":null,"admin_level":"6"},"geometry":{"type":"LineString","coordinates":[[8.7693017,50.1319807],[8.7691754,50.131644],[8.7690859,50.1312931],[8.768926,50.1296855],[8.7690125,50.1289352],[8.7693691,50.127983],[8.7697227,50.1272173],[8.7700148,50.1267461],[8.7707122,50.1258532],[8.7715439,50.1249412],[8.7723226,50.1242193],[8.7732573,50.1228927],[8.7748609,50.1213283],[8.7760129,50.1202943],[8.7786542,50.1184464],[8.7790143,50.1181529],[8.7797665,50.1171931],[8.7807503,50.1151447],[8.7808841,50.1145806],[8.7809438,50.1135781],[8.78095,50.1131358],[8.7808201,50.1126984],[8.7805921,50.1120654],[8.7803738,50.1116993],[8.7798147,50.1110552],[8.7791655,50.1105302],[8.7782635,50.1100183],[8.776732,50.1092842],[8.7757126,50.108877]]}},
{"type":"Feature","properties":{"full_id":"w247801962","osm_id":"247801962","osm_type":"way","boundary":"administrative","whitewater:section_grade":null,"foot":null,"admin_level":"6"},"geometry":{"type":"LineString","coordinates":[[8.7445954,50.1017172],[8.7447161,50.1012747],[8.7454946,50.100713],[8.7454243,50.1006023],[8.7455475,50.1003717],[8.7460008,50.1002452],[8.746278,50.1000968],[8.7469451,50.0998986],[8.7472912,50.0997493],[8.7476344,50.0995403]]}},
{"type":"Feature","properties":{"full_id":"w247801964","osm_id":"247801964","osm_type":"way","boundary":"administrative","whitewater:section_grade":null,"foot":null,"admin_level":"10"},"geometry":{"type":"LineString","coordinates":[[8.7173794,50.1063399],[8.7182345,50.1024333],[8.7141724,50.1011894],[8.7145219,50.0993985]]}},
{"type":"Feature","properties":{"full_id":"w247806608","osm_id":"247806608","osm_type":"way","boundary":"administrative","whitewater:section_grade":null,"foot":null,"admin_level":"9"},"geometry":{"type":"LineString","coordinates":[[8.6903341,50.2005194],[8.6887241,50.201549],[8.6814609,50.2098394],[8.6827418,50.2104566],[8.6810998,50.2118523],[8.6819195,50.2124398]]}},
{"type":"Feature","properties":{"full_id":"w247806609","osm_id":"247806609","osm_type":"way","boundary":"administrative","whitewater:section_grade":null,"foot":null,"admin_level":"9"},"geometry":{"type":"LineString","coordinates":[[8.697703,50.1801736],[8.6970164,50.1795552],[8.6974382,50.1789456],[8.6974382,50.1787258],[8.6966872,50.1785746],[8.6951367,50.1790413],[8.6942805,50.1784009],[8.6941947,50.1779681],[8.6946239,50.1772604],[8.6949261,50.1768805],[8.6949263,50.1766455],[8.6948277,50.1763878],[8.6943342,50.1760442],[8.6938943,50.1759686],[8.693028,50.175958],[8.6926259,50.175888],[8.6922781,50.1757429],[8.6920682,50.175582],[8.6919018,50.1753495],[8.6913301,50.1739647],[8.6904709,50.1727294],[8.6899193,50.1722027],[8.6885844,50.1712643],[8.6881163,50.1710671],[8.6876632,50.1709538],[8.687285,50.170928],[8.6868612,50.1709846],[8.6864475,50.1711324],[8.6861722,50.1713236]]}},
{"type":"Feature","properties":{"full_id":"w247811768","osm_id":"247811768","osm_type":"way","boundary":"administrative","whitewater:section_grade":null,"foot":null,"admin_level":"6"},"geometry":{"type":"LineString","coordinates":[[8.6691258,50.2169527],[8.6711895,50.2161489],[8.6724788,50.2171434],[8.6724967,50.2171572],[8.6730283,50.2168873],[8.6744515,50.2161647],[8.6754363,50.2157025],[8.6771125,50.214915],[8.6773212,50.2147961],[8.6773624,50.2147762],[8.6798458,50.2135709],[8.6800036,50.2134943],[8.680059,50.2134674],[8.6802072,50.213386],[8.6802547,50.2133599],[8.6818823,50.2124597],[8.6819195,50.2124398]]}},
{"type":"Feature","properties":{"full_id":"w247993385","osm_id":"247993385","osm_type":"way","boundary":"administrative","whitewater:section_grade":null,"foot":null,"admin_level":"9"},"geometry":{"type":"LineString","coordinates":[[8.6455888,50.2009328],[8.6474335,50.1997832],[8.6502677,50.1973778],[8.6569852,50.1899263],[8.6572055,50.18964],[8.65746,50.1892588],[8.6576888,50.1888581],[8.6578803,50.188444],[8.6580017,50.1880299],[8.6580695,50.1877118],[8.6581126,50.187404]]}},
{"type":"Feature","properties":{"full_id":"w247993386","osm_id":"247993386","osm_type":"way","boundary":"administrative","whitewater:section_grade":null,"foot":null,"admin_level":"9"},"geometry":{"type":"LineString","coordinates":[[8.6711429,50.1865714],[8.6785769,50.1918813],[8.6809695,50.192472],[8.6811089,50.192879],[8.6818385,50.1929735],[8.681699,50.1943335],[8.6903341,50.2005194]]}},
{"type":"Feature","properties":{"full_id":"w247993387","osm_id":"247993387","osm_type":"way","boundary":"administrative","whitewater:section_grade":null,"foot":null,"admin_level":"9"},"geometry":{"type":"LineString","coordinates":[[8.6581126,50.187404],[8.6599071,50.1873829],[8.6603601,50.1870549],[8.6605069,50.1871931],[8.6605324,50.187966],[8.6617039,50.1879633],[8.6617037,50.187454],[8.6618653,50.1873313],[8.6619359,50.1873631],[8.6620244,50.187388],[8.6621097,50.1874033],[8.6629343,50.1874894],[8.6630697,50.1875143],[8.663172,50.1875486],[8.6632534,50.1875942],[8.6633299,50.1876474],[8.6634332,50.1877367],[8.663639,50.1879541],[8.6651985,50.1872211],[8.6659893,50.1872155],[8.666086,50.1875242],[8.6667539,50.1878762],[8.6682861,50.1866594],[8.6696448,50.1876867],[8.6711429,50.1865714]]}},
{"type":"Feature","properties":{"full_id":"w247993388","osm_id":"247993388","osm_type":"way","boundary":"administrative","whitewater:section_grade":null,"foot":null,"admin_level":"6"},"geometry":{"type":"LineString","coordinates":[[8.6455888,50.2009328],[8.6452117,50.2012207],[8.6449037,50.201539],[8.6443428,50.2019819],[8.6439728,50.2020869],[8.6433603,50.2023551],[8.6440446,50.2025945],[8.6440697,50.2026033],[8.6441999,50.2026488],[8.6442253,50.2026577],[8.6442613,50.2026703],[8.6442868,50.2026792],[8.644366,50.2027069],[8.6456569,50.2031586],[8.6457183,50.2031801],[8.6458061,50.2032448],[8.6475181,50.2045079],[8.647659,50.2046118],[8.648459,50.205202],[8.6506707,50.2068363],[8.6507542,50.206898],[8.6508163,50.206889],[8.6522108,50.206688],[8.652787,50.2066049],[8.6532772,50.2065718],[8.6537726,50.2065385],[8.6540067,50.2065227],[8.6540674,50.2065186],[8.6541403,50.2065137],[8.6542053,50.2065093],[8.6542466,50.2065336],[8.6554914,50.2072683],[8.6560123,50.2076905],[8.6570286,50.2083907],[8.657148,50.2084987],[8.6571822,50.2085297],[8.6572166,50.2085607],[8.6578121,50.2090986],[8.6578602,50.2091511],[8.6580885,50.2093935],[8.6581198,50.2094269],[8.6581289,50.2094345],[8.6582649,50.209549],[8.6582733,50.2095561],[8.6586593,50.2092004],[8.6587001,50.2091637],[8.6587441,50.2091239],[8.658757,50.2091121],[8.6588127,50.2090619],[8.6588801,50.2090009],[8.6589231,50.2089621],[8.6590341,50.2088619],[8.6593125,50.2086103],[8.6594477,50.2084881],[8.6595358,50.2083855],[8.6595948,50.208303],[8.6599229,50.2085875],[8.6599464,50.2086079],[8.6601751,50.2087881],[8.6602103,50.2088222],[8.660245,50.2088457],[8.6609364,50.2094103],[8.661019,50.2094778],[8.6611175,50.2095575],[8.66117,50.2096001],[8.6619682,50.210247],[8.6620164,50.2102859],[8.6620442,50.210309],[8.6624792,50.210661],[8.6625472,50.2107157],[8.6625652,50.2107303],[8.6631714,50.2112212],[8.6633858,50.2113944],[8.6636855,50.2116365],[8.6637075,50.2116546],[8.6637978,50.2117286],[8.6640162,50.2116643],[8.6642251,50.2118207],[8.6642427,50.2118338],[8.6642722,50.2118559],[8.664648,50.2121228],[8.6645826,50.2121635],[8.6646021,50.2121805],[8.6652212,50.2127306],[8.6652418,50.2127489],[8.6660484,50.213466],[8.6660905,50.2135137],[8.666747,50.2142577],[8.666812,50.2143315],[8.6670857,50.2146416],[8.6677975,50.2154482],[8.6678718,50.21553],[8.6690791,50.2168994],[8.6691258,50.2169527]]}},
{"type":"Feature","properties":{"full_id":"w247993393","osm_id":"247993393","osm_type":"way","boundary":"administrative","whitewater:section_grade":null,"foot":null,"admin_level":"6"},"geometry":{"type":"LineString","coordinates":[[8.6231236,50.1885534],[8.6229345,50.188421],[8.6226811,50.1882437],[8.622249,50.1879265],[8.6215679,50.1873742],[8.6208744,50.1867944],[8.6201214,50.1861303],[8.6199248,50.1859473],[8.6195969,50.1856426],[8.6190933,50.1851441],[8.6186173,50.1846425],[8.6185267,50.1846274],[8.6184648,50.1846172]]}},
{"type":"Feature","properties":{"full_id":"w247993394","osm_id":"247993394","osm_type":"way","boundary":"administrative","whitewater:section_grade":null,"foot":null,"admin_level":"9"},"geometry":{"type":"LineString","coordinates":[[8.6581126,50.187404],[8.6581219,50.1868892],[8.6580787,50.1864591],[8.6579832,50.1860665],[8.6578477,50.1856463],[8.6576382,50.1852083],[8.657121,50.1843757],[8.6565501,50.1838463],[8.6546539,50.1825337],[8.6539365,50.1821744],[8.6538422,50.1821058],[8.6543686,50.1818341],[8.6545729,50.1817737],[8.6550011,50.1816586],[8.6556572,50.1814964],[8.6563589,50.1812704],[8.6565589,50.181162],[8.6566889,50.1810798],[8.6574709,50.1805669],[8.6577797,50.1803989],[8.6586282,50.1798845],[8.6582081,50.1797047],[8.658259,50.1796032],[8.6584378,50.179431],[8.659239,50.1788593],[8.6598642,50.1784433],[8.6620023,50.1767582]]}},
{"type":"Feature","properties":{"full_id":"w248003281","osm_id":"248003281","osm_type":"way","boundary":"administrative","whitewater:section_grade":null,"foot":null,"admin_level":"9"},"geometry":{"type":"LineString","coordinates":[[8.6523502,50.1712686],[8.6513536,50.1716811],[8.6503044,50.1722527],[8.6499525,50.1724776],[8.6494939,50.1728203],[8.6486953,50.1736194],[8.6483094,50.1742268],[8.6479865,50.1747819],[8.6476966,50.1756744],[8.6476371,50.1767388],[8.6476285,50.176892],[8.6468932,50.1765991],[8.6443301,50.1755782],[8.6401925,50.1739458],[8.6400965,50.1739032],[8.6397058,50.1737218],[8.6391386,50.1733167],[8.6362634,50.1707843],[8.6356787,50.1710608],[8.6353888,50.171406],[8.6353601,50.1717971],[8.6354866,50.1722918],[8.635593,50.1727716],[8.6353815,50.1732713],[8.6349061,50.1736349],[8.6328629,50.1749708],[8.6303456,50.1768782],[8.6282901,50.175469],[8.6265803,50.1742102],[8.6251475,50.1727681],[8.6172061,50.1746578],[8.6140631,50.1767957],[8.617851,50.183515],[8.6177381,50.1837041],[8.6184648,50.1846172]]}},
{"type":"Feature","properties":{"full_id":"w248003286","osm_id":"248003286","osm_type":"way","boundary":"administrative","whitewater:section_grade":null,"foot":null,"admin_level":"6"},"geometry":{"type":"LineString","coordinates":[[8.6184648,50.1846172],[8.6181394,50.1845638],[8.6176582,50.1844536],[8.6173186,50.1843549],[8.6171965,50.184312],[8.6170123,50.1842474],[8.6169618,50.1842296],[8.6163189,50.18393],[8.6162943,50.1839186],[8.6161305,50.1838364],[8.6153048,50.1834222],[8.6152492,50.1833949],[8.6151938,50.1833675]]}},
{"type":"Feature","properties":{"full_id":"w248003288","osm_id":"248003288","osm_type":"way","boundary":"administrative","whitewater:section_grade":null,"foot":null,"admin_level":"9"},"geometry":{"type":"LineString","coordinates":[[8.6022175,50.1561584],[8.6039222,50.1557133],[8.6052243,50.1557133],[8.6058633,50.1555048],[8.6060325,50.1553573],[8.6061647,50.1552421],[8.6065144,50.1551262],[8.6069243,50.1553116],[8.6076415,50.1554815],[8.6092753,50.155049],[8.6097697,50.1551494],[8.6103595,50.1550969],[8.6112303,50.1546988],[8.6119751,50.1546806],[8.613447,50.1544619],[8.6150565,50.1542965],[8.6152332,50.154265],[8.6152928,50.1542544],[8.6181302,50.1537483],[8.6200759,50.1533312],[8.6206533,50.1532597],[8.6213485,50.1532652],[8.6223183,50.1530953],[8.6230855,50.1531754],[8.6227215,50.153938],[8.6224699,50.1546527],[8.6224699,50.1557079],[8.6224746,50.1561519],[8.6223038,50.1567236],[8.6219968,50.1575024],[8.622934,50.1576733],[8.6252654,50.1580779],[8.6264038,50.1582877],[8.6261302,50.1588576],[8.6285334,50.1593232],[8.6315497,50.159954]]}},
{"type":"Feature","properties":{"full_id":"w248017394","osm_id":"248017394","osm_type":"way","boundary":"administrative","whitewater:section_grade":null,"foot":null,"admin_level":"6"},"geometry":{"type":"LineString","coordinates":[[8.6022175,50.1561584],[8.6020944,50.1560915],[8.6020866,50.1560725],[8.602077,50.1560491],[8.6020699,50.1560319],[8.6021409,50.1559474],[8.6020046,50.1556244],[8.6017709,50.1550713],[8.6012492,50.1542053],[8.6007879,50.153338],[8.6002901,50.1524634],[8.6002834,50.1522651],[8.6001959,50.152087],[8.6000746,50.1519939],[8.5996141,50.1511561],[8.5991497,50.1503143],[8.5987179,50.1495315],[8.5982211,50.1486307],[8.5977297,50.1477618],[8.5972755,50.1469405],[8.5968166,50.1460962],[8.5968056,50.1460794],[8.5962934,50.1452923],[8.5958916,50.1446205],[8.5954777,50.1439285],[8.5952101,50.1434811],[8.5950809,50.1432636],[8.5949932,50.1432099]]}},
{"type":"Feature","properties":{"full_id":"w248017395","osm_id":"248017395","osm_type":"way","boundary":"administrative","whitewater:section_grade":null,"foot":null,"admin_level":"9"},"geometry":{"type":"LineString","coordinates":[[8.6355863,50.1491622],[8.6376008,50.1491843],[8.6388308,50.1491949],[8.6394744,50.1493053],[8.6403625,50.1495431],[8.6409716,50.1497947],[8.641383,50.150048],[8.6416736,50.1502689],[8.642079,50.1506722],[8.64431,50.1529789],[8.6452244,50.1535661],[8.645872,50.1537767],[8.6470417,50.1540768]]}},
{"type":"Feature","properties":{"full_id":"w248017396","osm_id":"248017396","osm_type":"way","boundary":"administrative","whitewater:section_grade":null,"foot":null,"admin_level":"10"},"geometry":{"type":"LineString","coordinates":[[8.6315497,50.159954],[8.6335695,50.1606662],[8.634409,50.160833],[8.6341903,50.1622642],[8.6344001,50.1640471],[8.634278,50.1643587],[8.634072,50.1650387],[8.6334192,50.1660895],[8.6380275,50.1665824],[8.6390529,50.1664644],[8.6396508,50.1662639],[8.6404026,50.1663283],[8.6405631,50.1668368],[8.641659,50.1672572],[8.6433258,50.1676807],[8.6443043,50.1672493],[8.6448389,50.1674781],[8.6464774,50.167528],[8.6470791,50.1673318],[8.6475568,50.1670829],[8.6504964,50.1649721]]}},
{"type":"Feature","properties":{"full_id":"w248017397","osm_id":"248017397","osm_type":"way","boundary":"administrative","whitewater:section_grade":null,"foot":null,"admin_level":"9"},"geometry":{"type":"LineString","coordinates":[[8.6315497,50.159954],[8.631743,50.1595833],[8.6316441,50.1593445],[8.631195,50.1589795],[8.6310087,50.158685],[8.6310639,50.1584298],[8.6313652,50.1579783],[8.6322038,50.1566454],[8.6313885,50.1562728],[8.6306622,50.1558817],[8.630087,50.1555947],[8.6291849,50.1552431],[8.6282009,50.1549355],[8.6278154,50.1548247],[8.6263745,50.1543836],[8.6281169,50.1520508],[8.6265275,50.151485],[8.6270303,50.1506328],[8.6279957,50.1507451],[8.6279422,50.1490523],[8.6355863,50.1491622]]}},
{"type":"Feature","properties":{"full_id":"w248017398","osm_id":"248017398","osm_type":"way","boundary":"administrative","whitewater:section_grade":null,"foot":null,"admin_level":"10"},"geometry":{"type":"LineString","coordinates":[[8.5949932,50.1432099],[8.5971478,50.141218],[8.5988567,50.1397388],[8.6010004,50.1377719],[8.602594,50.136337],[8.6032268,50.1356791],[8.6040412,50.134488],[8.6048565,50.1319035],[8.6076746,50.1316766],[8.6104628,50.131874],[8.6124424,50.1323521],[8.6137817,50.1327804],[8.615995,50.1334883],[8.6170686,50.1338636],[8.6158579,50.135285],[8.6160776,50.1354271],[8.6161188,50.136023],[8.6167824,50.1359816],[8.6176805,50.1361367],[8.618168,50.1362478]]}},
{"type":"Feature","properties":{"full_id":"w248017399","osm_id":"248017399","osm_type":"way","boundary":"administrative","whitewater:section_grade":null,"foot":null,"admin_level":"9"},"geometry":{"type":"LineString","coordinates":[[8.6504964,50.1649721],[8.649967,50.1672063],[8.6500777,50.1676539],[8.650174,50.1678096],[8.6508368,50.1682994],[8.6511785,50.168786],[8.6518153,50.1700304],[8.6523502,50.1712686]]}},
{"type":"Feature","properties":{"full_id":"w248028792","osm_id":"248028792","osm_type":"way","boundary":"administrative","whitewater:section_grade":null,"foot":null,"admin_level":"9"},"geometry":{"type":"LineString","coordinates":[[8.7230075,50.1634759],[8.7202597,50.1634077],[8.7169736,50.1630017],[8.7116657,50.1613988]]}},
{"type":"Feature","properties":{"full_id":"w248028793","osm_id":"248028793","osm_type":"way","boundary":"administrative","whitewater:section_grade":null,"foot":null,"admin_level":"9"},"geometry":{"type":"LineString","coordinates":[[8.6861722,50.1713236],[8.6859541,50.171566],[8.6858215,50.1717908],[8.68566,50.1720986],[8.6853971,50.1723681],[8.6846165,50.1729487],[8.6842035,50.1733644],[8.6837314,50.1738179],[8.6820795,50.1746292],[8.6813714,50.1748375],[8.6809116,50.1748769],[8.679751,50.1748091],[8.6779244,50.1750548],[8.6773129,50.1752729],[8.6764197,50.1758329],[8.6748969,50.1764665],[8.6740494,50.1770955],[8.6727585,50.1775266],[8.6717757,50.1777897]]}},
{"type":"Feature","properties":{"full_id":"w262989543","osm_id":"262989543","osm_type":"way","boundary":"administrative","whitewater:section_grade":null,"foot":null,"admin_level":"6"},"geometry":{"type":"LineString","coordinates":[[8.7440971,50.1151878],[8.7426504,50.1147339],[8.7412916,50.1143099],[8.7405317,50.1139479],[8.7387629,50.113108],[8.7374229,50.1122463]]}},
{"type":"Feature","properties":{"full_id":"w263982620","osm_id":"263982620","osm_type":"way","boundary":"administrative","whitewater:section_grade":null,"foot":null,"admin_level":"6"},"geometry":{"type":"LineString","coordinates":[[8.5073008,50.1155021],[8.5066205,50.1148856],[8.5066167,50.1148821],[8.5065469,50.1148197],[8.5065543,50.1148184],[8.5065518,50.1148102],[8.5064623,50.1147342],[8.5055845,50.1139905],[8.5051878,50.1136544]]}},
{"type":"Feature","properties":{"full_id":"w263982621","osm_id":"263982621","osm_type":"way","boundary":"administrative","whitewater:section_grade":null,"foot":null,"admin_level":"6"},"geometry":{"type":"LineString","coordinates":[[8.5051878,50.1136544],[8.5050611,50.1135471],[8.5045598,50.1131224],[8.5041176,50.1127474],[8.5039875,50.1126372],[8.5038532,50.1125233]]}},
{"type":"Feature","properties":{"full_id":"w265929917","osm_id":"265929917","osm_type":"way","boundary":"administrative","whitewater:section_grade":null,"foot":null,"admin_level":"6"},"geometry":{"type":"LineString","coordinates":[[8.6950072,50.0581853],[8.6952702,50.0581993],[8.6953257,50.0582022],[8.6962884,50.0582198],[8.6964421,50.0582229],[8.697289,50.0582387],[8.6974318,50.0582414],[8.6986262,50.0582902],[8.6986419,50.0582908],[8.698846,50.0582981]]}},
{"type":"Feature","properties":{"full_id":"w265929921","osm_id":"265929921","osm_type":"way","boundary":"administrative","whitewater:section_grade":null,"foot":null,"admin_level":"6"},"geometry":{"type":"LineString","coordinates":[[8.6776925,50.0571105],[8.677728,50.0571214],[8.6777632,50.0571323],[8.6780789,50.05723],[8.6785894,50.0573345],[8.6797906,50.0575808],[8.6809917,50.0578184],[8.6823748,50.0580912],[8.6825132,50.0581029],[8.682571,50.0581078],[8.6835162,50.0581882],[8.6836543,50.0582],[8.685874,50.058133],[8.686242,50.0581223],[8.6863069,50.0581234],[8.6863385,50.058124],[8.686388,50.0581249],[8.6875266,50.058146],[8.6884218,50.0581365],[8.6885629,50.0581349],[8.6887897,50.0581546],[8.6900557,50.0582645],[8.6902116,50.0582781],[8.6905974,50.0582725],[8.6910181,50.0582663]]}},
{"type":"Feature","properties":{"full_id":"w278509501","osm_id":"278509501","osm_type":"way","boundary":"administrative","whitewater:section_grade":null,"foot":null,"admin_level":"6"},"geometry":{"type":"LineString","coordinates":[[8.7280745,50.1063913],[8.7285528,50.106088],[8.7289897,50.1058695],[8.7292674,50.1057481],[8.7298175,50.1055413],[8.7302967,50.1053988],[8.730673,50.1053076],[8.7313574,50.1051833],[8.7320652,50.1051187],[8.7326217,50.1051171],[8.7330573,50.1051227],[8.7379942,50.1053265],[8.7380552,50.104685]]}},
{"type":"Feature","properties":{"full_id":"w291431697","osm_id":"291431697","osm_type":"way","boundary":"administrative","whitewater:section_grade":null,"foot":null,"admin_level":"10"},"geometry":{"type":"LineString","coordinates":[[8.510836,50.1023686],[8.5093729,50.1013968],[8.5093385,50.1013739],[8.5092826,50.1013368],[8.5092203,50.1012955],[8.5091289,50.1012348],[8.5090608,50.1011895],[8.5090219,50.1011638],[8.5089607,50.101123],[8.5089198,50.1010959],[8.508735,50.1009731],[8.5086402,50.1009071],[8.5085323,50.1008319],[8.5084545,50.1007778],[8.5080973,50.100529],[8.5080339,50.1004848],[8.5075954,50.1001826],[8.5075666,50.1001627],[8.5075633,50.1001604],[8.5075315,50.1001385],[8.5070199,50.0997859],[8.5072279,50.0997161],[8.5074942,50.0996266],[8.5076338,50.0995798],[8.5077091,50.0995541],[8.5074185,50.0992736],[8.5073797,50.0992362],[8.5072015,50.0990641],[8.5071064,50.0989724],[8.5070105,50.0988799],[8.5069149,50.0987877],[8.50684,50.0987153],[8.5068102,50.0986952],[8.5069365,50.098579],[8.507071,50.0984633],[8.5071931,50.0983581],[8.5071609,50.0983431],[8.5067028,50.0981301],[8.5064352,50.0980055],[8.5057788,50.0977002],[8.5059938,50.097504],[8.5060253,50.0974753],[8.5061679,50.0973143],[8.5061843,50.0972987],[8.5062088,50.0972858],[8.5062378,50.0972776],[8.5062684,50.0972746],[8.5062133,50.0972763],[8.5062016,50.0972763],[8.5061275,50.0972767],[8.5061195,50.0972766],[8.5062536,50.097122],[8.5061485,50.0971235],[8.5060519,50.0971247],[8.5059129,50.0971214],[8.505869,50.0971201],[8.505856,50.0971192],[8.505827,50.0971138],[8.5058085,50.0971061],[8.5057829,50.0970891],[8.505767,50.0970671],[8.5057636,50.0970407],[8.5057893,50.0968614],[8.5058071,50.0966817],[8.5058101,50.0965004],[8.5058055,50.0963201],[8.5057956,50.0962432],[8.5057834,50.0961492],[8.5057767,50.0960839],[8.5057674,50.0960219],[8.5057589,50.0959592],[8.5057501,50.0959053],[8.5057095,50.0957502],[8.5056627,50.0956245],[8.5056087,50.0955038],[8.5056068,50.0954999],[8.505568,50.09543],[8.505527,50.0953616],[8.5054839,50.0952939],[8.5054382,50.0952272],[8.5053568,50.0951252],[8.5052673,50.0950238],[8.5052332,50.0949906],[8.5052159,50.0949725],[8.5051367,50.0948982],[8.5050543,50.0948251],[8.5049662,50.0947556],[8.5048733,50.0946864],[8.504821,50.0946501],[8.5041485,50.0941917],[8.5040718,50.0941394],[8.5039708,50.0940705],[8.5039326,50.0940445],[8.503894,50.0940182],[8.5038319,50.0939758],[8.5037705,50.093934],[8.5036767,50.0938701],[8.5035157,50.0937543],[8.5034759,50.0937256],[8.5033885,50.0936576],[8.5033043,50.0935887],[8.5032737,50.0935628],[8.5032123,50.093511],[8.503154,50.0934567],[8.5031018,50.0934091],[8.503053,50.0933597],[8.5029789,50.0932835],[8.502794,50.0930748],[8.5027758,50.0930534],[8.5026476,50.0928938],[8.5024174,50.0926069],[8.5022169,50.0923571],[8.5022109,50.0923481],[8.5022047,50.0923268],[8.5022085,50.0923053],[8.5022227,50.0922848],[8.5022459,50.0922682],[8.5022611,50.0922614],[8.5021673,50.0922953],[8.5019716,50.0923653],[8.501913,50.0922922],[8.5019084,50.0922855],[8.5018726,50.0922372],[8.5018668,50.0922233],[8.5018582,50.0922102],[8.5015821,50.0918888],[8.5016078,50.0918796],[8.5014808,50.0917087],[8.5014393,50.0916522],[8.5015142,50.0916241],[8.5016101,50.091588],[8.5015984,50.091574],[8.5015464,50.0915118],[8.5015079,50.0914673],[8.5014805,50.0914356],[8.501472,50.0914256],[8.5014181,50.09136],[8.5013591,50.0912857],[8.501309,50.0912251],[8.5012966,50.0912102],[8.5012525,50.0911569],[8.5012342,50.0911348],[8.5011966,50.0910892],[8.50117,50.0910571],[8.5011081,50.0909822],[8.5010437,50.0909052],[8.5009604,50.0908056],[8.5009375,50.0907783],[8.500904,50.0907328],[8.5008987,50.0907316],[8.5008401,50.0906587],[8.5007951,50.0906027],[8.5007505,50.0905472],[8.5007018,50.0904867],[8.5006551,50.0904278],[8.5006075,50.0903679],[8.5005583,50.0903059],[8.5004666,50.0901905],[8.5003767,50.0900748],[8.5003317,50.0900168],[8.5002442,50.0899041],[8.5001769,50.0898174],[8.5001077,50.0897283],[8.5000427,50.0896446],[8.4999744,50.0895566],[8.4998741,50.0894274],[8.49986,50.0894093],[8.4998435,50.089388],[8.4997959,50.0893973],[8.4994882,50.0894571],[8.4986193,50.0896729],[8.4985395,50.0895773],[8.4984987,50.0895285],[8.4984557,50.089477],[8.4983777,50.0893836],[8.4983481,50.0893481],[8.498306,50.0892976],[8.4987744,50.0891466],[8.4987587,50.0891309],[8.498745,50.0891194],[8.4986014,50.0889866],[8.4984458,50.0888465],[8.4983175,50.088728],[8.4982245,50.0886435],[8.4981398,50.088568],[8.4980489,50.0884885],[8.4979205,50.0883749],[8.4977367,50.0882123],[8.4977639,50.0881689],[8.4977871,50.0881318],[8.4978085,50.0880976],[8.4978984,50.0879542],[8.4979196,50.0879204],[8.498691,50.0866823],[8.4980345,50.0865877],[8.4978291,50.0865581],[8.4975795,50.086522],[8.4971032,50.0864534],[8.496932,50.0864287],[8.4966158,50.0863831],[8.496404,50.0863525],[8.4961732,50.0863192],[8.4957935,50.0862645],[8.4953362,50.0861985],[8.494696,50.0861061],[8.4947062,50.0860424],[8.4947169,50.0859785],[8.4947226,50.0859444],[8.4947444,50.0858662]]}},
{"type":"Feature","properties":{"full_id":"w291431698","osm_id":"291431698","osm_type":"way","boundary":"administrative","whitewater:section_grade":null,"foot":null,"admin_level":"6"},"geometry":{"type":"LineString","coordinates":[[8.5038532,50.1125233],[8.5037085,50.1124006],[8.5030482,50.1118414],[8.5029715,50.1117765],[8.5025238,50.1113974],[8.502419,50.1113085],[8.5018015,50.1107842],[8.5017086,50.1107054],[8.5016944,50.1106932],[8.5016581,50.1106624],[8.5015676,50.1105938],[8.5003108,50.1096407],[8.49977,50.1092305],[8.4996795,50.109162],[8.4996363,50.1091267],[8.499733,50.1091331],[8.5022942,50.1077468]]}},
{"type":"Feature","properties":{"full_id":"w291431699","osm_id":"291431699","osm_type":"way","boundary":"administrative","whitewater:section_grade":null,"foot":null,"admin_level":"6"},"geometry":{"type":"LineString","coordinates":[[8.4875332,50.0849155],[8.4876032,50.0848902],[8.4876343,50.0848789],[8.4884216,50.0845943],[8.4886797,50.0845009],[8.488903,50.0844202],[8.4890878,50.0848898],[8.4893644,50.0849197],[8.4900773,50.0849968],[8.4907187,50.0850662],[8.4909127,50.0850872],[8.4910327,50.0851005],[8.4912312,50.0851224],[8.4915194,50.0851544],[8.4916027,50.085171],[8.4918566,50.0852217],[8.4921255,50.0852754],[8.4924092,50.085332],[8.4927781,50.085393],[8.4930345,50.0854353],[8.4934824,50.0855093],[8.4947201,50.0857017],[8.4947444,50.0858662]]}},
{"type":"Feature","properties":{"full_id":"w291431700","osm_id":"291431700","osm_type":"way","boundary":"administrative","whitewater:section_grade":null,"foot":null,"admin_level":"6"},"geometry":{"type":"LineString","coordinates":[[8.5256844,50.0838616],[8.5251565,50.0834394],[8.5238288,50.0820566],[8.5230538,50.0807743],[8.5228421,50.0804239]]}},
{"type":"Feature","properties":{"full_id":"w291431701","osm_id":"291431701","osm_type":"way","boundary":"administrative","whitewater:section_grade":null,"foot":null,"admin_level":"10"},"geometry":{"type":"LineString","coordinates":[[8.5343625,50.0890702],[8.5326809,50.0881311],[8.5296993,50.086838],[8.527508,50.0852964],[8.5266052,50.0845978],[8.5256844,50.0838616]]}},
{"type":"Feature","properties":{"full_id":"w291431702","osm_id":"291431702","osm_type":"way","boundary":"administrative","whitewater:section_grade":null,"foot":null,"admin_level":"10"},"geometry":{"type":"LineString","coordinates":[[8.5219504,50.0976807],[8.5220241,50.0976416],[8.5223263,50.0974794],[8.5224155,50.0974316],[8.5225323,50.0973648],[8.5225491,50.0973552],[8.5226897,50.0972737],[8.5227633,50.097231],[8.5231634,50.0969991],[8.5235136,50.0967829],[8.5236161,50.0967188],[8.524044,50.0964535],[8.5241083,50.0964137],[8.5241541,50.0963853],[8.5242798,50.0962764],[8.5243386,50.0962255],[8.5243457,50.0962193],[8.5244537,50.0961257],[8.5244958,50.0960892],[8.524498,50.0960873],[8.5245347,50.0960556],[8.5239516,50.0957869],[8.523952,50.0957864],[8.52293,50.0953156],[8.5229103,50.0953236],[8.5228886,50.0953284],[8.5228633,50.0953293],[8.5228388,50.0953252],[8.5216734,50.0947885],[8.5210557,50.0945031],[8.5209007,50.0944298],[8.5207497,50.0943493],[8.5206231,50.0942785],[8.5205019,50.0942025],[8.52041,50.0941456],[8.5203187,50.0940849],[8.5202321,50.0940211],[8.5201501,50.0939551],[8.5200327,50.0938581],[8.5199554,50.0937914],[8.5198354,50.0936877],[8.519572,50.0934602],[8.5193474,50.0932662],[8.5186446,50.092659],[8.518643,50.0926575],[8.5178007,50.0919297],[8.5169837,50.0912242],[8.5164354,50.0907503],[8.5161456,50.0904999],[8.515309,50.0897772],[8.5147197,50.0892681],[8.5147084,50.0892584],[8.5143505,50.0889491],[8.5143417,50.0889416],[8.5141479,50.0887741],[8.5140711,50.088707],[8.5140002,50.0886329],[8.513936,50.0885534],[8.5138812,50.0884717],[8.5138368,50.0883891],[8.5138015,50.0883031],[8.5137766,50.0882175],[8.5137633,50.0881303],[8.5137565,50.088066],[8.5137552,50.0879989],[8.5137602,50.0879331],[8.5137699,50.0878671],[8.513786,50.0878008],[8.5138088,50.0877336],[8.5138351,50.0876682],[8.51387,50.0876028],[8.5148371,50.0859157],[8.5148745,50.0859242],[8.5149436,50.0858503],[8.5151178,50.0855463],[8.5151194,50.0855433],[8.5151211,50.0855402],[8.5151227,50.0855372],[8.5151234,50.0855357],[8.515125,50.0855326],[8.5151257,50.0855311],[8.5151272,50.085528],[8.5151279,50.0855265],[8.5151307,50.0855203],[8.5151321,50.0855172],[8.5151327,50.0855157],[8.5151334,50.0855141],[8.515134,50.0855126],[8.5151346,50.085511],[8.5151352,50.0855095],[8.5151359,50.0855079],[8.5151365,50.0855063],[8.5151382,50.0855016],[8.5151387,50.0855001],[8.5151393,50.0854985],[8.5151404,50.0854954],[8.5151409,50.0854938],[8.5151414,50.0854922],[8.5151419,50.0854907],[8.5163067,50.0856358],[8.5163201,50.0853809],[8.5164969,50.0852172],[8.5163865,50.0851984],[8.5165459,50.0850338],[8.5166505,50.0849278],[8.5167322,50.0848451],[8.5167294,50.0848444],[8.5169266,50.0846409],[8.5169663,50.0845998],[8.5169989,50.0845305],[8.5170574,50.0844825],[8.5170694,50.0844849],[8.5171256,50.0844958],[8.5171294,50.0844888],[8.5171693,50.0844167],[8.5171443,50.0844111],[8.5177942,50.0837419],[8.5178684,50.083665],[8.5184181,50.0830973],[8.5185427,50.0829597],[8.5186498,50.0828169],[8.5187725,50.0826803],[8.5189285,50.0825192],[8.5189656,50.0823459],[8.5189781,50.08233],[8.5190526,50.0822458],[8.5191427,50.0821247],[8.5191634,50.0820986],[8.5192162,50.0820323],[8.5197299,50.0816797],[8.5197541,50.081663],[8.5199682,50.0815168],[8.5200132,50.0814893],[8.5200873,50.0814478],[8.5201432,50.0814186],[8.5201733,50.0814045],[8.5205514,50.0812269],[8.520602,50.0812068],[8.520826,50.0811316],[8.5213416,50.0809491],[8.5214017,50.0809623],[8.5218027,50.0808457],[8.5218095,50.0808437],[8.522013,50.0807846],[8.5221071,50.0807573],[8.522158,50.0807425],[8.5223052,50.0810874],[8.5223227,50.0811283],[8.5224493,50.0813359],[8.5225994,50.0815482],[8.5226832,50.0816585],[8.5227695,50.0817671],[8.5229407,50.0819855],[8.5231159,50.0822018],[8.5232938,50.0824167],[8.5234747,50.0826303],[8.5236595,50.0828446],[8.5238472,50.0830577],[8.5240378,50.0832682],[8.524232,50.0834782],[8.5244145,50.0836736],[8.5246036,50.0838659],[8.5249996,50.0842392],[8.5252092,50.0844237],[8.5254229,50.0846046],[8.5256433,50.0847831],[8.5258662,50.0849548],[8.526049,50.0850918],[8.5262338,50.0852275],[8.5264205,50.0853619],[8.5266091,50.085495],[8.5268006,50.0856273],[8.5269937,50.0857565],[8.5271915,50.0858838],[8.527394,50.0860089],[8.5281599,50.0864726],[8.5285987,50.0867383],[8.530382,50.0877647],[8.5319228,50.0885406],[8.5320041,50.08856],[8.5339062,50.089521],[8.5343625,50.0890702]]}},
{"type":"Feature","properties":{"full_id":"w291433858","osm_id":"291433858","osm_type":"way","boundary":"administrative","whitewater:section_grade":null,"foot":null,"admin_level":"9"},"geometry":{"type":"LineString","coordinates":[[8.6538978,50.0957517],[8.6551442,50.0960325],[8.6583124,50.0968212],[8.6633928,50.0988044],[8.6684337,50.1018483],[8.6693786,50.1024807]]}},
{"type":"Feature","properties":{"full_id":"w291433859","osm_id":"291433859","osm_type":"way","boundary":"administrative","whitewater:section_grade":null,"foot":null,"admin_level":"10"},"geometry":{"type":"LineString","coordinates":[[8.6538978,50.0957517],[8.6554536,50.0943528],[8.6568615,50.0935126],[8.6623013,50.0924689],[8.6639636,50.0919223]]}},
{"type":"Feature","properties":{"full_id":"w291433860","osm_id":"291433860","osm_type":"way","boundary":"administrative","whitewater:section_grade":null,"foot":null,"admin_level":"10"},"geometry":{"type":"LineString","coordinates":[[8.5513153,50.098801],[8.5508708,50.0986496],[8.5503141,50.0983894],[8.5499346,50.0981829],[8.5496259,50.0980154],[8.5491118,50.0977032],[8.548602,50.0973785],[8.5481147,50.0970502],[8.547619,50.096695],[8.5469456,50.0962024],[8.5466194,50.0959584],[8.5460576,50.0955068],[8.5449074,50.0945987],[8.5440987,50.0939446],[8.5437268,50.0936636],[8.5426852,50.0929601],[8.5421362,50.0926423],[8.5409747,50.092066],[8.5399868,50.0916081],[8.538901,50.0911678],[8.5364767,50.090109],[8.5361456,50.0899521],[8.5353023,50.089535],[8.5350489,50.0894096],[8.5343625,50.0890702]]}},
{"type":"Feature","properties":{"full_id":"w291433861","osm_id":"291433861","osm_type":"way","boundary":"administrative","whitewater:section_grade":null,"foot":null,"admin_level":"9"},"geometry":{"type":"LineString","coordinates":[[8.6126903,50.0700388],[8.6116143,50.0700169],[8.6100597,50.0697144],[8.6082487,50.0698242],[8.6013108,50.070046],[8.6000074,50.0697302],[8.5990407,50.0699407],[8.5942183,50.0700997],[8.5899804,50.0704232],[8.5879803,50.0707701],[8.5853855,50.0708742],[8.5851693,50.0705272],[8.5810166,50.0702106],[8.5800593,50.0705415],[8.5762558,50.0706892],[8.5725031,50.0701423],[8.5670169,50.0690816],[8.5626341,50.0682196],[8.5581822,50.0684729],[8.5573999,50.0682541],[8.5497652,50.0668458]]}},
{"type":"Feature","properties":{"full_id":"w291433863","osm_id":"291433863","osm_type":"way","boundary":"administrative","whitewater:section_grade":null,"foot":null,"admin_level":"6"},"geometry":{"type":"LineString","coordinates":[[8.5497652,50.0668458],[8.5497605,50.0668543],[8.5497445,50.0668795],[8.5495646,50.0671621],[8.5493763,50.0674317],[8.5492606,50.0675782],[8.5490972,50.0677669],[8.5488686,50.0680262],[8.5487172,50.0681896],[8.5485673,50.068343],[8.5483543,50.0685473],[8.5481697,50.068711],[8.5479318,50.0688992],[8.5476402,50.0691062]]}},
{"type":"Feature","properties":{"full_id":"w292847402","osm_id":"292847402","osm_type":"way","boundary":"administrative","whitewater:section_grade":null,"foot":null,"admin_level":"10"},"geometry":{"type":"LineString","coordinates":[[8.5984757,50.042253],[8.6005616,50.0464169],[8.6060643,50.0574052],[8.6126903,50.0700388]]}},
{"type":"Feature","properties":{"full_id":"w292847403","osm_id":"292847403","osm_type":"way","boundary":"administrative","whitewater:section_grade":null,"foot":null,"admin_level":"6"},"geometry":{"type":"LineString","coordinates":[[8.5170774,50.0258215],[8.516847,50.026221],[8.5168167,50.0262736],[8.5166724,50.0265241],[8.5166194,50.0266159],[8.516335,50.0271094],[8.5168053,50.0272216],[8.5169008,50.0272444],[8.5177061,50.0274366],[8.5195056,50.0278684],[8.5189322,50.0288617],[8.5189237,50.0288759],[8.5188795,50.0289525],[8.5179302,50.0305978],[8.5178744,50.0306945],[8.5178647,50.0307113],[8.517261,50.0317579],[8.5168334,50.0324987],[8.5168057,50.0325466],[8.5166467,50.0328225],[8.5186731,50.0333164],[8.5187284,50.0333299],[8.5187629,50.0333383],[8.5192192,50.0334497],[8.5197777,50.033587],[8.5201926,50.0336873],[8.5203985,50.0337376],[8.5216048,50.034033],[8.5215659,50.0340993],[8.5208191,50.0353683],[8.5206168,50.0357132],[8.5205986,50.0357441],[8.520509,50.0358964],[8.5204641,50.0359727],[8.5204208,50.0360464],[8.5200893,50.0366087],[8.5198733,50.0367837],[8.5197971,50.0368454],[8.5208236,50.0372378],[8.5217964,50.0376348],[8.5227289,50.0380145],[8.5228153,50.0379662],[8.5228499,50.0379469],[8.5232395,50.0380954],[8.5232088,50.0381193],[8.5231355,50.0381763],[8.523707,50.0383671],[8.5238137,50.0384087],[8.5244584,50.0386596],[8.5252922,50.038996],[8.5259622,50.0392369],[8.5261616,50.0393085],[8.5263736,50.0394043],[8.5267041,50.0395537],[8.5272694,50.0398081],[8.5279894,50.0400964],[8.5288299,50.0404099],[8.5297666,50.0407881],[8.5304292,50.0409975],[8.5311317,50.0413515],[8.5320554,50.0417319],[8.5330981,50.0421439],[8.534146,50.042573],[8.5350856,50.0429473],[8.5360505,50.0432991],[8.5365,50.0434963],[8.5369954,50.0437135],[8.5376505,50.0439721],[8.5377148,50.043916],[8.5377212,50.0439104],[8.537764,50.0439275],[8.5378096,50.0439459],[8.5379702,50.0440105],[8.5380158,50.0440288],[8.5380476,50.0440417],[8.5379858,50.0440989],[8.5388542,50.0444291],[8.5388706,50.0444353],[8.5400045,50.0448939],[8.5408936,50.0452511],[8.5418491,50.0456221],[8.5423422,50.0458235],[8.5427871,50.0460052],[8.5436099,50.0463338],[8.5444352,50.0466383],[8.5452843,50.0469353],[8.5457952,50.0471045],[8.5459923,50.0471698],[8.5461792,50.0472317],[8.5470578,50.0475044],[8.5479539,50.0477755],[8.5484746,50.0479264],[8.5485445,50.0478645],[8.5487544,50.0479186],[8.5487614,50.0479204],[8.5488186,50.0479352],[8.5488259,50.047937],[8.5488793,50.0479508],[8.5489277,50.0479633],[8.5489227,50.0479688],[8.5489738,50.0479801],[8.5489995,50.0479857],[8.5490822,50.0480039],[8.5490904,50.0480057],[8.5491501,50.0480188],[8.5495612,50.0481105],[8.5496012,50.0481215],[8.5496449,50.0481335],[8.5497812,50.0481709],[8.5510872,50.0484693],[8.5511459,50.0484823],[8.5524064,50.0487614],[8.55308,50.0488872],[8.553092,50.0488929],[8.5531262,50.0488993],[8.5531611,50.0489059],[8.5531682,50.0489075],[8.5532697,50.0489296],[8.5532836,50.0489327],[8.5532706,50.0489483],[8.5530043,50.0492816],[8.5530015,50.0492851],[8.552988,50.0493022],[8.5529716,50.0492989],[8.5528734,50.0492789],[8.5528269,50.0492698],[8.5527938,50.0492629],[8.5527587,50.0492556],[8.5525474,50.0492111],[8.5524984,50.0492728],[8.5531411,50.0494762],[8.5534919,50.0495873],[8.5534193,50.0496823],[8.5533996,50.0497081],[8.5533829,50.04973],[8.5533379,50.0497888],[8.5533326,50.0497958],[8.5532498,50.0499042],[8.5532088,50.049958],[8.5529311,50.0502285],[8.5528971,50.0502199],[8.5527964,50.0501945],[8.5527775,50.0501897],[8.5527716,50.0501882],[8.5525609,50.0504578],[8.5525665,50.0504602],[8.5525695,50.0504615],[8.5526769,50.0505084],[8.552712,50.0505237],[8.5527021,50.0505374],[8.5526684,50.0505837],[8.5525245,50.0507817],[8.552507,50.0508039],[8.5523818,50.0509625],[8.5523786,50.0509665],[8.5523738,50.0509725],[8.5523296,50.0510286],[8.5522688,50.0511056],[8.5522148,50.051174],[8.5522093,50.051181],[8.5521952,50.0511988],[8.552092,50.0513294],[8.552068,50.0513598],[8.5516746,50.0517944],[8.5515845,50.051822],[8.5515333,50.0518037],[8.55151,50.0518362],[8.5515581,50.0518534],[8.5515946,50.0518892],[8.5514497,50.0520757],[8.5511538,50.0525379],[8.5511359,50.0525659],[8.5510793,50.0526561],[8.5510327,50.0527287],[8.5509883,50.0527965],[8.5509428,50.0528672],[8.550896,50.0529426],[8.5508542,50.0530097],[8.5508473,50.0530182],[8.5508037,50.0530967],[8.5507824,50.0531351],[8.55076,50.0531745],[8.550715,50.0532532],[8.5506252,50.0534119],[8.5505809,50.0534913],[8.5505803,50.0534948],[8.5505387,50.0535746],[8.5504983,50.0536558],[8.5504561,50.0537388],[8.5504139,50.0538226],[8.5503809,50.0538906],[8.5503742,50.0539061],[8.5503365,50.0539932],[8.5502162,50.054251],[8.5501952,50.0542964],[8.5501749,50.0543405],[8.5501357,50.0544283],[8.5500937,50.0545146],[8.5500508,50.054606],[8.550031,50.0546435],[8.5500123,50.0546951],[8.5499786,50.0547912],[8.5499442,50.0548858],[8.5499064,50.0549806],[8.5498746,50.0550668],[8.5499274,50.0550787],[8.5499391,50.0550813],[8.5500057,50.0550962],[8.5501974,50.0551392],[8.5503417,50.0551715],[8.5505942,50.0552282],[8.5505835,50.0554913],[8.5506454,50.0562589],[8.5507895,50.0567746],[8.5508529,50.056987],[8.5508832,50.0570682],[8.5509492,50.0572447],[8.5509679,50.0572946],[8.5510161,50.0574235],[8.5508472,50.0574497],[8.550738,50.0574454],[8.5507339,50.0574562],[8.5507176,50.0574988],[8.5507088,50.0575217],[8.5506999,50.057545],[8.5504951,50.0580805],[8.5503028,50.0585996],[8.5498192,50.0591987],[8.5496049,50.059464],[8.5496011,50.0594826],[8.5495812,50.0595777],[8.5496766,50.0597038],[8.5499436,50.05987],[8.5504882,50.0601076],[8.5506095,50.0601812],[8.5506322,50.060195],[8.5506566,50.0602098],[8.5506888,50.0602293],[8.550898,50.0604314],[8.5510241,50.0606639],[8.5510243,50.0606842],[8.5510255,50.0607651],[8.5510284,50.0609747],[8.5509104,50.061275],[8.5508671,50.0613307],[8.5507703,50.0614552],[8.5505932,50.0616231],[8.5504874,50.0617235],[8.5502888,50.0618412],[8.5502701,50.0618491],[8.5502012,50.0618781],[8.5500291,50.0619507],[8.5499882,50.0619679],[8.5499809,50.061971],[8.5501784,50.0627716],[8.5502332,50.0627818],[8.5502509,50.062785],[8.5502505,50.0627963],[8.5502499,50.0628161],[8.5502454,50.0629475],[8.5502484,50.0629799],[8.5502237,50.0630043],[8.5501174,50.0631089],[8.550121,50.0631236],[8.5501241,50.063137],[8.5501303,50.063163],[8.5501334,50.063176],[8.5501664,50.0631905],[8.550197,50.063204],[8.5502082,50.0632089],[8.5502165,50.0632126],[8.5502766,50.0631605],[8.5504134,50.0634487],[8.5504018,50.0634539],[8.5503486,50.0634774],[8.5503525,50.0635028],[8.5504322,50.0640286],[8.5504407,50.0644947],[8.5503929,50.0650814],[8.5503915,50.0650977],[8.5502944,50.0651157],[8.5502838,50.0651701],[8.5503843,50.0651514],[8.5503779,50.065173],[8.550214,50.065733],[8.5501969,50.0657915],[8.5501658,50.0658691],[8.5500077,50.0658675],[8.5499702,50.0659677],[8.5499532,50.0660132],[8.5499491,50.0660238],[8.5501198,50.0660254]]}},
{"type":"Feature","properties":{"full_id":"w301917204","osm_id":"301917204","osm_type":"way","boundary":"administrative","whitewater:section_grade":null,"foot":null,"admin_level":"9"},"geometry":{"type":"LineString","coordinates":[[8.7394536,50.1599207],[8.7398992,50.1589857],[8.7406969,50.1573119],[8.7417161,50.1576143],[8.7425445,50.1562298],[8.7413747,50.1557972],[8.7415883,50.1554195],[8.7412655,50.1553238],[8.7414687,50.1550043],[8.7416424,50.1550478],[8.7419706,50.1545613],[8.7420396,50.1545808],[8.742128,50.1544573],[8.7423219,50.1545114],[8.7424193,50.1543457],[8.7423544,50.1543304],[8.7423782,50.1542791],[8.742533,50.1543151],[8.7425665,50.15425],[8.7424648,50.1542264],[8.7424973,50.1541605],[8.7426152,50.1541855],[8.7428155,50.1536022],[8.7426261,50.15358],[8.7427181,50.1533303],[8.742599,50.1533102],[8.7426196,50.1532381],[8.7426724,50.1532454],[8.7427565,50.1530845],[8.7426831,50.1530654],[8.7427786,50.1529444],[8.743019,50.1530786],[8.7431009,50.1529961],[8.7430699,50.1529919],[8.7430347,50.1529749],[8.7433773,50.1523923],[8.7435018,50.1522595],[8.743551,50.1522879],[8.7436065,50.152308],[8.7436999,50.1521681],[8.7437181,50.1521408],[8.7438819,50.1519246],[8.7438201,50.1519025],[8.743932,50.1517903],[8.7439461,50.1517969],[8.7440516,50.15167],[8.7440446,50.1516676],[8.7441512,50.151541],[8.7440673,50.1515098],[8.7442113,50.1513763],[8.744142,50.1513499],[8.7442491,50.1512348],[8.7443087,50.1512681],[8.7444543,50.1511311],[8.7444992,50.1511522],[8.7445825,50.1510562],[8.7445468,50.1510385],[8.7446859,50.150898],[8.7447373,50.1509133],[8.7448472,50.1508075],[8.7448055,50.150794],[8.7448777,50.1507164],[8.744987,50.1507606],[8.7451283,50.1506649],[8.7452199,50.1506989],[8.7453741,50.1504951],[8.7455058,50.1505394],[8.7457065,50.1503613],[8.7455106,50.1503006],[8.7456471,50.1501102],[8.7456343,50.150103],[8.7459378,50.1496892],[8.7464479,50.14869],[8.7462756,50.1486591],[8.7457964,50.14857],[8.7457093,50.1485489],[8.7457201,50.148518],[8.7451833,50.1484192],[8.7451502,50.1484212],[8.7448705,50.1483919],[8.744799,50.1484094],[8.7445662,50.1483188],[8.7447741,50.1479159],[8.7434418,50.1475392],[8.7443495,50.1457853],[8.7411347,50.1450001],[8.7414157,50.1444665],[8.7416709,50.144043],[8.7417462,50.1439052],[8.7417532,50.1438925],[8.741808,50.1438339],[8.7419877,50.1436427],[8.7421067,50.1435161],[8.7421359,50.1434851],[8.7421978,50.1434191],[8.7423457,50.1432607],[8.7425913,50.1429906],[8.7426048,50.1429756],[8.7433572,50.142106],[8.7435056,50.1419341],[8.7437094,50.1416992],[8.743738,50.1416661],[8.7438354,50.1415535],[8.7438368,50.141552],[8.74394,50.1414326],[8.7440307,50.1413276],[8.7441169,50.1412277],[8.7442671,50.1410541],[8.7444839,50.1408034],[8.7445014,50.1407832],[8.7445947,50.140675],[8.744662,50.1405974],[8.7447156,50.1405347],[8.7448898,50.1403334],[8.7450137,50.140191],[8.7452771,50.1398921],[8.7454796,50.1396579],[8.7460828,50.1389554],[8.745395,50.1385584],[8.7479447,50.1357529]]}},
{"type":"Feature","properties":{"full_id":"w301917205","osm_id":"301917205","osm_type":"way","boundary":"administrative","whitewater:section_grade":null,"foot":null,"admin_level":"9"},"geometry":{"type":"LineString","coordinates":[[8.735777,50.162924],[8.7394536,50.1599207]]}},
{"type":"Feature","properties":{"full_id":"w301917206","osm_id":"301917206","osm_type":"way","boundary":"administrative","whitewater:section_grade":null,"foot":null,"admin_level":"6"},"geometry":{"type":"LineString","coordinates":[[8.7674023,50.1795517],[8.7672648,50.179535],[8.765121,50.179275],[8.7649405,50.1792531],[8.7644232,50.1791904],[8.7626897,50.1789797],[8.7626979,50.1788768],[8.7627369,50.1784528],[8.7628131,50.1776255],[8.7628522,50.1772001],[8.7628852,50.1768417],[8.7628885,50.1768056],[8.7628678,50.1768061],[8.762696,50.1768109],[8.7626686,50.1761475],[8.7626677,50.1761277],[8.7626666,50.1760909],[8.7626662,50.1760783],[8.7626659,50.1760726],[8.7626369,50.1754234],[8.76264,50.1751908],[8.7626214,50.1736714],[8.7629778,50.1728932],[8.7629723,50.1728362],[8.762969,50.172802],[8.7624051,50.172778],[8.7623643,50.1727763],[8.7619881,50.1727603],[8.7618805,50.1727574],[8.7618252,50.1727533],[8.7602215,50.1726363],[8.7601378,50.1726302],[8.7600962,50.1726272],[8.7600751,50.1726257],[8.7579414,50.1719674],[8.7579809,50.1718805],[8.7579392,50.17185],[8.7576634,50.1716487],[8.7566638,50.1713228],[8.7566138,50.1713065],[8.7564191,50.1712431],[8.7553464,50.170901],[8.7552747,50.1708781],[8.7550855,50.1708177],[8.7542635,50.1705197],[8.7539267,50.1703117],[8.7538716,50.1702847],[8.7529007,50.1698077],[8.7520099,50.1694377],[8.7519557,50.1694151],[8.7518962,50.1693904],[8.7513184,50.1690638],[8.7503009,50.1686888],[8.7496053,50.1684072],[8.7498774,50.1681429],[8.7488151,50.1673447],[8.7482268,50.1670858],[8.7479237,50.1669686],[8.7465847,50.1664253],[8.7461848,50.1662223],[8.7461628,50.1662111],[8.7453674,50.1658832],[8.7443458,50.1653073],[8.7433322,50.1644714],[8.7425621,50.1640853],[8.7421097,50.1639691],[8.7420215,50.1639472],[8.7412744,50.1637562],[8.7408112,50.1636826],[8.7406146,50.1636514],[8.7404774,50.163609],[8.7402544,50.16354],[8.7398695,50.1634209],[8.7396361,50.1631918],[8.7390432,50.1630405],[8.7386707,50.1629003],[8.7384771,50.1627541],[8.7384432,50.1627284],[8.7383716,50.1626727],[8.7383154,50.1626576],[8.7382774,50.1626466],[8.7381378,50.1626061],[8.7380713,50.1625863],[8.7379905,50.162576],[8.7377338,50.1625396],[8.7375011,50.1625083],[8.7372378,50.1624719],[8.7369931,50.1624385],[8.7367787,50.1626964],[8.7366382,50.1628654],[8.7365672,50.1628454],[8.7364604,50.1629884],[8.7364175,50.1630457],[8.7360488,50.1629755],[8.736002,50.1629666],[8.7357947,50.1629271],[8.735777,50.162924]]}},
{"type":"Feature","properties":{"full_id":"w301917207","osm_id":"301917207","osm_type":"way","boundary":"administrative","whitewater:section_grade":null,"foot":null,"admin_level":"9"},"geometry":{"type":"LineString","coordinates":[[8.7479447,50.1357529],[8.7500178,50.1360866],[8.7507175,50.1370122],[8.7521543,50.137654],[8.7538075,50.1377383],[8.7552023,50.1375526],[8.7586678,50.137875],[8.7580991,50.1386804],[8.7657809,50.1402207],[8.7697506,50.1421872],[8.778398,50.1437136],[8.782369,50.1435943]]}},
{"type":"Feature","properties":{"full_id":"w303576291","osm_id":"303576291","osm_type":"way","boundary":"administrative","whitewater:section_grade":null,"foot":null,"admin_level":"6"},"geometry":{"type":"LineString","coordinates":[[8.6738911,50.0560605],[8.6741476,50.0560785],[8.6741648,50.0560797],[8.6760546,50.0566136],[8.6763721,50.0567029],[8.6763952,50.0567099],[8.6776925,50.0571105]]}},
{"type":"Feature","properties":{"full_id":"w303576294","osm_id":"303576294","osm_type":"way","boundary":"administrative","whitewater:section_grade":null,"foot":null,"admin_level":"6"},"geometry":{"type":"LineString","coordinates":[[8.6139069,50.0474383],[8.6144152,50.0478115],[8.6145933,50.047943],[8.6159631,50.0489115],[8.6161418,50.0490064],[8.6179597,50.0499699],[8.6179712,50.0499757],[8.6180252,50.0500043],[8.6180843,50.0500356],[8.6191983,50.0506644],[8.619651,50.0508967],[8.6204702,50.051317],[8.6214125,50.0518511],[8.6215479,50.0519278],[8.6216994,50.0520136],[8.621714,50.0520272],[8.6217844,50.0520929],[8.6220794,50.0523683],[8.6221629,50.0524461],[8.6221988,50.0524795],[8.6223058,50.0525794],[8.6226351,50.0528866],[8.6229344,50.0532686],[8.623344,50.0537921],[8.6242085,50.054667],[8.6246212,50.0550851],[8.6247542,50.0550574],[8.6253558,50.0549332],[8.6261186,50.0549079],[8.6262823,50.0549027],[8.6263718,50.0549229],[8.6264306,50.0549362],[8.6275541,50.0551896],[8.6276049,50.0552011],[8.6278458,50.0552544],[8.6278611,50.0552578],[8.6286584,50.0554343],[8.6289721,50.0555038],[8.6297259,50.0555159],[8.6297635,50.0555165],[8.6298009,50.0555171],[8.6309245,50.0555353],[8.6310186,50.0555369],[8.6311485,50.0555243],[8.6312312,50.0555164],[8.6315261,50.0554879],[8.6323129,50.055412],[8.6330748,50.0554257],[8.6331032,50.0554262],[8.6333168,50.0554301],[8.6334423,50.0554323],[8.6334881,50.0554332],[8.6336907,50.0554493],[8.6340435,50.0554773],[8.6347195,50.0555317],[8.6347886,50.0555335],[8.63518,50.0555686],[8.6367265,50.0557965],[8.6370579,50.0557738],[8.6371368,50.0557684],[8.6372068,50.0557635],[8.6373166,50.055756],[8.6374028,50.0557501],[8.6379583,50.0557119],[8.638821,50.0557306],[8.6388385,50.055731],[8.6391607,50.055738],[8.6395522,50.0557465],[8.6406706,50.0556779],[8.6412037,50.0556796],[8.6420329,50.0556823],[8.6428087,50.0557554],[8.6437748,50.0558463],[8.6440581,50.055873],[8.6443461,50.0558688],[8.6461923,50.0558415],[8.6464388,50.055807],[8.6465816,50.0557871],[8.6466703,50.0557747],[8.6468111,50.0557549],[8.6469685,50.0557449],[8.6481783,50.0556678],[8.6485577,50.055676],[8.6489232,50.055684],[8.6489927,50.0556855],[8.6491197,50.0556882],[8.6495624,50.0556978],[8.6496734,50.0556885],[8.6508951,50.0555833],[8.6519392,50.0556248],[8.6530411,50.0556685],[8.6530741,50.0556698],[8.6548362,50.0557173],[8.6550025,50.055722],[8.6572261,50.0555908],[8.6582792,50.0555869],[8.658329,50.0555868],[8.6595027,50.0555827],[8.6595232,50.0555824],[8.6604551,50.0555452],[8.6604902,50.0555438],[8.6611807,50.055516],[8.662993,50.0553374],[8.6632289,50.0553142],[8.6639888,50.0553369],[8.6640158,50.0553377],[8.6640431,50.0553385],[8.6651803,50.0553724],[8.6653187,50.0553856],[8.6656522,50.0554166],[8.6656851,50.0554204],[8.6658339,50.0554345],[8.6661929,50.0554686],[8.6662249,50.0554717],[8.6663624,50.0554849],[8.667271,50.0555711],[8.6673211,50.0555759],[8.6673298,50.0555767],[8.6675823,50.0556007],[8.6677846,50.0556225],[8.66857,50.0556964],[8.6697751,50.0557511],[8.6698282,50.0557535],[8.6698808,50.0557558],[8.6701847,50.0557696],[8.6717758,50.0559115],[8.6719601,50.0559241],[8.6723394,50.0559509],[8.6723773,50.0559536],[8.6724153,50.0559563],[8.6733192,50.0560201],[8.6734025,50.0560261],[8.6738911,50.0560605]]}},
{"type":"Feature","properties":{"full_id":"w306856050","osm_id":"306856050","osm_type":"way","boundary":"administrative","whitewater:section_grade":null,"foot":null,"admin_level":"9"},"geometry":{"type":"LineString","coordinates":[[8.6470417,50.1540768],[8.6474273,50.1542247],[8.6481142,50.1545519],[8.649434,50.1554884],[8.6503418,50.1561784],[8.6506451,50.1564603],[8.6510491,50.1569561],[8.6513711,50.1574499],[8.6516856,50.1579655],[8.6519477,50.1585139],[8.6523904,50.1589746],[8.6531311,50.159592],[8.6534064,50.1606768],[8.6534209,50.1610155],[8.6532898,50.1613943],[8.653114,50.161654],[8.6525189,50.1624059],[8.6510822,50.1642325],[8.6504964,50.1649721]]}},
{"type":"Feature","properties":{"full_id":"w306856051","osm_id":"306856051","osm_type":"way","boundary":"administrative","whitewater:section_grade":null,"foot":null,"admin_level":"10"},"geometry":{"type":"LineString","coordinates":[[8.6470417,50.1540768],[8.6460405,50.1528653],[8.6491912,50.1514144],[8.6494801,50.151728],[8.649888,50.1515926],[8.6488556,50.1503867],[8.6520928,50.1496783],[8.6529124,50.1496587],[8.6533467,50.1510108],[8.654778,50.1506002],[8.6563271,50.1499978],[8.656367,50.1496324],[8.6564747,50.1492657],[8.6566455,50.1485363],[8.6597744,50.1497848]]}},
{"type":"Feature","properties":{"full_id":"w307032557","osm_id":"307032557","osm_type":"way","boundary":"administrative","whitewater:section_grade":null,"foot":null,"admin_level":"9"},"geometry":{"type":"LineString","coordinates":[[8.6319002,50.1402236],[8.6324698,50.1405352],[8.6328674,50.1408314],[8.6328377,50.1408465],[8.6329119,50.1408773],[8.6332225,50.1411299],[8.6332562,50.1412197],[8.633292,50.1412522],[8.6339743,50.141374],[8.6342024,50.1415341],[8.6343168,50.1416892],[8.634544,50.1418203],[8.634786,50.1420728],[8.6349572,50.1421557],[8.6351722,50.1422822],[8.6351984,50.1423785],[8.6351302,50.1425426],[8.6350533,50.1426462],[8.6348559,50.1428388],[8.6347711,50.1429049],[8.6347746,50.1429592],[8.6348935,50.1430163],[8.6349267,50.1430532],[8.634917,50.1431798],[8.6349293,50.1432167],[8.6350153,50.1432733],[8.635215,50.1433886],[8.6357296,50.143738],[8.6355863,50.1491622]]}},
{"type":"Feature","properties":{"full_id":"w311569908","osm_id":"311569908","osm_type":"way","boundary":"administrative","whitewater:section_grade":null,"foot":null,"admin_level":"10"},"geometry":{"type":"LineString","coordinates":[[8.6597744,50.1497848],[8.6624974,50.1502103],[8.6635325,50.1504721],[8.6663233,50.1479911],[8.6675011,50.1482945],[8.6668174,50.1500148],[8.6670073,50.1500383],[8.6679235,50.1501518],[8.6677806,50.1505583],[8.6665242,50.1526892],[8.6674864,50.1529674],[8.6670401,50.1539252],[8.6679983,50.1540811],[8.6681914,50.1537512],[8.6698449,50.154079],[8.6694217,50.1551416],[8.6704767,50.156109],[8.6717698,50.1564837],[8.6723493,50.1558916],[8.6730891,50.1562636],[8.6734888,50.1570851],[8.6742532,50.1570301],[8.6745322,50.1583017],[8.6772374,50.1583724]]}},
{"type":"Feature","properties":{"full_id":"w311569909","osm_id":"311569909","osm_type":"way","boundary":"administrative","whitewater:section_grade":null,"foot":null,"admin_level":"9"},"geometry":{"type":"LineString","coordinates":[[8.6546814,50.1735908],[8.6527921,50.1717908],[8.6523502,50.1712686]]}},
{"type":"Feature","properties":{"full_id":"w311569911","osm_id":"311569911","osm_type":"way","boundary":"administrative","whitewater:section_grade":null,"foot":null,"admin_level":"9"},"geometry":{"type":"LineString","coordinates":[[8.6772374,50.1583724],[8.6773207,50.1583087],[8.6772426,50.1578651],[8.6770763,50.1574261],[8.6767901,50.1570067],[8.6764799,50.1566004],[8.6758776,50.1558776],[8.675385,50.1551274],[8.6750369,50.1544442],[8.6749149,50.1541198],[8.6748432,50.1537328],[8.6748182,50.1532367],[8.6748301,50.1526928],[8.6748936,50.152149],[8.675017,50.1515438],[8.6750979,50.151242],[8.6752249,50.1509494],[8.675501,50.1503524],[8.6758254,50.1497538],[8.6760009,50.1495091],[8.6762289,50.1492476],[8.6767055,50.1487722],[8.6787773,50.147313],[8.677317,50.1461597],[8.676552,50.1452391],[8.6761355,50.1428338],[8.6763069,50.141927],[8.677201,50.1405918],[8.6834938,50.1419366],[8.6842955,50.1405461],[8.6848673,50.138804]]}},
{"type":"Feature","properties":{"full_id":"w312337127","osm_id":"312337127","osm_type":"way","boundary":"administrative","whitewater:section_grade":null,"foot":null,"admin_level":"6"},"geometry":{"type":"LineString","coordinates":[[8.5808148,50.1344079],[8.5797824,50.1339246],[8.57942,50.1337549],[8.5788863,50.1335337],[8.5785872,50.1334098],[8.5782767,50.133281],[8.5762378,50.132435],[8.5760644,50.1323636]]}},
{"type":"Feature","properties":{"full_id":"w313277184","osm_id":"313277184","osm_type":"way","boundary":"administrative","whitewater:section_grade":null,"foot":null,"admin_level":"10"},"geometry":{"type":"LineString","coordinates":[[8.6597744,50.1497848],[8.6609198,50.1470279],[8.6615585,50.1459569],[8.6627686,50.1441812],[8.6622284,50.1439627],[8.6614792,50.1435072],[8.6624753,50.1429211]]}},
{"type":"Feature","properties":{"full_id":"w313277185","osm_id":"313277185","osm_type":"way","boundary":"administrative","whitewater:section_grade":null,"foot":null,"admin_level":"9"},"geometry":{"type":"LineString","coordinates":[[8.6712889,50.1618005],[8.6672883,50.1644931],[8.6630186,50.1673667],[8.6657882,50.1689684],[8.6650262,50.1693696],[8.6652203,50.170335],[8.6611028,50.1713012],[8.6610576,50.1719953],[8.6595481,50.1726579],[8.6596951,50.17281],[8.659011,50.1732373],[8.6585926,50.1728643],[8.6566817,50.174081],[8.6553804,50.1732155],[8.6546814,50.1735908]]}},
{"type":"Feature","properties":{"full_id":"w313277186","osm_id":"313277186","osm_type":"way","boundary":"administrative","whitewater:section_grade":null,"foot":null,"admin_level":"9"},"geometry":{"type":"LineString","coordinates":[[8.6848673,50.138804],[8.6843485,50.1366569],[8.6831599,50.1367355],[8.6805262,50.1365155],[8.6804286,50.1367606],[8.6801965,50.13732],[8.679822,50.1372769],[8.6749065,50.1367274],[8.6750342,50.1363405],[8.6714178,50.1360727]]}},
{"type":"Feature","properties":{"full_id":"w313277187","osm_id":"313277187","osm_type":"way","boundary":"administrative","whitewater:section_grade":null,"foot":null,"admin_level":"9"},"geometry":{"type":"LineString","coordinates":[[8.6558206,50.1361681],[8.6550553,50.1361981],[8.6536422,50.1361883],[8.6532372,50.1362262],[8.65288,50.1361981],[8.6512553,50.1362309],[8.6506715,50.1362707],[8.6492526,50.1365219],[8.6478887,50.136908],[8.6477179,50.1369438],[8.6475995,50.1369659],[8.6474492,50.1369928],[8.6472443,50.1370219],[8.6470709,50.137041],[8.6468953,50.137055],[8.6467179,50.1370653],[8.6459482,50.1370925],[8.6454469,50.136965],[8.6452796,50.1368927],[8.6451652,50.1368952],[8.6439335,50.1369083],[8.6426245,50.1369217],[8.6426009,50.1369179],[8.64218,50.1369424],[8.6420175,50.1374498],[8.6415029,50.1375074],[8.6414933,50.1374632],[8.6406213,50.1375338],[8.6406414,50.1378742],[8.64043,50.1379465],[8.6401233,50.1378927],[8.6399617,50.1380327],[8.6400709,50.1382304],[8.6382119,50.1387793],[8.6381265,50.1386632],[8.6370104,50.1389858],[8.6366089,50.1389387],[8.6366155,50.1389214],[8.6361648,50.1388594],[8.6357427,50.1387607]]}},
{"type":"Feature","properties":{"full_id":"w313277188","osm_id":"313277188","osm_type":"way","boundary":"administrative","whitewater:section_grade":null,"foot":null,"admin_level":"9"},"geometry":{"type":"LineString","coordinates":[[8.6848673,50.138804],[8.6937604,50.1399944],[8.6929142,50.1421188],[8.6945333,50.1423441],[8.6950452,50.1424627],[8.6957463,50.1427178],[8.6961295,50.1428918]]}},
{"type":"Feature","properties":{"full_id":"w313277190","osm_id":"313277190","osm_type":"way","boundary":"administrative","whitewater:section_grade":null,"foot":null,"admin_level":"9"},"geometry":{"type":"LineString","coordinates":[[8.6772374,50.1583724],[8.6712889,50.1618005]]}},
{"type":"Feature","properties":{"full_id":"w313453791","osm_id":"313453791","osm_type":"way","boundary":"administrative","whitewater:section_grade":null,"foot":null,"admin_level":"9"},"geometry":{"type":"LineString","coordinates":[[8.6620023,50.1767582],[8.66142,50.1766781],[8.6608846,50.1764518],[8.6596545,50.1758665],[8.6590945,50.1755761],[8.6582288,50.1753144],[8.6563945,50.1749841],[8.6557914,50.1747506],[8.6552711,50.1742273],[8.6546814,50.1735908]]}},
{"type":"Feature","properties":{"full_id":"w313453792","osm_id":"313453792","osm_type":"way","boundary":"administrative","whitewater:section_grade":null,"foot":null,"admin_level":"9"},"geometry":{"type":"LineString","coordinates":[[8.6714178,50.1360727],[8.670605,50.138554],[8.6702194,50.1384369],[8.6701722,50.1385413],[8.6701297,50.1387367],[8.670094,50.1387004],[8.6669505,50.1376154],[8.6669016,50.1375782],[8.6668026,50.1375009],[8.6660302,50.1372345],[8.6658852,50.137182],[8.6656699,50.1370961],[8.6655509,50.1370358],[8.6654718,50.1369924],[8.6654536,50.1369799],[8.6648926,50.1365506],[8.6647722,50.1364944],[8.6646436,50.1364423],[8.664475,50.1363899],[8.6643019,50.1363486],[8.6642034,50.1363322],[8.6641043,50.1363186],[8.6639662,50.1363066],[8.6638058,50.1363017],[8.6636673,50.1363034],[8.6635523,50.136311],[8.6634719,50.13632],[8.6634356,50.1364481],[8.6623525,50.1363127],[8.6619813,50.1363623],[8.6614178,50.1363804],[8.6611969,50.1363671]]}},
{"type":"Feature","properties":{"full_id":"w313453793","osm_id":"313453793","osm_type":"way","boundary":"administrative","whitewater:section_grade":null,"foot":null,"admin_level":"9"},"geometry":{"type":"LineString","coordinates":[[8.6434858,50.1091788],[8.6430775,50.1091666],[8.6360276,50.1089568],[8.6358501,50.1103489],[8.6262389,50.1100046],[8.6253424,50.109415],[8.6233673,50.1082272],[8.6219475,50.1078828],[8.6208639,50.107772],[8.618812,50.1075938],[8.6171373,50.1077047],[8.6158222,50.1071152],[8.6126594,50.1066861],[8.612954,50.1055512]]}},
{"type":"Feature","properties":{"full_id":"w313453794","osm_id":"313453794","osm_type":"way","boundary":"administrative","whitewater:section_grade":null,"foot":null,"admin_level":"9"},"geometry":{"type":"LineString","coordinates":[[8.7021842,50.122397],[8.7015328,50.1229679],[8.7014049,50.1230851],[8.7003912,50.1240073],[8.6992671,50.1250168],[8.704204,50.1278363],[8.7044339,50.1288808],[8.7051919,50.1299293],[8.7055903,50.1314368],[8.7055935,50.1332846],[8.7063612,50.1337739],[8.7049488,50.1346641],[8.7036021,50.1352748],[8.7015408,50.1364434],[8.7003042,50.1385338],[8.6982605,50.1391582]]}},
{"type":"Feature","properties":{"full_id":"w313453795","osm_id":"313453795","osm_type":"way","boundary":"administrative","whitewater:section_grade":null,"foot":null,"admin_level":"10"},"geometry":{"type":"LineString","coordinates":[[8.6558043,50.1266272],[8.6564224,50.1259713],[8.657228,50.125974],[8.6572354,50.1259578],[8.6583278,50.1231319],[8.6587526,50.1231292],[8.6606799,50.1231168],[8.6617336,50.12311],[8.6647345,50.1234844],[8.6669383,50.1225607],[8.6694532,50.1218528],[8.6719192,50.1211094],[8.6724854,50.1209995],[8.6725245,50.1209919],[8.6747922,50.1208799],[8.6755294,50.120845],[8.6757748,50.1208785]]}},
{"type":"Feature","properties":{"full_id":"w313453796","osm_id":"313453796","osm_type":"way","boundary":"administrative","whitewater:section_grade":null,"foot":null,"admin_level":"9"},"geometry":{"type":"LineString","coordinates":[[8.5808148,50.1344079],[8.5808396,50.1343868],[8.5808491,50.1343788],[8.581132,50.1340752],[8.5815337,50.1335275],[8.581823,50.1330892],[8.5819573,50.1328857],[8.5820024,50.1328174],[8.5820198,50.1327472],[8.5820789,50.1327016],[8.5820803,50.1327013],[8.582111,50.1326529],[8.5821309,50.1326227],[8.5821545,50.132587],[8.5822191,50.1324898],[8.58222,50.1324886],[8.5822525,50.1324396],[8.5822924,50.1323797],[8.5823199,50.1323384],[8.5823428,50.1323195],[8.5823482,50.1323151],[8.582404,50.1322568],[8.5824333,50.1322262],[8.5829011,50.1317637],[8.5831591,50.1315427],[8.584066,50.1307592],[8.5840955,50.1307339],[8.5841951,50.1306623],[8.5843367,50.1305605],[8.5859845,50.1299757],[8.5859741,50.1299401],[8.5860211,50.1299233],[8.5862225,50.1298457],[8.5864504,50.1298114],[8.5866631,50.1298154],[8.5872681,50.1298289],[8.5874495,50.129833],[8.5886004,50.129327],[8.5894878,50.1289163],[8.5895057,50.1289078],[8.5896014,50.1288624],[8.5900918,50.1286297],[8.5901147,50.1286195],[8.5901411,50.1286078],[8.5907319,50.1283325],[8.5907269,50.1283485],[8.5907697,50.1283259],[8.5907788,50.1282772],[8.5908948,50.1280325],[8.5909293,50.1279598],[8.5910519,50.1277012],[8.5911378,50.1275202],[8.5911625,50.1274681],[8.5915253,50.1267101],[8.591556,50.1266459],[8.5920891,50.1258081],[8.5923179,50.125449],[8.592352,50.1253956],[8.592387,50.1253451],[8.5926365,50.1249858],[8.5931906,50.124159],[8.5932074,50.1241329],[8.5935116,50.1236584],[8.5935361,50.1236239],[8.5935599,50.1235906],[8.5938221,50.1232226],[8.5938385,50.1231995],[8.5940116,50.12292],[8.5940688,50.1228279],[8.5940855,50.1228171],[8.5941107,50.1228009],[8.5942055,50.122668],[8.5942102,50.1226447],[8.5942185,50.1226272],[8.5941068,50.1226384],[8.5942588,50.122406],[8.5944879,50.1220516],[8.5945729,50.121926],[8.5945955,50.1218912],[8.5947371,50.121675],[8.5948311,50.1215311],[8.5948721,50.1214686],[8.5949131,50.1214061],[8.5949313,50.1213786],[8.5950314,50.1212262],[8.5956541,50.1202782],[8.5958382,50.119998],[8.5958882,50.1199838],[8.5959193,50.119869],[8.5962921,50.1194037],[8.5965175,50.1190743],[8.5965821,50.1189799],[8.5969435,50.1184485],[8.5969555,50.1184309],[8.5969794,50.1183959],[8.5979189,50.1170488],[8.5981083,50.1168136],[8.5981,50.1168103],[8.5982661,50.1165946],[8.5983958,50.1164261],[8.598846,50.1158628],[8.598739,50.1158211],[8.5986761,50.1157977],[8.5986176,50.1157765],[8.5986474,50.1157353],[8.5987391,50.1156081]]}},
{"type":"Feature","properties":{"full_id":"w313453797","osm_id":"313453797","osm_type":"way","boundary":"administrative","whitewater:section_grade":null,"foot":null,"admin_level":"9"},"geometry":{"type":"LineString","coordinates":[[8.7116657,50.1613988],[8.7123858,50.1602935],[8.7128906,50.158707],[8.7102124,50.1583494],[8.7107118,50.1570014],[8.7085561,50.1567503],[8.7101001,50.1528732],[8.7090668,50.1527286],[8.7095182,50.1516632],[8.7069884,50.1498063],[8.7055157,50.1495019],[8.7066202,50.1469676],[8.7049575,50.1466251],[8.7047132,50.1439968]]}},
{"type":"Feature","properties":{"full_id":"w313453798","osm_id":"313453798","osm_type":"way","boundary":"administrative","whitewater:section_grade":null,"foot":null,"admin_level":"9"},"geometry":{"type":"LineString","coordinates":[[8.6955362,50.1157445],[8.6953959,50.1158674],[8.695159,50.1159788],[8.6939856,50.1163342],[8.6933663,50.1165641],[8.6921755,50.1172176],[8.691943,50.1173987],[8.6917887,50.1180675],[8.6916757,50.1182598],[8.6914345,50.1183699],[8.6899962,50.1182377],[8.6893541,50.1181715],[8.6892196,50.1182148],[8.6891034,50.1182952],[8.6887636,50.1185902]]}},
{"type":"Feature","properties":{"full_id":"w313453799","osm_id":"313453799","osm_type":"way","boundary":"administrative","whitewater:section_grade":null,"foot":null,"admin_level":"10"},"geometry":{"type":"LineString","coordinates":[[8.6982605,50.1391582],[8.6971311,50.1366193],[8.6957586,50.1339312],[8.6952952,50.1327649],[8.6945934,50.1311436],[8.6941621,50.1301196],[8.6938179,50.1294336],[8.6923235,50.1284531],[8.692053,50.1265513],[8.6917404,50.1246513],[8.6917434,50.1232889],[8.6914338,50.1226453],[8.690995,50.1222348],[8.6899069,50.1219554],[8.6895081,50.1201655],[8.6893238,50.1193383],[8.6887636,50.1185902]]}},
{"type":"Feature","properties":{"full_id":"w313453800","osm_id":"313453800","osm_type":"way","boundary":"administrative","whitewater:section_grade":null,"foot":null,"admin_level":"9"},"geometry":{"type":"LineString","coordinates":[[8.6714178,50.1360727],[8.6719059,50.1337533],[8.6719626,50.1335129],[8.6721343,50.1310351],[8.6722052,50.1300819],[8.6722587,50.1297366],[8.6731962,50.1273929],[8.6733231,50.1272136],[8.6735549,50.126886],[8.6736127,50.1268271],[8.6744214,50.1260405],[8.6746264,50.1257406],[8.6754223,50.1238102],[8.6757021,50.1229919],[8.6757785,50.1225516],[8.6756649,50.1215068],[8.6756571,50.1211913],[8.6757748,50.1208785]]}},
{"type":"Feature","properties":{"full_id":"w313453801","osm_id":"313453801","osm_type":"way","boundary":"administrative","whitewater:section_grade":null,"foot":null,"admin_level":"10"},"geometry":{"type":"LineString","coordinates":[[8.7116657,50.1613988],[8.7097957,50.163926],[8.7085479,50.1646091],[8.7066651,50.1640032],[8.7027179,50.1628159],[8.7010271,50.1624917],[8.700919,50.1624952],[8.7003161,50.1626346],[8.7001557,50.1626272],[8.6980391,50.1622229],[8.6979704,50.1622462],[8.696786,50.1651746],[8.6953229,50.1649028],[8.6939474,50.1648588],[8.6938399,50.1648334],[8.6933635,50.1648175],[8.6928854,50.1648715],[8.6926977,50.1640629],[8.6921764,50.164123],[8.69146,50.1642208],[8.6905157,50.1643534],[8.6891806,50.1642467],[8.687987,50.164147],[8.6874824,50.1655863]]}},
{"type":"Feature","properties":{"full_id":"w313453802","osm_id":"313453802","osm_type":"way","boundary":"administrative","whitewater:section_grade":null,"foot":null,"admin_level":"10"},"geometry":{"type":"LineString","coordinates":[[8.6611969,50.1363671],[8.6612033,50.1362532],[8.6617734,50.1362824],[8.6619956,50.1362878],[8.6622792,50.1362846],[8.6624821,50.1362749],[8.6627817,50.1362522],[8.6628802,50.1362441],[8.6632514,50.1361967],[8.6634239,50.136167],[8.6634904,50.1361605],[8.6635644,50.1361524],[8.6636133,50.1361487],[8.6636537,50.1361373],[8.6636898,50.1361163],[8.6637134,50.136092],[8.6637269,50.1360721],[8.6637336,50.1360338],[8.6620924,50.1354188],[8.6621227,50.1353767],[8.6614974,50.1351787],[8.6617187,50.1350595],[8.6619395,50.1347507],[8.6619864,50.1334059],[8.6623133,50.1312741],[8.6615711,50.1312626],[8.6615714,50.1312714],[8.6613872,50.1312613],[8.6612068,50.1312487],[8.6606696,50.1311855],[8.6605334,50.1311641],[8.6604203,50.1311446],[8.6601878,50.1310971],[8.6598818,50.1310233],[8.6597162,50.1309752],[8.6595533,50.1309248],[8.6593533,50.1308564],[8.6591989,50.1307965],[8.6590803,50.1307493],[8.6589301,50.1306827],[8.6588003,50.1306242],[8.6586761,50.1305599],[8.658502,50.1304663],[8.658337,50.1303673],[8.6581955,50.1302767],[8.6580202,50.1301532],[8.657853,50.1300192],[8.6577376,50.129922],[8.657594,50.1297851],[8.6574941,50.129682],[8.6574014,50.1295725],[8.6573019,50.1294491],[8.6571636,50.1292444],[8.6568827,50.12854],[8.6568113,50.1278042],[8.656825,50.1277138],[8.6568085,50.1272111],[8.6567826,50.1270896],[8.6567604,50.1270215],[8.6566668,50.1269437],[8.6566245,50.1269117],[8.6565659,50.1268779],[8.6565037,50.1268476],[8.6564509,50.1268281],[8.6558043,50.1266272]]}},
{"type":"Feature","properties":{"full_id":"w313453803","osm_id":"313453803","osm_type":"way","boundary":"administrative","whitewater:section_grade":null,"foot":null,"admin_level":"10"},"geometry":{"type":"LineString","coordinates":[[8.6961295,50.1428918],[8.6940602,50.1443413],[8.6934726,50.1448923],[8.6926045,50.1457063],[8.6919164,50.1477326],[8.6918744,50.1490249],[8.6910722,50.151275],[8.6898853,50.1510914],[8.6894433,50.1518519],[8.6877817,50.1541124],[8.6866273,50.153976],[8.6862835,50.1547837],[8.6860912,50.1556241],[8.6836629,50.1566978],[8.681423,50.1570241],[8.6817182,50.1578918],[8.681805,50.1587818],[8.6814445,50.1601593],[8.6781167,50.1631584]]}},
{"type":"Feature","properties":{"full_id":"w313453804","osm_id":"313453804","osm_type":"way","boundary":"administrative","whitewater:section_grade":null,"foot":null,"admin_level":"10"},"geometry":{"type":"LineString","coordinates":[[8.6558043,50.1266272],[8.6539305,50.1259766],[8.652762,50.125357],[8.6524383,50.1249633],[8.65238,50.1248032],[8.6524158,50.1244599],[8.6531082,50.1236091],[8.6535626,50.1227258],[8.6537981,50.1219955],[8.6539016,50.1209223],[8.6539593,50.1199743],[8.6503242,50.1201222],[8.6502632,50.1200955],[8.6497111,50.1184759],[8.6491413,50.1169589],[8.647504,50.1160524],[8.6468621,50.1156038],[8.6463284,50.1148545],[8.6459677,50.1138925],[8.6433346,50.1140438],[8.6434858,50.1091788]]}},
{"type":"Feature","properties":{"full_id":"w313453805","osm_id":"313453805","osm_type":"way","boundary":"administrative","whitewater:section_grade":null,"foot":null,"admin_level":"9"},"geometry":{"type":"LineString","coordinates":[[8.6989368,50.1408319],[8.6961295,50.1428918]]}},
{"type":"Feature","properties":{"full_id":"w313453806","osm_id":"313453806","osm_type":"way","boundary":"administrative","whitewater:section_grade":null,"foot":null,"admin_level":"9"},"geometry":{"type":"LineString","coordinates":[[8.6989368,50.1408319],[8.6982605,50.1391582]]}},
{"type":"Feature","properties":{"full_id":"w313453807","osm_id":"313453807","osm_type":"way","boundary":"administrative","whitewater:section_grade":null,"foot":null,"admin_level":"9"},"geometry":{"type":"LineString","coordinates":[[8.6887636,50.1185902],[8.6887048,50.1186388],[8.687931,50.1192785],[8.6873579,50.1197071],[8.686923,50.1199741],[8.6865788,50.1200637],[8.6861717,50.1200184],[8.6855847,50.1197229],[8.6842049,50.1190746],[8.6838914,50.1189465],[8.6832891,50.1188115],[8.6827375,50.1187899],[8.6818217,50.1189643],[8.6811625,50.1191643],[8.6810657,50.1191751],[8.6809582,50.1191593],[8.680826,50.1191229],[8.6806862,50.1190145],[8.6800501,50.1181849],[8.6798119,50.1180372],[8.679059,50.1178835]]}},
{"type":"Feature","properties":{"full_id":"w313453808","osm_id":"313453808","osm_type":"way","boundary":"administrative","whitewater:section_grade":null,"foot":null,"admin_level":"9"},"geometry":{"type":"LineString","coordinates":[[8.6011185,50.1157058],[8.6018263,50.1154034],[8.6029525,50.1157916],[8.6040196,50.1161515],[8.605127,50.1164552],[8.6062761,50.1165756],[8.6074573,50.1166255],[8.608437,50.1165609],[8.610076,50.1160971],[8.6101859,50.116508],[8.6118019,50.1177087],[8.6137156,50.1179993],[8.6139994,50.1184866],[8.6150478,50.1191236],[8.6160733,50.1190091],[8.6175749,50.1197401],[8.6179366,50.1201217],[8.6212832,50.1212195],[8.621602,50.1237467],[8.6229546,50.1237545]]}},
{"type":"Feature","properties":{"full_id":"w313453809","osm_id":"313453809","osm_type":"way","boundary":"administrative","whitewater:section_grade":null,"foot":null,"admin_level":"9"},"geometry":{"type":"LineString","coordinates":[[8.6357427,50.1387607],[8.6361385,50.1374385],[8.6344066,50.1367994],[8.6354616,50.1354625],[8.6343321,50.1344174],[8.6334259,50.1345406],[8.6311163,50.1348546],[8.6318266,50.1338925],[8.6332404,50.1324669],[8.6327804,50.1316176],[8.6317167,50.1312103],[8.6299358,50.1308141],[8.6291587,50.1290674],[8.6309544,50.1278417],[8.6326093,50.1263613],[8.6305899,50.1252678],[8.6292791,50.1246683],[8.6273094,50.1242211],[8.6247955,50.1238494],[8.6229546,50.1237545]]}},
{"type":"Feature","properties":{"full_id":"w313453810","osm_id":"313453810","osm_type":"way","boundary":"administrative","whitewater:section_grade":null,"foot":null,"admin_level":"10"},"geometry":{"type":"LineString","coordinates":[[8.6229546,50.1237545],[8.6189353,50.127608],[8.6191965,50.1281631],[8.6192368,50.1282796],[8.6194287,50.1287553],[8.619691,50.1296577],[8.6198534,50.1300905],[8.6200276,50.1303448],[8.6203025,50.1306056],[8.6207414,50.1308967],[8.6209421,50.1310305],[8.6211028,50.1311858],[8.6212297,50.1313538],[8.6213612,50.1316343],[8.6214549,50.1319427],[8.6214553,50.1321019],[8.6214356,50.1322593],[8.6213906,50.1324337],[8.6213289,50.1325639],[8.6211795,50.1328078],[8.6209348,50.1330846],[8.620694,50.1334293],[8.6206361,50.1334857],[8.6193845,50.134885],[8.618168,50.1362478]]}},
{"type":"Feature","properties":{"full_id":"w313453811","osm_id":"313453811","osm_type":"way","boundary":"administrative","whitewater:section_grade":null,"foot":null,"admin_level":"9"},"geometry":{"type":"LineString","coordinates":[[8.679059,50.1178835],[8.6784512,50.1177572],[8.6781568,50.1177387],[8.6778479,50.1177559],[8.6774937,50.1178443],[8.6765218,50.1181322],[8.6764065,50.1181355],[8.6762964,50.1181137],[8.6761852,50.1180701],[8.6760328,50.1179169],[8.6755819,50.1175321],[8.6747809,50.1170006],[8.6743896,50.1168303],[8.6738296,50.1167597],[8.6728824,50.1167557],[8.6709594,50.1167625],[8.6709172,50.1158485],[8.6708167,50.1151315],[8.6702408,50.1144299],[8.6696292,50.1139518],[8.6685139,50.1132235]]}},
{"type":"Feature","properties":{"full_id":"w313453812","osm_id":"313453812","osm_type":"way","boundary":"administrative","whitewater:section_grade":null,"foot":null,"admin_level":"10"},"geometry":{"type":"LineString","coordinates":[[8.618168,50.1362478],[8.6179076,50.1365718],[8.6176199,50.1370466],[8.6173921,50.1375833],[8.6172216,50.1384167],[8.6171856,50.1389482],[8.6172771,50.1394842],[8.6174428,50.1399099],[8.6176461,50.1403877],[8.6194124,50.1404366],[8.6194227,50.1399696],[8.6214934,50.1399838],[8.6229386,50.1399807],[8.622934,50.1402775],[8.6242835,50.1402934],[8.6256515,50.1398289],[8.6269802,50.141106],[8.6278843,50.1406039],[8.6281668,50.1407143],[8.6293927,50.1401137],[8.630447,50.1396916],[8.6319002,50.1402236]]}},
{"type":"Feature","properties":{"full_id":"w313453813","osm_id":"313453813","osm_type":"way","boundary":"administrative","whitewater:section_grade":null,"foot":null,"admin_level":"9"},"geometry":{"type":"LineString","coordinates":[[8.7247974,50.1276427],[8.7245449,50.1284477],[8.7243971,50.1291255],[8.724386,50.1299667],[8.7244266,50.1320473],[8.7243453,50.1328269],[8.7240977,50.133597],[8.723776,50.1342699],[8.7231735,50.1350447],[8.7224379,50.1356513],[8.7215433,50.1362247],[8.7205933,50.1366938],[8.7195213,50.1370895],[8.7182977,50.1373714],[8.7169189,50.1375349],[8.7139024,50.1377221],[8.7127011,50.1378453],[8.7111115,50.138196],[8.709851,50.1386438],[8.7084943,50.1393],[8.7075221,50.1399847],[8.7066239,50.1408708],[8.7059252,50.1417213],[8.7051933,50.1429698],[8.7047132,50.1439968]]}},
{"type":"Feature","properties":{"full_id":"w313453814","osm_id":"313453814","osm_type":"way","boundary":"administrative","whitewater:section_grade":null,"foot":null,"admin_level":"9"},"geometry":{"type":"LineString","coordinates":[[8.6717757,50.1777897],[8.6718436,50.1778871],[8.6718971,50.1780242],[8.6721483,50.1783609],[8.6723248,50.1784844],[8.6724783,50.1785879],[8.6728925,50.1788484],[8.6731775,50.1790437],[8.6733212,50.1793044],[8.6732906,50.1794997],[8.672704,50.1797979],[8.6732981,50.1805667],[8.6740923,50.1804519],[8.674809,50.1814067],[8.6755467,50.1812501],[8.6787586,50.1832468],[8.6737764,50.1863804],[8.6727365,50.1856481],[8.6711429,50.1865714]]}},
{"type":"Feature","properties":{"full_id":"w313453815","osm_id":"313453815","osm_type":"way","boundary":"administrative","whitewater:section_grade":null,"foot":null,"admin_level":"9"},"geometry":{"type":"LineString","coordinates":[[8.7047132,50.1439968],[8.7030389,50.1429299],[8.6989368,50.1408319]]}},
{"type":"Feature","properties":{"full_id":"w313453816","osm_id":"313453816","osm_type":"way","boundary":"administrative","whitewater:section_grade":null,"foot":null,"admin_level":"9"},"geometry":{"type":"LineString","coordinates":[[8.5987391,50.1156081],[8.6000622,50.1161213],[8.6002711,50.1160396],[8.6003248,50.1160187],[8.6006337,50.1158979],[8.6006427,50.1159166],[8.6011185,50.1157058]]}},
{"type":"Feature","properties":{"full_id":"w313453817","osm_id":"313453817","osm_type":"way","boundary":"administrative","whitewater:section_grade":null,"foot":null,"admin_level":"6"},"geometry":{"type":"LineString","coordinates":[[8.5833899,50.1356391],[8.5829704,50.1354062],[8.5819127,50.1349164],[8.5808148,50.1344079]]}},
{"type":"Feature","properties":{"full_id":"w313453818","osm_id":"313453818","osm_type":"way","boundary":"administrative","whitewater:section_grade":null,"foot":null,"admin_level":"10"},"geometry":{"type":"LineString","coordinates":[[8.6781167,50.1631584],[8.6768178,50.1640173],[8.6746651,50.163742],[8.6728156,50.1630786],[8.6731803,50.162845],[8.6731388,50.1628221],[8.6712889,50.1618005]]}},
{"type":"Feature","properties":{"full_id":"w313453819","osm_id":"313453819","osm_type":"way","boundary":"administrative","whitewater:section_grade":null,"foot":null,"admin_level":"10"},"geometry":{"type":"LineString","coordinates":[[8.6874824,50.1655863],[8.6829643,50.1635916],[8.6815093,50.1648799],[8.6803154,50.164544],[8.6781167,50.1631584]]}},
{"type":"Feature","properties":{"full_id":"w313453820","osm_id":"313453820","osm_type":"way","boundary":"administrative","whitewater:section_grade":null,"foot":null,"admin_level":"9"},"geometry":{"type":"LineString","coordinates":[[8.6611969,50.1363671],[8.660824,50.1363472],[8.6599271,50.1363477],[8.6590036,50.1363207],[8.6560999,50.1361589],[8.6558206,50.1361681]]}},
{"type":"Feature","properties":{"full_id":"w313453821","osm_id":"313453821","osm_type":"way","boundary":"administrative","whitewater:section_grade":null,"foot":null,"admin_level":"10"},"geometry":{"type":"LineString","coordinates":[[8.7417399,50.1317625],[8.7425048,50.1325301],[8.7437454,50.1342629],[8.7472415,50.135854],[8.7479447,50.1357529]]}},
{"type":"Feature","properties":{"full_id":"w313453822","osm_id":"313453822","osm_type":"way","boundary":"administrative","whitewater:section_grade":null,"foot":null,"admin_level":"9"},"geometry":{"type":"LineString","coordinates":[[8.6605492,50.1095394],[8.6633509,50.1105568],[8.6665134,50.1119033],[8.6681529,50.112992],[8.6685139,50.1132235]]}},
{"type":"Feature","properties":{"full_id":"w313453823","osm_id":"313453823","osm_type":"way","boundary":"administrative","whitewater:section_grade":null,"foot":null,"admin_level":"9"},"geometry":{"type":"LineString","coordinates":[[8.694791,50.1076934],[8.7019696,50.1068272],[8.7054866,50.10661],[8.7141133,50.1062445],[8.7173794,50.1063399]]}},
{"type":"Feature","properties":{"full_id":"w313453824","osm_id":"313453824","osm_type":"way","boundary":"administrative","whitewater:section_grade":null,"foot":null,"admin_level":"10"},"geometry":{"type":"LineString","coordinates":[[8.6874824,50.1655863],[8.6869318,50.1673419],[8.6871812,50.1683248],[8.6871958,50.1692667],[8.6863714,50.1701469],[8.6861722,50.1713236]]}},
{"type":"Feature","properties":{"full_id":"w313453825","osm_id":"313453825","osm_type":"way","boundary":"administrative","whitewater:section_grade":null,"foot":null,"admin_level":"9"},"geometry":{"type":"LineString","coordinates":[[8.6955362,50.1157445],[8.6955543,50.1161261],[8.6969117,50.1183002],[8.699321,50.1204591],[8.7010956,50.1217251],[8.7021842,50.122397]]}},
{"type":"Feature","properties":{"full_id":"w313453826","osm_id":"313453826","osm_type":"way","boundary":"administrative","whitewater:section_grade":null,"foot":null,"admin_level":"9"},"geometry":{"type":"LineString","coordinates":[[8.72547,50.1229425],[8.7253988,50.1239674],[8.7253539,50.1243038],[8.7252801,50.1246673],[8.7251688,50.1250683],[8.7250306,50.1254363],[8.7248392,50.1259078],[8.7246853,50.1262199],[8.7245205,50.1265245],[8.7240919,50.1272781],[8.7247974,50.1276427]]}},
{"type":"Feature","properties":{"full_id":"w313453827","osm_id":"313453827","osm_type":"way","boundary":"administrative","whitewater:section_grade":null,"foot":"use_sidepath","admin_level":"9"},"geometry":{"type":"LineString","coordinates":[[8.6434858,50.1091788],[8.650817,50.1093773],[8.6504961,50.1104365],[8.653511,50.1107557],[8.6544256,50.112175],[8.6605492,50.1095394]]}},
{"type":"Feature","properties":{"full_id":"w313453828","osm_id":"313453828","osm_type":"way","boundary":"administrative","whitewater:section_grade":null,"foot":null,"admin_level":"9"},"geometry":{"type":"LineString","coordinates":[[8.612954,50.1055512],[8.6081404,50.1054894],[8.6049185,50.1056762],[8.6038263,50.1072348],[8.6006126,50.1120474],[8.6011185,50.1157058]]}},
{"type":"Feature","properties":{"full_id":"w313453829","osm_id":"313453829","osm_type":"way","boundary":"administrative","whitewater:section_grade":null,"foot":null,"admin_level":"9"},"geometry":{"type":"LineString","coordinates":[[8.679059,50.1178835],[8.6779097,50.1195953],[8.6775686,50.1198436],[8.6771537,50.1200721],[8.6764408,50.1203145],[8.6759399,50.1207027],[8.6757748,50.1208785]]}},
{"type":"Feature","properties":{"full_id":"w313453830","osm_id":"313453830","osm_type":"way","boundary":"administrative","whitewater:section_grade":null,"foot":null,"admin_level":"10"},"geometry":{"type":"LineString","coordinates":[[8.72547,50.1229425],[8.7194884,50.1231346],[8.7187669,50.1217658],[8.7184453,50.121837],[8.718515,50.122119],[8.7179732,50.1222084],[8.7178928,50.1220743],[8.7174777,50.1223638],[8.7172544,50.1224801],[8.7169988,50.1220888],[8.7049925,50.1229596],[8.7051254,50.123137],[8.7044924,50.1234947],[8.7043422,50.1233675],[8.7041116,50.1234879],[8.7036141,50.1231872],[8.7021842,50.122397]]}},
{"type":"Feature","properties":{"full_id":"w313453831","osm_id":"313453831","osm_type":"way","boundary":"administrative","whitewater:section_grade":null,"foot":null,"admin_level":"9"},"geometry":{"type":"LineString","coordinates":[[8.7434535,50.1259127],[8.7416642,50.1251779],[8.7292267,50.1207001],[8.7287794,50.1212566],[8.728402,50.1217889],[8.7277821,50.1223799],[8.727022,50.1227808],[8.72547,50.1229425]]}},
{"type":"Feature","properties":{"full_id":"w313453832","osm_id":"313453832","osm_type":"way","boundary":"administrative","whitewater:section_grade":null,"foot":null,"admin_level":"9"},"geometry":{"type":"LineString","coordinates":[[8.694791,50.1076934],[8.6941197,50.1103561],[8.694338,50.1109169],[8.6944896,50.1112953],[8.6957644,50.1122665],[8.6948558,50.1134827],[8.6946844,50.1140685],[8.6955362,50.1157445]]}},
{"type":"Feature","properties":{"full_id":"w313453833","osm_id":"313453833","osm_type":"way","boundary":"administrative","whitewater:section_grade":null,"foot":null,"admin_level":"10"},"geometry":{"type":"LineString","coordinates":[[8.7417399,50.1317625],[8.7406402,50.1316606],[8.7405685,50.1316526],[8.7374005,50.1313464],[8.7372113,50.1316476],[8.7371786,50.1319067],[8.7341688,50.1318238],[8.7325839,50.1317868],[8.7326214,50.1317027],[8.7326767,50.1315837],[8.732736,50.1314678],[8.7305161,50.1310586],[8.72992,50.1307764],[8.7247974,50.1276427]]}},
{"type":"Feature","properties":{"full_id":"w313453834","osm_id":"313453834","osm_type":"way","boundary":"administrative","whitewater:section_grade":null,"foot":null,"admin_level":"10"},"geometry":{"type":"LineString","coordinates":[[8.7434535,50.1259127],[8.7430649,50.1268775],[8.7427139,50.1268923],[8.7420185,50.1270948],[8.7418158,50.1274025],[8.7416549,50.1281342],[8.7414557,50.1291321],[8.7399246,50.129066],[8.7417399,50.1317625]]}},
{"type":"Feature","properties":{"full_id":"w313453835","osm_id":"313453835","osm_type":"way","boundary":"administrative","whitewater:section_grade":null,"foot":null,"admin_level":"9"},"geometry":{"type":"LineString","coordinates":[[8.6357427,50.1387607],[8.6353683,50.1386327],[8.6349974,50.1384353],[8.6347187,50.138404],[8.6344916,50.1386459],[8.6345326,50.1388973],[8.6344287,50.1391342],[8.6342461,50.1392893],[8.6339743,50.139403],[8.6333374,50.1394881],[8.6331662,50.139609],[8.6329298,50.1399201],[8.6328163,50.1399206],[8.6319002,50.1402236]]}},
{"type":"Feature","properties":{"full_id":"w313453836","osm_id":"313453836","osm_type":"way","boundary":"administrative","whitewater:section_grade":null,"foot":null,"admin_level":"10"},"geometry":{"type":"LineString","coordinates":[[8.6709279,50.1778857],[8.669829,50.1779675],[8.6689915,50.1779243],[8.6683023,50.1777902],[8.6677159,50.1775627],[8.6669182,50.1772051],[8.6662138,50.1769131],[8.6657537,50.1767928],[8.665137,50.1766848],[8.6645541,50.1766264],[8.6636368,50.1766679],[8.6620023,50.1767582]]}},
{"type":"Feature","properties":{"full_id":"w313601940","osm_id":"313601940","osm_type":"way","boundary":"administrative","whitewater:section_grade":null,"foot":null,"admin_level":"10"},"geometry":{"type":"LineString","coordinates":[[8.575869,50.0912352],[8.5777601,50.0904354],[8.5803907,50.0895858],[8.5850138,50.0886788],[8.5892245,50.0886769],[8.598124,50.089136],[8.6051879,50.0891347],[8.6100695,50.0890975],[8.6141801,50.0891068],[8.617614,50.089146]]}},
{"type":"Feature","properties":{"full_id":"w313601941","osm_id":"313601941","osm_type":"way","boundary":"administrative","whitewater:section_grade":null,"foot":null,"admin_level":"10"},"geometry":{"type":"LineString","coordinates":[[8.5935827,50.1142256],[8.5923996,50.1139296],[8.5920188,50.1138361],[8.5916346,50.1137457],[8.5911452,50.1136357],[8.5906525,50.113531],[8.5903208,50.1134684],[8.5901445,50.1134345],[8.5889569,50.113224],[8.5884388,50.1131435],[8.5879131,50.1130686],[8.5872962,50.1129942],[8.5869349,50.1129506],[8.5829069,50.1124686],[8.5821318,50.1123797],[8.5816899,50.1123286],[8.5816133,50.1123193],[8.581022,50.1122482],[8.5805325,50.1121883],[8.5803496,50.1121624],[8.5801665,50.1121343],[8.5799836,50.1121029],[8.5798014,50.1120687],[8.5795988,50.1120271],[8.5794041,50.111982],[8.5791876,50.1119271],[8.5789692,50.1118656],[8.5787865,50.111812],[8.5786029,50.1117541],[8.5784175,50.111692],[8.5782324,50.111626],[8.5780574,50.1115589],[8.5778828,50.111489],[8.5777063,50.1114131],[8.5775297,50.1113333],[8.5771744,50.1111668],[8.5760025,50.1105851],[8.5742803,50.1097207],[8.5734146,50.1092869],[8.5729853,50.1090693],[8.5728737,50.1090164],[8.5727542,50.1089637],[8.5726353,50.1089149],[8.5725141,50.1088685],[8.5723837,50.1088249],[8.5722499,50.1087848],[8.5721129,50.1087503],[8.5719751,50.1087203],[8.5718416,50.1086938],[8.5717039,50.1086713],[8.5715637,50.1086511],[8.5714243,50.1086346],[8.5712339,50.1086193],[8.5710442,50.1086123],[8.5708548,50.1086118],[8.5706693,50.1086189],[8.5705046,50.1086274],[8.5703411,50.1086425],[8.5701822,50.1086635],[8.5700267,50.1086897],[8.5698472,50.1087241],[8.5695666,50.1087859],[8.5688362,50.1089468],[8.5686749,50.108984],[8.5685913,50.1089999],[8.5685067,50.1090131],[8.5684199,50.1090237],[8.5683331,50.1090323],[8.5682475,50.1090379],[8.5681621,50.1090414],[8.5680753,50.1090422],[8.5679881,50.1090409],[8.5679008,50.1090367],[8.5678128,50.1090302],[8.5677276,50.1090214],[8.5676421,50.1090101],[8.5675569,50.1089963],[8.567471,50.108979],[8.5673881,50.1089605],[8.5673054,50.1089386],[8.5671841,50.1089024],[8.5670654,50.108859],[8.5669459,50.1088077],[8.5668855,50.1087774],[8.5668238,50.1087454],[8.5667661,50.1087118],[8.5667087,50.108675]]}},
{"type":"Feature","properties":{"full_id":"w313601942","osm_id":"313601942","osm_type":"way","boundary":"administrative","whitewater:section_grade":null,"foot":null,"admin_level":"10"},"geometry":{"type":"LineString","coordinates":[[8.6768385,50.1063904],[8.6757349,50.107518],[8.6748666,50.1092226],[8.6770611,50.1095734],[8.6778729,50.1106188],[8.6776543,50.1108261],[8.6778825,50.1116299],[8.678689,50.1121671],[8.6795547,50.112477],[8.6792636,50.1127629],[8.6835703,50.1141329],[8.6835778,50.114005],[8.6862588,50.1141251],[8.6863178,50.1147306],[8.6878162,50.1147899],[8.6881712,50.1115959],[8.6880505,50.1102653],[8.6873853,50.1101896],[8.6874842,50.109754],[8.6875804,50.1093305],[8.6877648,50.1085183]]}},
{"type":"Feature","properties":{"full_id":"w313601943","osm_id":"313601943","osm_type":"way","boundary":"administrative","whitewater:section_grade":null,"foot":null,"admin_level":"10"},"geometry":{"type":"LineString","coordinates":[[8.5667087,50.108675],[8.5666644,50.1087347],[8.5665932,50.1088307],[8.5665616,50.1088732],[8.5664631,50.109004],[8.5660172,50.1095044],[8.5657331,50.1097836],[8.5654085,50.1096881],[8.5650665,50.1097779],[8.5648667,50.1098123],[8.5645605,50.1097784],[8.5642496,50.1096841],[8.5640502,50.109534],[8.563878,50.109208],[8.5638837,50.1091252],[8.5638531,50.1090771],[8.5638481,50.1090424],[8.5638349,50.1090529],[8.5626684,50.1099353],[8.5626366,50.1099593],[8.560601,50.1114982],[8.558811,50.1128524],[8.5587217,50.1129201],[8.5586304,50.1129893],[8.55854,50.1130579],[8.5584505,50.1131257],[8.5583592,50.113195],[8.5582686,50.1132637],[8.5581802,50.1133307],[8.558088,50.1134007],[8.5580053,50.1134634],[8.5579258,50.1135237],[8.5578403,50.1135885],[8.5577918,50.1136303],[8.5576,50.1133623],[8.5571995,50.1128657],[8.5563308,50.1120853],[8.5560737,50.1119474],[8.5559415,50.1117953],[8.5552729,50.1114861],[8.5547874,50.1110241],[8.554103,50.1101385],[8.5537866,50.1098817],[8.5537023,50.1097437],[8.5533639,50.1094722],[8.5530127,50.1093042],[8.5525827,50.1092295],[8.5525616,50.109272],[8.5524938,50.1094082],[8.5524794,50.1094373],[8.5522009,50.1094171],[8.5516085,50.1093741],[8.5515266,50.1093684],[8.5513917,50.1093589],[8.551384,50.1092868],[8.551345,50.109278],[8.551334,50.1093216],[8.5513272,50.1093663],[8.5513215,50.1093982],[8.5513199,50.1094298],[8.5513138,50.1095255],[8.5513114,50.109589],[8.551301,50.1096156],[8.5512957,50.1096425],[8.5512885,50.1096867],[8.5512896,50.1097318],[8.5512964,50.1097731],[8.5513104,50.1098132],[8.5513514,50.1099043],[8.5513901,50.1099882],[8.5513885,50.1104632],[8.5514674,50.1106326],[8.551716,50.1111885],[8.5520745,50.1119231],[8.5521147,50.1119991],[8.5521231,50.1120178],[8.5521564,50.1120887],[8.5521822,50.1121438],[8.5522062,50.1121955],[8.5522118,50.1122075],[8.5522373,50.1122625],[8.5523221,50.1124455],[8.552366,50.1125393],[8.5523812,50.1125735],[8.5524697,50.1127686],[8.5525143,50.1128672],[8.5527588,50.1134078],[8.5529213,50.1137755],[8.5529346,50.1138058],[8.5530581,50.1140854],[8.5531356,50.114261],[8.5531425,50.1142766],[8.5531971,50.1143986],[8.5531992,50.114444],[8.5532319,50.1151729],[8.5532359,50.1152628],[8.5531116,50.1152495],[8.5529374,50.115231],[8.5525871,50.1151933],[8.5516939,50.1150998],[8.5515561,50.1150854]]}},
{"type":"Feature","properties":{"full_id":"w313601944","osm_id":"313601944","osm_type":"way","boundary":"administrative","whitewater:section_grade":null,"foot":null,"admin_level":"10"},"geometry":{"type":"LineString","coordinates":[[8.5667087,50.108675],[8.5666128,50.1086085],[8.5665215,50.1085391],[8.5664347,50.1084687],[8.5663512,50.1083961],[8.566273,50.1083213],[8.5661974,50.1082448],[8.5661286,50.1081668],[8.5660643,50.1080871],[8.565883,50.1078542],[8.5657967,50.1077361],[8.5657131,50.1076168],[8.5656371,50.1074941],[8.5655673,50.1073711],[8.5655037,50.1072465],[8.5654463,50.1071201],[8.5653954,50.1069926],[8.5653506,50.1068649],[8.5653143,50.1067362],[8.565282,50.1065949],[8.5652583,50.1064535],[8.565254,50.106385],[8.5652421,50.1063099],[8.5652344,50.1061672],[8.5652335,50.106025],[8.5652402,50.1058823],[8.5652552,50.1057415],[8.5652776,50.1056011],[8.5654352,50.1048105],[8.5655028,50.1044712],[8.5655392,50.1042909],[8.5655126,50.1042881],[8.5654999,50.1042868],[8.5652574,50.1042618],[8.5652387,50.1042607],[8.5651965,50.1042589],[8.56513,50.104256],[8.565026,50.1042515],[8.5648899,50.1042456],[8.5647541,50.1042398],[8.5646173,50.1042339],[8.5644821,50.104228],[8.5642936,50.1042199],[8.5642281,50.1042171],[8.5640486,50.1042093],[8.5638803,50.1042023],[8.5637945,50.1041986],[8.5637248,50.1041957],[8.5635766,50.1041895],[8.5634547,50.1041843],[8.5633885,50.1041816],[8.5632628,50.1041763],[8.563183,50.1041729],[8.563079,50.1041685],[8.5629478,50.104163],[8.5628229,50.1041578],[8.5627413,50.1041543],[8.5626371,50.1041499],[8.5625407,50.1041459],[8.5623783,50.1041391],[8.5611336,50.1040864],[8.5608719,50.1040775],[8.5588047,50.1040116],[8.558778,50.1040112],[8.558571,50.1037887],[8.5584836,50.1036941],[8.5580102,50.1034702],[8.5579403,50.1034186],[8.5576579,50.1032103],[8.5575297,50.1031158],[8.5574057,50.1031122],[8.5574054,50.1031017],[8.5574035,50.1030194],[8.5574012,50.1029235],[8.5574422,50.102901],[8.5572434,50.1029034],[8.5571345,50.1029048],[8.5571298,50.1028224],[8.5571224,50.1026894],[8.557001,50.1027258],[8.5569516,50.1026914],[8.5566794,50.1026659],[8.5563636,50.10253],[8.5563585,50.1025123],[8.5559376,50.1023713],[8.5557947,50.1023233],[8.5556732,50.1022825],[8.5556116,50.1022618],[8.5555232,50.1022328],[8.5555837,50.1021565],[8.5557016,50.1020076],[8.5555292,50.1019508],[8.555522,50.1019232],[8.5554971,50.1018298],[8.5553999,50.1014618],[8.5553584,50.1013051],[8.5553566,50.1012241],[8.5553521,50.1011115],[8.555398,50.1011281],[8.5553582,50.1010145],[8.5542489,50.1005131],[8.5525983,50.0999574],[8.5517635,50.09955],[8.5517177,50.0994633],[8.5516894,50.0994099],[8.5516714,50.0993755],[8.5513153,50.098801]]}},
{"type":"Feature","properties":{"full_id":"w313601945","osm_id":"313601945","osm_type":"way","boundary":"administrative","whitewater:section_grade":null,"foot":null,"admin_level":"10"},"geometry":{"type":"LineString","coordinates":[[8.6639636,50.0919223],[8.6607008,50.0892862],[8.6596924,50.0880907],[8.6515026,50.0884823],[8.6498213,50.0860147],[8.6497715,50.0855392],[8.6520616,50.0821382],[8.654828,50.0788992],[8.6514483,50.0769047],[8.6510755,50.0767061],[8.6500746,50.0758765],[8.6435413,50.0714251],[8.6423973,50.0709721],[8.6363264,50.0700034],[8.6268778,50.0691576],[8.6237089,50.0693966],[8.619928,50.0696173],[8.6168605,50.0701368],[8.6126903,50.0700388]]}},
{"type":"Feature","properties":{"full_id":"w313601946","osm_id":"313601946","osm_type":"way","boundary":"administrative","whitewater:section_grade":null,"foot":null,"admin_level":"10"},"geometry":{"type":"LineString","coordinates":[[8.6639636,50.0919223],[8.6663989,50.0906552],[8.6689588,50.0885172],[8.6816262,50.0954335],[8.6878275,50.098909],[8.6898799,50.1001194],[8.6938743,50.1014642],[8.696346,50.1021153],[8.6988287,50.102271],[8.6996894,50.1020162],[8.7024701,50.1004025],[8.7042797,50.0992417],[8.7060562,50.0988312],[8.7082521,50.0991001],[8.7109996,50.0991284],[8.7145219,50.0993985]]}},
{"type":"Feature","properties":{"full_id":"w313601947","osm_id":"313601947","osm_type":"way","boundary":"administrative","whitewater:section_grade":null,"foot":null,"admin_level":"9"},"geometry":{"type":"LineString","coordinates":[[8.6746727,50.1055104],[8.6768385,50.1063904]]}},
{"type":"Feature","properties":{"full_id":"w313601948","osm_id":"313601948","osm_type":"way","boundary":"administrative","whitewater:section_grade":null,"foot":null,"admin_level":"9"},"geometry":{"type":"LineString","coordinates":[[8.6215196,50.0932461],[8.6219131,50.0887679]]}},
{"type":"Feature","properties":{"full_id":"w313601949","osm_id":"313601949","osm_type":"way","boundary":"administrative","whitewater:section_grade":null,"foot":null,"admin_level":"10"},"geometry":{"type":"LineString","coordinates":[[8.5515561,50.1150854],[8.5515601,50.1151565],[8.5515637,50.1152661],[8.5516303,50.1165567],[8.5516345,50.1166351],[8.5516953,50.1178643],[8.5517037,50.1180368],[8.5517117,50.1181997],[8.5517233,50.1184354],[8.5517341,50.1186555],[8.5517411,50.1187972],[8.5517507,50.1189921],[8.5517583,50.1191482],[8.5517638,50.1192603],[8.5517693,50.1193723],[8.5517735,50.1194576],[8.5517779,50.1195469],[8.5517855,50.1196663],[8.5517907,50.1197602],[8.5518092,50.1200932],[8.5518208,50.120301],[8.551825,50.1203773],[8.5518358,50.1206092],[8.5518411,50.1207047],[8.5518462,50.120798],[8.5518818,50.1214238],[8.5518995,50.1217479],[8.551907,50.1218887],[8.5519083,50.1218939],[8.5519112,50.1219008],[8.5519259,50.1221679],[8.5517792,50.122121],[8.5520381,50.1224122],[8.5520446,50.1224189]]}},
{"type":"Feature","properties":{"full_id":"w313601950","osm_id":"313601950","osm_type":"way","boundary":"administrative","whitewater:section_grade":null,"foot":null,"admin_level":"10"},"geometry":{"type":"LineString","coordinates":[[8.5219504,50.0976807],[8.5217803,50.097584],[8.5217419,50.0975619],[8.5216968,50.0975361],[8.5217507,50.0974514],[8.5212527,50.0974394],[8.5212316,50.0974388],[8.5211281,50.0974363],[8.5209951,50.097433],[8.520601,50.0974234],[8.5202348,50.0974145],[8.5200567,50.0974103],[8.5200486,50.09741],[8.5199369,50.0974074],[8.5182,50.0973657],[8.5173194,50.0973446],[8.5171382,50.0973402],[8.5170667,50.0973385],[8.5168756,50.0973339],[8.5168734,50.0973735],[8.5167872,50.0988809],[8.5167809,50.0989901],[8.5167293,50.0998913],[8.5172651,50.1003188],[8.5174857,50.1004965],[8.5170726,50.1006913],[8.5169059,50.10077],[8.5167283,50.1008537],[8.5165741,50.1009263],[8.5164298,50.1009944],[8.5160456,50.1011757],[8.5153882,50.1008293],[8.5153496,50.1008565],[8.5152445,50.1009306],[8.515219,50.1009487],[8.5151641,50.1009874],[8.5150783,50.1010479],[8.5149936,50.1011077],[8.5149645,50.1011283],[8.5149252,50.101156],[8.514818,50.1012316],[8.5147095,50.1013082],[8.5146558,50.1013461],[8.5145788,50.1014007],[8.5145553,50.1014173],[8.5144966,50.1014587],[8.5144655,50.1014806],[8.5144137,50.1015209],[8.5143782,50.1015488],[8.5143636,50.1015603],[8.5143186,50.1015956],[8.5143052,50.101606],[8.514241,50.1016563],[8.5142295,50.1016652],[8.5141805,50.1017036],[8.5141412,50.1017344],[8.5140931,50.1017718],[8.5140909,50.1017737],[8.5140106,50.1018329],[8.513999,50.1018415],[8.5139392,50.1018856],[8.5138804,50.101929],[8.5136462,50.1018211],[8.5129731,50.101511],[8.5121985,50.101154],[8.5121398,50.1012204],[8.5119603,50.1014241],[8.5118993,50.1014931],[8.5117598,50.1016514],[8.5116431,50.1017837],[8.5116097,50.101808],[8.5114724,50.1019075],[8.5114056,50.1019558],[8.5113026,50.1020305],[8.511235,50.1020795],[8.5111486,50.1021421],[8.511068,50.1022006],[8.5109946,50.1022537],[8.5109668,50.1022739],[8.5108435,50.1023632],[8.510836,50.1023686]]}},
{"type":"Feature","properties":{"full_id":"w313601951","osm_id":"313601951","osm_type":"way","boundary":"administrative","whitewater:section_grade":null,"foot":null,"admin_level":"10"},"geometry":{"type":"LineString","coordinates":[[8.5515561,50.1150854],[8.5515533,50.1150489],[8.551551,50.1150161],[8.5514021,50.1150003],[8.5510082,50.1149583],[8.550987,50.114956],[8.5499616,50.1148467],[8.5495477,50.1148025],[8.549163,50.1147615],[8.5488994,50.1147334],[8.5484376,50.1146842],[8.5484202,50.1147502],[8.5481825,50.1147242],[8.5482026,50.1146581],[8.5483546,50.1140727],[8.5483707,50.1140106],[8.5484996,50.113514],[8.5485157,50.1134519],[8.5485796,50.1132058],[8.5486274,50.1130326],[8.5486048,50.1130301],[8.5486123,50.1130009],[8.5486018,50.1130128],[8.5485867,50.1130196],[8.5485733,50.1130218],[8.5485576,50.1130209],[8.5484503,50.1130028],[8.5477421,50.1128832],[8.5476536,50.1128637],[8.5475551,50.1128378],[8.5474858,50.1128168],[8.5474171,50.1127938],[8.5473317,50.1127616],[8.5472493,50.1127263],[8.5471934,50.1127005],[8.5471979,50.1126919],[8.5474816,50.1121468],[8.5475447,50.1119203],[8.547413,50.111888],[8.5473312,50.1118677],[8.5472592,50.1118499],[8.5471746,50.1118287],[8.5470889,50.1118072],[8.5469425,50.1117706],[8.5468424,50.1117455],[8.5467537,50.1117233],[8.5466715,50.1117027],[8.5464255,50.1116412],[8.5463474,50.1116222],[8.546325,50.1116161],[8.5461394,50.1115698],[8.5461124,50.1115631],[8.5459553,50.1115239],[8.5458215,50.1114905],[8.545811,50.1114879],[8.5457015,50.1114611],[8.5456225,50.1114412],[8.5455722,50.1114285],[8.5455439,50.1114214],[8.5454268,50.1113922],[8.5452221,50.1113411],[8.5453359,50.111242],[8.5457238,50.1109043],[8.5457652,50.1108683],[8.5458261,50.1108153],[8.5458876,50.1106926],[8.5461853,50.1100621],[8.5459603,50.1099474],[8.5458987,50.109916],[8.545846,50.1098893],[8.5457451,50.109838],[8.5456711,50.1098004],[8.5453972,50.1096611],[8.545259,50.1095909],[8.5448843,50.1094006],[8.5440919,50.1089754],[8.5432029,50.1083726],[8.5430663,50.1082799],[8.5427508,50.1080654],[8.5427039,50.1080317],[8.5423425,50.1077879],[8.5421328,50.1076253],[8.5419188,50.1074643],[8.5418343,50.1075387],[8.5417105,50.1074819],[8.5412776,50.1071533],[8.5414124,50.1070808],[8.5414598,50.1070547],[8.5415197,50.1070212],[8.5413746,50.1068709],[8.5413067,50.1068006],[8.5411665,50.1066555],[8.5411071,50.106594],[8.5410776,50.1065635],[8.5409648,50.1064467],[8.5409139,50.106394],[8.5408675,50.1063459],[8.5408579,50.1063362],[8.5408301,50.1063073],[8.5407351,50.1062122],[8.5406661,50.1061424],[8.540611,50.1060827],[8.5407863,50.1060293],[8.5408239,50.1060089],[8.5408835,50.105971],[8.5409227,50.1059411],[8.5409339,50.1059283],[8.5409436,50.105913],[8.540946,50.1058904],[8.5409298,50.1058703],[8.5409065,50.1058574],[8.5408531,50.1058327],[8.5406592,50.1057427],[8.5405618,50.1056975],[8.5404637,50.105652],[8.5403657,50.1056066],[8.540285,50.1055691],[8.5403247,50.1055195],[8.539861,50.1053142],[8.5394926,50.1051665],[8.5389942,50.1049737],[8.53782,50.1046182],[8.5385329,50.1031855],[8.5385269,50.103186],[8.5384,50.1031478],[8.5384133,50.1031177],[8.5384094,50.1031046],[8.5383978,50.1030935],[8.5383879,50.1030894],[8.5383955,50.1030809],[8.5384677,50.1029981],[8.5386311,50.1028108],[8.5387153,50.1027143],[8.5384628,50.1027034],[8.5384745,50.1025964],[8.5385099,50.1025971],[8.5385406,50.1025956],[8.5385712,50.1025918],[8.538601,50.1025856],[8.5386297,50.102577],[8.538653,50.1025679],[8.5386783,50.1025554],[8.5384816,50.1024469],[8.5378957,50.1021239],[8.5368853,50.1019389],[8.5360866,50.1017926],[8.5360221,50.1017808],[8.5360388,50.1016483],[8.5343163,50.1012549],[8.5343552,50.1011192],[8.5344378,50.100831],[8.5332583,50.1005729],[8.5333083,50.1004851],[8.5314821,50.1000842],[8.5294255,50.0996326],[8.5293496,50.099728],[8.5293191,50.0997662],[8.5294957,50.0998061],[8.5292731,50.1000867],[8.5290619,50.1003529],[8.5288966,50.100289],[8.5289421,50.1002297],[8.5286962,50.1001319],[8.5277451,50.0997542],[8.5277457,50.0997505],[8.5277012,50.0997315],[8.5274706,50.0996318],[8.5273343,50.0995548],[8.5272188,50.0994904],[8.5270412,50.0993955],[8.5268901,50.0993032],[8.5267378,50.09921],[8.5266749,50.0992527],[8.5266483,50.0992756],[8.5264843,50.0991524],[8.5264063,50.0990597],[8.5263455,50.0989874],[8.5262511,50.0988451],[8.5261695,50.0988089],[8.5261601,50.0988048],[8.5260142,50.0985847],[8.5258243,50.0983254],[8.5257359,50.0982047],[8.5255482,50.0981136],[8.5255227,50.0981004],[8.5252658,50.0979763],[8.5250893,50.097891],[8.5250269,50.0979288],[8.5249058,50.0978623],[8.5248064,50.0978076],[8.5246624,50.0979124],[8.524444,50.0980713],[8.5242913,50.0981825],[8.5241362,50.0982955],[8.5238977,50.098469],[8.5238045,50.0985368],[8.5236518,50.0986479],[8.5233901,50.0984992],[8.5231285,50.0983504],[8.5229258,50.0982351],[8.5228667,50.0982016],[8.5226572,50.0980825],[8.5223954,50.0979336],[8.5219504,50.0976807]]}},
{"type":"Feature","properties":{"full_id":"w313601952","osm_id":"313601952","osm_type":"way","boundary":"administrative","whitewater:section_grade":null,"foot":null,"admin_level":"10"},"geometry":{"type":"LineString","coordinates":[[8.6653536,50.1062034],[8.6693786,50.1024807]]}},
{"type":"Feature","properties":{"full_id":"w313601953","osm_id":"313601953","osm_type":"way","boundary":"administrative","whitewater:section_grade":null,"foot":null,"admin_level":"9"},"geometry":{"type":"LineString","coordinates":[[8.6219131,50.0887679],[8.6285558,50.088801],[8.6301226,50.0889341],[8.6321329,50.0893468],[8.6356284,50.0904507],[8.6418133,50.0929731],[8.6464922,50.0943482],[8.6496697,50.0949866],[8.6538978,50.0957517]]}},
{"type":"Feature","properties":{"full_id":"w313601954","osm_id":"313601954","osm_type":"way","boundary":"administrative","whitewater:section_grade":null,"foot":null,"admin_level":"9"},"geometry":{"type":"LineString","coordinates":[[8.6877648,50.1085183],[8.694791,50.1076934]]}},
{"type":"Feature","properties":{"full_id":"w313601955","osm_id":"313601955","osm_type":"way","boundary":"administrative","whitewater:section_grade":null,"foot":null,"admin_level":"9"},"geometry":{"type":"LineString","coordinates":[[8.6693786,50.1024807],[8.6746727,50.1055104]]}},
{"type":"Feature","properties":{"full_id":"w313601956","osm_id":"313601956","osm_type":"way","boundary":"administrative","whitewater:section_grade":null,"foot":null,"admin_level":"10"},"geometry":{"type":"LineString","coordinates":[[8.575869,50.0912352],[8.5771434,50.0922726],[8.5785421,50.0933097],[8.5802511,50.094825],[8.5818947,50.0958899],[8.5836854,50.096651],[8.5841262,50.0973039],[8.584099,50.0983653],[8.5840555,50.0991403],[8.5836799,50.100865],[8.5839031,50.1016086],[8.5843276,50.1023312],[8.585046,50.1028199],[8.5859331,50.1033925],[8.5875442,50.1040173],[8.5892041,50.1044746],[8.5913364,50.1047075],[8.5930666,50.1048923],[8.5941711,50.1050552],[8.5958722,50.1054378],[8.5984468,50.1060598],[8.600221,50.1069163],[8.5998323,50.1072002],[8.5971196,50.1081401],[8.5963359,50.1083932],[8.5952909,50.1091262],[8.5947439,50.1095084],[8.5946473,50.1100178],[8.5946054,50.1109107],[8.5943078,50.1116226],[8.594098,50.1122464],[8.593961,50.1132665],[8.5935827,50.1142256]]}},
{"type":"Feature","properties":{"full_id":"w313601957","osm_id":"313601957","osm_type":"way","boundary":"administrative","whitewater:section_grade":null,"foot":null,"admin_level":"10"},"geometry":{"type":"LineString","coordinates":[[8.5987391,50.1156081],[8.598414,50.1154861],[8.5980816,50.1153752],[8.5977423,50.115273],[8.5973963,50.1151801],[8.5953494,50.1146679],[8.5935827,50.1142256]]}},
{"type":"Feature","properties":{"full_id":"w313601958","osm_id":"313601958","osm_type":"way","boundary":"administrative","whitewater:section_grade":null,"foot":null,"admin_level":"10"},"geometry":{"type":"LineString","coordinates":[[8.7145219,50.0993985],[8.7147881,50.0980347],[8.7146537,50.0980051],[8.7147723,50.0961695],[8.7151998,50.0961306],[8.7151717,50.0957176],[8.715029,50.0957085],[8.714928,50.093389],[8.7159905,50.093348],[8.7161922,50.0895917],[8.7178473,50.0894871],[8.7192608,50.0895731],[8.7224182,50.0905466],[8.7233953,50.0913981],[8.7233977,50.0914004],[8.7238372,50.0918291],[8.7247336,50.0923047],[8.7251682,50.0924545],[8.7247753,50.0940709],[8.7252447,50.0941122],[8.7251806,50.0944441],[8.7257087,50.0942379],[8.7307025,50.0939942],[8.732296,50.0939739],[8.7324357,50.0939935],[8.7326745,50.0940163],[8.7352091,50.094726],[8.7358588,50.0921529],[8.7370463,50.0923435],[8.7378163,50.0926223],[8.7396866,50.093061],[8.7397884,50.0932989],[8.7389558,50.0953686],[8.7390864,50.0956089],[8.7391927,50.0959989],[8.7393703,50.0964338],[8.7397939,50.0966349],[8.7404549,50.0967856],[8.7404244,50.0973604],[8.740326,50.0983543],[8.7400063,50.0992273],[8.7393364,50.1007416],[8.7400701,50.1007543],[8.741298,50.1006298],[8.7417073,50.1006027],[8.7421166,50.100646],[8.7426694,50.1008247],[8.7428888,50.1010141],[8.7431968,50.101301],[8.7434795,50.1014688],[8.7445954,50.1017172]]}},
{"type":"Feature","properties":{"full_id":"w313601959","osm_id":"313601959","osm_type":"way","boundary":"administrative","whitewater:section_grade":null,"foot":null,"admin_level":"10"},"geometry":{"type":"LineString","coordinates":[[8.6685139,50.1132235],[8.6690588,50.1125318],[8.6710847,50.1101199],[8.6728718,50.10812],[8.6736095,50.1065531],[8.6746727,50.1055104]]}},
{"type":"Feature","properties":{"full_id":"w313601960","osm_id":"313601960","osm_type":"way","boundary":"administrative","whitewater:section_grade":null,"foot":null,"admin_level":"9"},"geometry":{"type":"LineString","coordinates":[[8.6768385,50.1063904],[8.681521,50.1080413],[8.6877648,50.1085183]]}},
{"type":"Feature","properties":{"full_id":"w313601961","osm_id":"313601961","osm_type":"way","boundary":"administrative","whitewater:section_grade":null,"foot":null,"admin_level":"10"},"geometry":{"type":"LineString","coordinates":[[8.6215196,50.0932461],[8.6242424,50.0931662],[8.6297822,50.0922005],[8.6330289,50.0928599],[8.6394596,50.0964541],[8.6392236,50.0967431],[8.6364126,50.0965367],[8.6346102,50.097046],[8.6472916,50.1021662],[8.6492515,50.1024526],[8.6573256,50.1057455],[8.6581521,50.1035237],[8.6622535,50.1050558],[8.6653536,50.1062034]]}},
{"type":"Feature","properties":{"full_id":"w313601962","osm_id":"313601962","osm_type":"way","boundary":"administrative","whitewater:section_grade":null,"foot":null,"admin_level":"6"},"geometry":{"type":"LineString","coordinates":[[8.56056,50.1260065],[8.5604676,50.1259662],[8.5554338,50.1238064],[8.555377,50.123782],[8.5532835,50.122926],[8.55318,50.1228836],[8.5531687,50.122879],[8.5520446,50.1224189]]}},
{"type":"Feature","properties":{"full_id":"w313601963","osm_id":"313601963","osm_type":"way","boundary":"administrative","whitewater:section_grade":null,"foot":null,"admin_level":"10"},"geometry":{"type":"LineString","coordinates":[[8.6605492,50.1095394],[8.6625518,50.1085555],[8.6632062,50.1082405],[8.663993,50.1079533],[8.6646111,50.1075296],[8.6650195,50.1069875],[8.6653536,50.1062034]]}},
{"type":"Feature","properties":{"full_id":"w313601964","osm_id":"313601964","osm_type":"way","boundary":"administrative","whitewater:section_grade":null,"foot":null,"admin_level":"10"},"geometry":{"type":"LineString","coordinates":[[8.5513153,50.098801],[8.553001,50.0990612],[8.5549901,50.0993319],[8.556631,50.0991858],[8.5589891,50.0987649],[8.5641371,50.0973186],[8.5737544,50.0922205],[8.575869,50.0912352]]}},
{"type":"Feature","properties":{"full_id":"w313601965","osm_id":"313601965","osm_type":"way","boundary":"administrative","whitewater:section_grade":null,"foot":null,"admin_level":"9"},"geometry":{"type":"LineString","coordinates":[[8.612954,50.1055512],[8.6146755,50.1055075],[8.6163322,50.1003134],[8.6187147,50.0969677],[8.6195261,50.0962372],[8.6200883,50.0957122],[8.6208427,50.0952739],[8.621284,50.0945296],[8.6215196,50.0932461]]}},
{"type":"Feature","properties":{"full_id":"w416097521","osm_id":"416097521","osm_type":"way","boundary":"administrative","whitewater:section_grade":null,"foot":null,"admin_level":"6"},"geometry":{"type":"LineString","coordinates":[[8.5487767,50.0252961],[8.5485521,50.0252577],[8.5485352,50.0252549],[8.543273,50.0243689],[8.5430322,50.0243284],[8.5414082,50.0239528],[8.5411473,50.0238924],[8.5386434,50.0233132],[8.5385815,50.0232989],[8.5385088,50.0232774],[8.538238,50.0231975],[8.5377515,50.023054],[8.533941,50.021933],[8.5320647,50.0214799],[8.5320181,50.0214686],[8.5314895,50.0213421],[8.5303486,50.0212859],[8.530029,50.0212701],[8.5299846,50.0212679],[8.5298704,50.0212623],[8.5293228,50.0212353],[8.5292976,50.0212341],[8.5292122,50.0212299],[8.5284655,50.0211933],[8.5281524,50.0211779],[8.5273643,50.0211399],[8.5272816,50.0211359],[8.5267628,50.0211109],[8.5264783,50.0210958],[8.5256409,50.0210548],[8.5247236,50.0210098],[8.5245498,50.0210013],[8.5234699,50.0209496],[8.5233983,50.0209449],[8.5233113,50.0209407],[8.5221746,50.0208849],[8.5221055,50.0208815],[8.521876,50.0208703],[8.5208183,50.0208183],[8.5207478,50.0208149],[8.5199879,50.0207793]]}},
{"type":"Feature","properties":{"full_id":"w438702139","osm_id":"438702139","osm_type":"way","boundary":"administrative","whitewater:section_grade":null,"foot":null,"admin_level":"6"},"geometry":{"type":"LineString","coordinates":[[8.7476344,50.0995403],[8.7481492,50.0991326],[8.7484889,50.098673],[8.7486799,50.0985149],[8.7495525,50.0977538],[8.7496838,50.0974449],[8.7497616,50.0973091],[8.7499896,50.0968079],[8.7502089,50.0964895],[8.7494259,50.0956749],[8.7493165,50.0949949],[8.7490018,50.0944958]]}},
{"type":"Feature","properties":{"full_id":"w521008358","osm_id":"521008358","osm_type":"way","boundary":"administrative","whitewater:section_grade":null,"foot":null,"admin_level":"6"},"geometry":{"type":"LineString","coordinates":[[8.7417945,50.1042282],[8.7418454,50.1041876],[8.7418395,50.1041177],[8.7419374,50.1036957],[8.7421573,50.1032061],[8.7423635,50.1029915],[8.7434848,50.1025622],[8.7443429,50.1020354],[8.7443843,50.1019922],[8.7445243,50.101935],[8.7445989,50.1018004],[8.7445759,50.1017866],[8.7445954,50.1017172]]}},
{"type":"Feature","properties":{"full_id":"w521008359","osm_id":"521008359","osm_type":"way","boundary":"administrative","whitewater:section_grade":null,"foot":null,"admin_level":"6"},"geometry":{"type":"LineString","coordinates":[[8.7261394,50.0730325],[8.7260601,50.0726217],[8.72593,50.0723119],[8.7260097,50.0721368],[8.7268326,50.0719237],[8.7277633,50.0716499],[8.7297213,50.0708391],[8.7303827,50.0706105],[8.7304938,50.0705],[8.7293163,50.0696357],[8.728222,50.0686323],[8.7281871,50.0683815],[8.7280902,50.0680873],[8.727824,50.0674904],[8.727609,50.0671161],[8.7274548,50.0668832],[8.7272169,50.0666528],[8.726826,50.0664863],[8.7259989,50.0662689],[8.7255062,50.0659703],[8.7252943,50.0658154],[8.7250918,50.0655976],[8.725013,50.0655246],[8.7249161,50.0654576],[8.724299,50.0651977],[8.723976,50.065131],[8.7235504,50.0650845],[8.7224506,50.0650544],[8.722486,50.0642876],[8.7230681,50.0641549],[8.7237547,50.0639188],[8.7242471,50.0635977],[8.7246224,50.0632361],[8.7248898,50.0628102],[8.7250365,50.0623337],[8.7249626,50.0617284]]}},
{"type":"Feature","properties":{"full_id":"w521008360","osm_id":"521008360","osm_type":"way","boundary":"administrative","whitewater:section_grade":null,"foot":null,"admin_level":"6"},"geometry":{"type":"LineString","coordinates":[[8.735355,50.1113246],[8.7296841,50.1096608],[8.7255224,50.1084935]]}},
{"type":"Feature","properties":{"full_id":"w521008362","osm_id":"521008362","osm_type":"way","boundary":"administrative","whitewater:section_grade":null,"foot":null,"admin_level":"6"},"geometry":{"type":"LineString","coordinates":[[8.7375343,50.0876489],[8.736909,50.087047],[8.7367946,50.086947],[8.7360161,50.0866232],[8.7355371,50.0861956],[8.7350462,50.0854435],[8.7343421,50.0844668],[8.7333844,50.0837567],[8.7321899,50.0822204],[8.7320227,50.0819598],[8.7315599,50.0806546],[8.7328272,50.0802001],[8.7333271,50.0797369],[8.7337503,50.0788468],[8.7343765,50.0780245],[8.734108,50.0769898],[8.7343313,50.0758914],[8.7322783,50.0749766],[8.7291579,50.0739888],[8.7282092,50.0736544],[8.7270715,50.0733646],[8.7261394,50.0730325]]}},
{"type":"Feature","properties":{"full_id":"w521009880","osm_id":"521009880","osm_type":"way","boundary":"administrative","whitewater:section_grade":null,"foot":null,"admin_level":"6"},"geometry":{"type":"LineString","coordinates":[[8.7384262,50.0883468],[8.7378189,50.0879233],[8.7375343,50.0876489]]}},
{"type":"Feature","properties":{"full_id":"w700659751","osm_id":"700659751","osm_type":"way","boundary":"administrative","whitewater:section_grade":null,"foot":null,"admin_level":"6"},"geometry":{"type":"LineString","coordinates":[[8.7380552,50.104685],[8.7390178,50.1047218],[8.73903,50.1045564],[8.7405002,50.1046131],[8.7405522,50.1042456],[8.7405825,50.1042291],[8.7417227,50.1042897],[8.7417945,50.1042282]]}},
{"type":"Feature","properties":{"full_id":"w700659752","osm_id":"700659752","osm_type":"way","boundary":"administrative","whitewater:section_grade":null,"foot":null,"admin_level":"6"},"geometry":{"type":"LineString","coordinates":[[8.7374229,50.1122463],[8.7369955,50.111991],[8.7361518,50.1115564],[8.735355,50.1113246]]}},
{"type":"Feature","properties":{"full_id":"w700663983","osm_id":"700663983","osm_type":"way","boundary":"administrative","whitewater:section_grade":null,"foot":null,"admin_level":"6"},"geometry":{"type":"LineString","coordinates":[[8.7582373,50.1124195],[8.7582252,50.1124299]]}},
{"type":"Feature","properties":{"full_id":"w700663989","osm_id":"700663989","osm_type":"way","boundary":"administrative","whitewater:section_grade":null,"foot":null,"admin_level":"6"},"geometry":{"type":"LineString","coordinates":[[8.7757126,50.108877],[8.7749142,50.1085548],[8.7734221,50.1081214],[8.7726446,50.1079826],[8.7716874,50.1078732],[8.7703433,50.1078432],[8.7688936,50.1079323],[8.7687156,50.1079614]]}},
{"type":"Feature","properties":{"full_id":"w1042356007","osm_id":"1042356007","osm_type":"way","boundary":"administrative","whitewater:section_grade":null,"foot":null,"admin_level":"6"},"geometry":{"type":"LineString","coordinates":[[8.4795272,50.110672],[8.4794807,50.1106384],[8.479027,50.1103066],[8.4790257,50.1103056],[8.4789796,50.1102719],[8.4789698,50.1102648],[8.4789314,50.1102367],[8.4786211,50.1100107],[8.4785545,50.1100349],[8.4778109,50.1103057],[8.4774131,50.1099795],[8.4770684,50.1096963],[8.4770382,50.1096715],[8.4767704,50.1094514],[8.4758701,50.1087105]]}},
{"type":"Feature","properties":{"full_id":"w1043844421","osm_id":"1043844421","osm_type":"way","boundary":"administrative","whitewater:section_grade":null,"foot":null,"admin_level":"6"},"geometry":{"type":"LineString","coordinates":[[8.5109297,50.0678292],[8.510954,50.0678482],[8.5109856,50.0678729],[8.5110324,50.0678515],[8.5137213,50.0666232],[8.513832,50.0665726],[8.5140191,50.0664871],[8.5140647,50.0665238],[8.5140892,50.0665435],[8.5141031,50.0665547],[8.5146271,50.0662982],[8.5147257,50.0663032],[8.5162429,50.0655678],[8.516533,50.0654272],[8.5166166,50.0654927],[8.5166403,50.0655112],[8.5169156,50.0653769],[8.517172,50.0652519],[8.5176346,50.0650262],[8.5177945,50.0649482],[8.5178011,50.0649449],[8.5171672,50.0642305],[8.5173091,50.0641427],[8.5173292,50.0641303],[8.5173593,50.0641117],[8.5174117,50.0640793],[8.5174579,50.0640507],[8.5175042,50.064022],[8.517559,50.0639851],[8.5175915,50.0639632],[8.5176566,50.0639192],[8.5177164,50.0638789],[8.5177757,50.0638389],[8.5179354,50.0637312],[8.5179954,50.0636886],[8.5180349,50.0636606],[8.5180808,50.063628],[8.5182112,50.0635355],[8.5183107,50.063465],[8.5184102,50.0633944],[8.5188719,50.0630669],[8.5188742,50.0630653],[8.5189798,50.0629849],[8.5190856,50.0629043],[8.5191929,50.0628092],[8.5193015,50.0627129],[8.5193685,50.0626536],[8.5194008,50.0626252],[8.5195742,50.0624809],[8.5201202,50.0620236],[8.5202057,50.0619521],[8.5203882,50.0617683]]}},
{"type":"Feature","properties":{"full_id":"w1050816793","osm_id":"1050816793","osm_type":"way","boundary":"administrative","whitewater:section_grade":null,"foot":null,"admin_level":"6"},"geometry":{"type":"LineString","coordinates":[[8.724033,50.1633684],[8.7239626,50.1633756],[8.7237988,50.1633927],[8.7237874,50.1633941],[8.7234408,50.1634304],[8.7233277,50.1634422],[8.7230075,50.1634759]]}},
{"type":"Feature","properties":{"full_id":"w1050816794","osm_id":"1050816794","osm_type":"way","boundary":"administrative","whitewater:section_grade":null,"foot":null,"admin_level":"6"},"geometry":{"type":"LineString","coordinates":[[8.7230075,50.1634759],[8.7229799,50.1635143],[8.7228465,50.1637015],[8.7228369,50.1637151],[8.7227631,50.1638178]]}},
{"type":"Feature","properties":{"full_id":"w1050816795","osm_id":"1050816795","osm_type":"way","boundary":"administrative","whitewater:section_grade":null,"foot":null,"admin_level":"6"},"geometry":{"type":"LineString","coordinates":[[8.735777,50.162924],[8.7357259,50.1629143],[8.7356591,50.1629016],[8.7356147,50.1628931],[8.7355483,50.1628805],[8.7354347,50.1628588],[8.7353871,50.1628497],[8.7352763,50.1628287],[8.7352066,50.1628154],[8.7351671,50.1628079],[8.7351392,50.162796],[8.7350744,50.1627682],[8.7350268,50.1627479],[8.7349765,50.1627264],[8.7349194,50.162702],[8.7348559,50.1626748],[8.73482,50.1626632],[8.7347456,50.1626391],[8.7343558,50.1625133],[8.7342705,50.1624857],[8.7341871,50.1624588],[8.7340094,50.1624015],[8.7339221,50.1623733],[8.7338338,50.1623447],[8.7336986,50.1623011],[8.7333076,50.1622437],[8.7330908,50.162212],[8.7329928,50.1621976],[8.7329784,50.1621979],[8.7311952,50.1622359],[8.731035,50.1622393],[8.7308014,50.1622443],[8.7307321,50.1622458],[8.730719,50.1622506],[8.7306333,50.1622824],[8.7305883,50.162299],[8.7305329,50.1623196],[8.7304884,50.1623361],[8.7304183,50.1623621],[8.7303494,50.1623876],[8.7302699,50.162417],[8.730188,50.1624474],[8.7301271,50.16247],[8.7300616,50.1624942],[8.7300048,50.1625153],[8.7299537,50.1625344],[8.7299038,50.1625528],[8.7298563,50.1625704],[8.7297904,50.1625949],[8.7297144,50.162623],[8.7296202,50.1626579],[8.7295517,50.1626834],[8.7295487,50.1626844],[8.7294737,50.1627122],[8.7293803,50.1627468],[8.7293242,50.1627676],[8.7292741,50.1627862],[8.7292598,50.1627915],[8.7291913,50.1628448],[8.7290539,50.1628326],[8.7287333,50.1628689]]}},
{"type":"Feature","properties":{"full_id":"w1060289015","osm_id":"1060289015","osm_type":"way","boundary":"administrative","whitewater:section_grade":null,"foot":null,"admin_level":"6"},"geometry":{"type":"LineString","coordinates":[[8.5984757,50.042253],[8.5984913,50.0422477],[8.5987273,50.0421682],[8.598778,50.0421512],[8.5990219,50.042069],[8.5990569,50.0420573],[8.599102,50.0420421],[8.5991232,50.0420349],[8.5992472,50.0419932],[8.5993832,50.0419474],[8.5994515,50.0419244],[8.5996588,50.0418546],[8.6009088,50.04103],[8.6028994,50.0404369],[8.6029297,50.0404278],[8.6029588,50.0404192],[8.6033438,50.0403045],[8.6037925,50.040142],[8.6047855,50.0397826],[8.6063291,50.0391377],[8.6063337,50.0391358],[8.6063904,50.039114],[8.6069892,50.0401403],[8.6072129,50.0404797],[8.6076295,50.0411117],[8.6082161,50.0420109],[8.6084254,50.0424131],[8.6087458,50.0430286],[8.6089751,50.043469],[8.6093628,50.0438282],[8.6098583,50.0442872],[8.6107218,50.0450876],[8.6108652,50.0452055],[8.6108657,50.045206],[8.6110732,50.0453765],[8.6115682,50.0457835],[8.6120143,50.0460911],[8.6121576,50.0461907],[8.6128762,50.0466854],[8.6129783,50.0467559],[8.613866,50.0474082],[8.6139069,50.0474383]]}},
{"type":"Feature","properties":{"full_id":"w1110313623","osm_id":"1110313623","osm_type":"way","boundary":"administrative","whitewater:section_grade":"0","foot":null,"admin_level":"10"},"geometry":{"type":"LineString","coordinates":[[8.6717757,50.1777897],[8.6711041,50.1778658]]}},
{"type":"Feature","properties":{"full_id":"w1110313625","osm_id":"1110313625","osm_type":"way","boundary":"administrative","whitewater:section_grade":"2","foot":null,"admin_level":"10"},"geometry":{"type":"LineString","coordinates":[[8.6711041,50.1778658],[8.6709279,50.1778857]]}},
{"type":"Feature","properties":{"full_id":"w1110313627","osm_id":"1110313627","osm_type":"way","boundary":"administrative","whitewater:section_grade":null,"foot":null,"admin_level":"9"},"geometry":{"type":"LineString","coordinates":[[8.7019888,50.1804801],[8.7002782,50.1810161],[8.6997615,50.1811152],[8.6993198,50.1811458],[8.6988867,50.1811568],[8.6984986,50.1810765],[8.6982051,50.1809239],[8.6981763,50.1808809],[8.6980276,50.1806586]]}},
{"type":"Feature","properties":{"full_id":"w1110313629","osm_id":"1110313629","osm_type":"way","boundary":"administrative","whitewater:section_grade":null,"foot":null,"admin_level":"9"},"geometry":{"type":"LineString","coordinates":[[8.6980276,50.1806586],[8.6979887,50.1806005],[8.697703,50.1801736]]}},
{"type":"Feature","properties":{"full_id":"w1138287314","osm_id":"1138287314","osm_type":"way","boundary":"administrative","whitewater:section_grade":null,"foot":null,"admin_level":"9"},"geometry":{"type":"LineString","coordinates":[[8.6126903,50.0700388],[8.614074,50.0728373],[8.616112,50.0768781],[8.6169053,50.0785102],[8.6176864,50.0803372],[8.6180481,50.0814922],[8.6182835,50.0829925],[8.6183592,50.0841797],[8.6182583,50.0857987],[8.6180228,50.0872449],[8.617614,50.089146]]}},
{"type":"Feature","properties":{"full_id":"w1138287315","osm_id":"1138287315","osm_type":"way","boundary":"administrative","whitewater:section_grade":null,"foot":null,"admin_level":"9"},"geometry":{"type":"LineString","coordinates":[[8.617614,50.089146],[8.6186867,50.0891582],[8.6219131,50.0887679]]}},
{"type":"Feature","properties":{"full_id":"w1162120428","osm_id":"1162120428","osm_type":"way","boundary":"administrative","whitewater:section_grade":null,"foot":null,"admin_level":"6"},"geometry":{"type":"LineString","coordinates":[[8.5450127,50.1197805],[8.5429076,50.1190461]]}},
{"type":"Feature","properties":{"full_id":"w1162120429","osm_id":"1162120429","osm_type":"way","boundary":"administrative","whitewater:section_grade":null,"foot":null,"admin_level":"6"},"geometry":{"type":"LineString","coordinates":[[8.5489968,50.1213223],[8.5489079,50.121293],[8.5460033,50.120123],[8.5450127,50.1197805]]}},
{"type":"Feature","properties":{"full_id":"w1167327876","osm_id":"1167327876","osm_type":"way","boundary":"administrative","whitewater:section_grade":null,"foot":null,"admin_level":"6"},"geometry":{"type":"LineString","coordinates":[[8.7108053,50.1740263],[8.7107614,50.1740124],[8.7106899,50.1741032],[8.7104629,50.1743913],[8.7100716,50.1748881],[8.7094934,50.1756224],[8.7093984,50.1757431],[8.7091934,50.1760034],[8.7091431,50.1760673],[8.7092792,50.1761538],[8.7092121,50.1763645],[8.7091983,50.1764079],[8.7091807,50.1764632],[8.7091643,50.1765147],[8.7091473,50.1765682],[8.7090925,50.1767402],[8.709064,50.1768296],[8.7090272,50.1768317],[8.7090045,50.1769951],[8.7089984,50.1770394],[8.7089985,50.1770687],[8.7089991,50.1771591],[8.7089996,50.1772498],[8.7090272,50.1773136],[8.7091545,50.1776084],[8.7091596,50.1776203],[8.7093007,50.1778487],[8.7088385,50.1779865],[8.709258,50.1784634],[8.7092374,50.1784963],[8.7091913,50.1785696],[8.7090289,50.1788277],[8.7090122,50.1788556],[8.7090075,50.1788629],[8.7090045,50.1788678],[8.708971,50.1789217],[8.7089257,50.1789239],[8.7087277,50.1789336],[8.7082003,50.1789836],[8.7080266,50.1790001],[8.7073085,50.1791053],[8.7061132,50.1792193]]}},
{"type":"Feature","properties":{"full_id":"w1167327877","osm_id":"1167327877","osm_type":"way","boundary":"administrative","whitewater:section_grade":null,"foot":null,"admin_level":"6"},"geometry":{"type":"LineString","coordinates":[[8.7287333,50.1628689],[8.7277077,50.1629851],[8.7274365,50.1630158],[8.7273014,50.1630311],[8.7271718,50.1630483],[8.7271032,50.1630574],[8.7269146,50.1630824],[8.7267024,50.1631106],[8.7264808,50.16314],[8.7262627,50.163169],[8.7260511,50.1631971],[8.7260387,50.1631987],[8.7260089,50.1632027],[8.7258164,50.1632068],[8.725604,50.1632114],[8.7251731,50.1632208],[8.7249948,50.1632246],[8.7249657,50.1632304],[8.7247641,50.1632704],[8.724563,50.1633103],[8.7245343,50.1633159],[8.7243636,50.1633337],[8.7241892,50.1633519],[8.7240563,50.1633658],[8.724033,50.1633684]]}},
{"type":"Feature","properties":{"full_id":"w1241975859","osm_id":"1241975859","osm_type":"way","boundary":"administrative","whitewater:section_grade":null,"foot":null,"admin_level":"10"},"geometry":{"type":"LineString","coordinates":[[8.510836,50.1023686],[8.5107111,50.1024595],[8.5107002,50.1024673],[8.5105939,50.1025444],[8.5104696,50.1026345],[8.5102432,50.1027985],[8.5101495,50.1028664],[8.5100065,50.1029694],[8.5099235,50.1030159],[8.5097947,50.1030878],[8.509666,50.1031597],[8.5095578,50.1032202],[8.5093635,50.1033288],[8.5092403,50.1033976],[8.5090333,50.1035133],[8.5088708,50.103604],[8.5087592,50.1036664],[8.5086514,50.1037267],[8.5085878,50.1037622],[8.5084853,50.1038194],[8.5083744,50.1038814],[8.5082817,50.1038347],[8.5082558,50.1038422],[8.5081941,50.1038601],[8.5080784,50.1038937],[8.5079327,50.103936],[8.5078973,50.1039463],[8.5077796,50.1039805],[8.507655,50.1040167],[8.5076093,50.1040405],[8.5074293,50.1041345],[8.50724,50.1042333],[8.5071969,50.1042557],[8.5071224,50.1042946],[8.5069701,50.1043741],[8.5069096,50.1044057],[8.5068229,50.1044509],[8.5067514,50.1044882],[8.5066771,50.104527],[8.5066117,50.1045611],[8.5060976,50.1043586],[8.5060369,50.1044079],[8.5059725,50.1044604],[8.5059543,50.1044753],[8.5059111,50.1045104],[8.5058564,50.1045549],[8.5058139,50.1045895],[8.505793,50.1046066],[8.5057017,50.1046809],[8.5055975,50.1047658],[8.50578,50.1048332],[8.5058226,50.1048489],[8.5056867,50.1049808],[8.5056714,50.1049956],[8.5056475,50.1050188],[8.505625,50.1050406],[8.5055477,50.1051144],[8.5054008,50.1052],[8.5053069,50.1053059],[8.5052791,50.1053364],[8.5052576,50.1053602],[8.5052434,50.1053757],[8.5056346,50.1055113],[8.5056471,50.1055647],[8.505596,50.105598],[8.5052073,50.1058515],[8.5050418,50.1059595],[8.5046819,50.1061942],[8.5043179,50.1064317],[8.5040864,50.1065827],[8.5039795,50.1066525],[8.5038525,50.1067354],[8.5036209,50.1068865],[8.5034971,50.1069673],[8.5031742,50.1071781],[8.5024475,50.1076526],[8.5023477,50.1077176],[8.5022942,50.1077468]]}},
{"type":"Feature","properties":{"full_id":"w1377407356","osm_id":"1377407356","osm_type":"way","boundary":"administrative","whitewater:section_grade":null,"foot":null,"admin_level":"10"},"geometry":{"type":"LineString","coordinates":[[8.6624753,50.1429211],[8.6604584,50.1411701],[8.6603034,50.140991],[8.6597049,50.1404874],[8.659834,50.1404187]]}},
{"type":"Feature","properties":{"full_id":"w1377407358","osm_id":"1377407358","osm_type":"way","boundary":"administrative","whitewater:section_grade":null,"foot":null,"admin_level":"10"},"geometry":{"type":"LineString","coordinates":[[8.659834,50.1404187],[8.659299,50.1391801],[8.6591319,50.1389053],[8.6586332,50.1377465],[8.6587704,50.1372189],[8.6567867,50.1372993],[8.6563111,50.1372265],[8.6556213,50.1369569],[8.6556652,50.136381],[8.6556298,50.1363657],[8.6558206,50.1361681]]}}
]
}
