{
    "type": "FeatureCollection",
    "title": "Frankfurt DEFAULT",
    "text": null,
    "id": "10d1de60-c5d2-4968-b9b2-3a47fef24122",
    "features": [
        {
            "type": "Feature",
            "geometry": {
                "type": "Point",
                "coordinates": [
                    8.6629336,
                    50.1037056
                ]
            },
            "properties": {
                "id": "6118af23-efa3-44e1-a3bf-f23eb05a758b",
                "created_at": "2026-09-08T18:51:15.821Z",
                "updated_at": "2026-09-08T18:51:15.884Z",
                "since": "2026-09-08T18:51:15.821Z",
                "title": "Stuttgarter Straße 18",
                "slug": "stuttgarter-strasse-18",
                "published": true,
                "buildingType": "",
                "building_type": [],
                "owner": "",
                "road": "Stuttgarter Straße",
                "zip": "60329",
                "startdate": null,
                "enddate": null,
                "text": null,
                "featured": false,
                "shy": false,
                "user_id": "8b946893-e0ac-4a61-8bc1-3a3ce597d88f",
                "map_id": "fa8b1e4d-f201-448a-afe9-d7e54215a8ec",
                "status": "vacancy"
            }
        },
        {
            "type": "Feature",
            "geometry": {
                "type": "Point",
                "coordinates": [
                    8.6675166,
                    50.1230911
                ]
            },
            "properties": {
                "id": "b5e2a22f-6971-4c51-8cd0-ad1247528a7c",
                "created_at": "2026-09-08T09:44:30.838Z",
                "updated_at": "2026-09-08T09:49:39.071Z",
                "since": "2026-09-08T09:44:30.838Z",
                "title": "Oberlindau 111",
                "slug": "oberlindau-111",
                "published": true,
                "buildingType": "",
                "building_type": [
                    "residential"
                ],
                "owner": "",
                "road": "Oberlindau",
                "zip": "60322",
                "startdate": null,
                "enddate": null,
                "text": "laut Passant Leerstand bereits länger, letzter Mieter wohl Anfang des Jahres ausgezogen. ",
                "featured": false,
                "shy": false,
                "user_id": "939f6702-e5e2-4fcd-b1a5-09ae3c4f7b9c",
                "map_id": "fa8b1e4d-f201-448a-afe9-d7e54215a8ec",
                "status": "vacancy"
            }
        },
        {
            "type": "Feature",
            "geometry": {
                "type": "Point",
                "coordinates": [
                    8.6859853,
                    50.0948889
                ]
            },
            "properties": {
                "id": "065b6ec5-ea17-468b-8290-1418eb79105a",
                "created_at": "2026-09-02T15:27:05.379Z",
                "updated_at": "2026-09-02T15:56:58.362Z",
                "since": "2026-09-02T15:27:05.379Z",
                "title": "Großer Hasenpfad 66",
                "slug": "grosser-hasenpfad-66",
                "published": true,
                "buildingType": "",
                "building_type": [
                    "residential"
                ],
                "owner": "",
                "road": "Großer Hasenpfad",
                "zip": "60598",
                "startdate": null,
                "enddate": null,
                "text": "Leerstand in Kernsanierung mit geplanten Anbau ",
                "featured": false,
                "shy": false,
                "user_id": "8ac0bf5e-3a39-47a4-ab37-0f08e7b51c22",
                "map_id": "fa8b1e4d-f201-448a-afe9-d7e54215a8ec",
                "status": "vacancy"
            }
        },
        {
            "type": "Feature",
            "geometry": {
                "type": "Point",
                "coordinates": [
                    8.68760451649418,
                    50.0974685
                ]
            },
            "properties": {
                "id": "97f3f664-cf8e-48e5-8905-33401bd8a303",
                "created_at": "2026-03-01T17:21:07.583Z",
                "updated_at": "2026-09-02T15:22:17.383Z",
                "since": "2026-03-01T17:21:07.583Z",
                "title": "Tucholskystraße 6",
                "slug": "tucholskystrasse-6",
                "published": true,
                "buildingType": "",
                "building_type": [],
                "owner": "",
                "road": "Tucholskystraße",
                "zip": "60598",
                "startdate": null,
                "enddate": null,
                "text": null,
                "featured": false,
                "shy": false,
                "user_id": "20922de7-7e05-4dcb-b122-e6e9a543e2e2",
                "map_id": "fa8b1e4d-f201-448a-afe9-d7e54215a8ec",
                "status": "alive"
            }
        },
        {
            "type": "Feature",
            "geometry": {
                "type": "Point",
                "coordinates": [
                    8.6885389,
                    50.0943529
                ]
            },
            "properties": {
                "id": "1d863260-07f0-4e5b-b34e-767f3295e132",
                "created_at": "2026-09-02T15:13:32.024Z",
                "updated_at": "2026-09-02T15:54:41.253Z",
                "since": "2026-09-02T15:13:32.024Z",
                "title": "Grethenweg 92",
                "slug": "grethenweg-92",
                "published": true,
                "buildingType": "",
                "building_type": [
                    "residential"
                ],
                "owner": "",
                "road": "Grethenweg",
                "zip": "60598",
                "startdate": null,
                "enddate": null,
                "text": null,
                "featured": false,
                "shy": false,
                "user_id": "8ac0bf5e-3a39-47a4-ab37-0f08e7b51c22",
                "map_id": "fa8b1e4d-f201-448a-afe9-d7e54215a8ec",
                "status": "vacancy"
            }
        },
        {
            "type": "Feature",
            "geometry": {
                "type": "Point",
                "coordinates": [
                    8.6885373,
                    50.0945432
                ]
            },
            "properties": {
                "id": "c0442edc-7f1d-4f6c-b232-394ec269cfab",
                "created_at": "2026-09-02T15:10:21.207Z",
                "updated_at": "2026-09-02T15:56:30.674Z",
                "since": "2026-09-02T15:10:21.207Z",
                "title": "Grethenweg 90",
                "slug": "grethenweg-90",
                "published": true,
                "buildingType": "",
                "building_type": [],
                "owner": "",
                "road": "Grethenweg",
                "zip": "60598",
                "startdate": null,
                "enddate": null,
                "text": null,
                "featured": false,
                "shy": false,
                "user_id": "8ac0bf5e-3a39-47a4-ab37-0f08e7b51c22",
                "map_id": "fa8b1e4d-f201-448a-afe9-d7e54215a8ec",
                "status": "vacancy"
            }
        },
        {
            "type": "Feature",
            "geometry": {
                "type": "Point",
                "coordinates": [
                    8.6851977,
                    50.0905727
                ]
            },
            "properties": {
                "id": "1f9e8fb0-64ca-475a-bd22-d1aef29e894b",
                "created_at": "2026-09-02T11:18:57.677Z",
                "updated_at": "2026-09-02T15:01:45.659Z",
                "since": "2022-02-02",
                "title": "Letzter Hasenpfad 95",
                "slug": "letzter-hasenpfad-95",
                "published": true,
                "buildingType": "",
                "building_type": [
                    "residential"
                ],
                "owner": "",
                "road": "Letzter Hasenpfad",
                "zip": "60598",
                "startdate": null,
                "enddate": null,
                "text": "Sehr zugesicherter Vorgarten und Einfahrt, wird zweimal im Jahr gemäht ",
                "featured": false,
                "shy": false,
                "user_id": "8ac0bf5e-3a39-47a4-ab37-0f08e7b51c22",
                "map_id": "fa8b1e4d-f201-448a-afe9-d7e54215a8ec",
                "status": "vacancy"
            }
        },
        {
            "type": "Feature",
            "geometry": {
                "type": "Point",
                "coordinates": [
                    8.6853695,
                    50.0901507
                ]
            },
            "properties": {
                "id": "cbd9f974-cd4b-4db0-aca4-0a379fe0e742",
                "created_at": "2026-09-02T14:57:52.813Z",
                "updated_at": "2026-09-02T16:02:22.018Z",
                "since": "2026-09-02",
                "title": "Bauruine- Letzter Hasenpfad 113",
                "slug": "bauruine-letzter-hasenpfad-113",
                "published": true,
                "buildingType": "",
                "building_type": [],
                "owner": "",
                "road": "Letzter Hasenpfad",
                "zip": "60598",
                "startdate": null,
                "enddate": null,
                "text": "Geschossaufstockung seit Jahren unvollendet ",
                "featured": false,
                "shy": false,
                "user_id": "8ac0bf5e-3a39-47a4-ab37-0f08e7b51c22",
                "map_id": "fa8b1e4d-f201-448a-afe9-d7e54215a8ec",
                "status": "vacancy"
            }
        },
        {
            "type": "Feature",
            "geometry": {
                "type": "Point",
                "coordinates": [
                    8.68301244581463,
                    50.090245949999996
                ]
            },
            "properties": {
                "id": "fc50ad8d-9516-4aef-b368-db38ad8435b9",
                "created_at": "2023-09-12T18:36:25.820Z",
                "updated_at": "2026-09-02T14:54:13.697Z",
                "since": "2023-09-12T18:36:25.820Z",
                "title": "Grundstück und Haus verwuchern",
                "slug": "grundstuck-und-haus-verwuchern",
                "published": true,
                "buildingType": null,
                "building_type": [],
                "owner": null,
                "road": "Ludwig-Zamenhof-Weg 8",
                "zip": "60598",
                "startdate": null,
                "enddate": null,
                "text": "Haus seit mehreren Jahren unbewohnt.",
                "featured": false,
                "shy": false,
                "user_id": "716e43a3-cdc6-4ece-bf50-81741e26e2dc",
                "map_id": "fa8b1e4d-f201-448a-afe9-d7e54215a8ec",
                "status": "vacancy"
            }
        },
        {
            "type": "Feature",
            "geometry": {
                "type": "Point",
                "coordinates": [
                    8.68114185970657,
                    50.0888564
                ]
            },
            "properties": {
                "id": "106a7ee7-0b2f-4ca0-9bff-cabfd3c90251",
                "created_at": "2019-05-29T08:17:21.525Z",
                "updated_at": "2026-09-02T14:49:49.414Z",
                "since": "2019-05-29T08:17:21.525Z",
                "title": "Leerstehende Doppelhaushälfte",
                "slug": "leerstehende-doppelhaushalfte-106a7ee7-0b2f-4ca0-9bff-cabfd3c90251",
                "published": true,
                "buildingType": "locations.building_type_options.residential",
                "building_type": [
                    "locations.building_type_options.residential"
                ],
                "owner": "private",
                "road": "Esperantostraße 1",
                "zip": "60589",
                "startdate": null,
                "enddate": null,
                "text": "Eher heruntergekommendes Haus. Ein Stockwerk. Sehr ruhige Gegend. Steht wohl schon länger leer.",
                "featured": false,
                "shy": false,
                "user_id": "601a4baa-d58b-49c3-86a7-c13f6e63695e",
                "map_id": "fa8b1e4d-f201-448a-afe9-d7e54215a8ec",
                "status": "vacancy"
            }
        },
        {
            "type": "Feature",
            "geometry": {
                "type": "Point",
                "coordinates": [
                    8.6868294,
                    50.096627
                ]
            },
            "properties": {
                "id": "305d8dc8-62f4-4b35-94e1-2ff2a32c39eb",
                "created_at": "2026-09-02T12:02:06.050Z",
                "updated_at": "2026-09-02T16:00:36.310Z",
                "since": "2026-01-02",
                "title": "Großer Hasenpfad 37",
                "slug": "grosser-hasenpfad-37",
                "published": true,
                "buildingType": "",
                "building_type": [
                    "residential"
                ],
                "owner": "",
                "road": "Großer Hasenpfad",
                "zip": "60598",
                "startdate": null,
                "enddate": null,
                "text": "Wird seit Monaten kernsaniert im Leerstand",
                "featured": false,
                "shy": false,
                "user_id": "8ac0bf5e-3a39-47a4-ab37-0f08e7b51c22",
                "map_id": "fa8b1e4d-f201-448a-afe9-d7e54215a8ec",
                "status": "vacancy"
            }
        },
        {
            "type": "Feature",
            "geometry": {
                "type": "Point",
                "coordinates": [
                    8.6868952,
                    50.0968851
                ]
            },
            "properties": {
                "id": "a1382172-e759-460a-abbc-a71959197126",
                "created_at": "2026-09-02T11:37:50.555Z",
                "updated_at": "2026-09-02T15:48:54.637Z",
                "since": "2026-09-02T11:37:50.555Z",
                "title": "Großer Hasenpfad 25",
                "slug": "grosser-hasenpfad-25",
                "published": true,
                "buildingType": "",
                "building_type": [
                    "residential"
                ],
                "owner": "business",
                "road": "Großer Hasenpfad",
                "zip": "60598",
                "startdate": null,
                "enddate": null,
                "text": "Zahlreiche Wohnungen stehen leer, teilweise seit 2 Jahren. ",
                "featured": false,
                "shy": false,
                "user_id": "8ac0bf5e-3a39-47a4-ab37-0f08e7b51c22",
                "map_id": "fa8b1e4d-f201-448a-afe9-d7e54215a8ec",
                "status": "vacancy"
            }
        },
        {
            "type": "Feature",
            "geometry": {
                "type": "Point",
                "coordinates": [
                    8.6910666,
                    50.1000207
                ]
            },
            "properties": {
                "id": "13111cbc-530f-4ae9-a0cc-9d0dfb3041ad",
                "created_at": "2026-09-02T11:29:01.978Z",
                "updated_at": "2026-09-02T11:33:30.364Z",
                "since": "2026-05-01",
                "title": "Berg-Apotheke am Wendelsplatz",
                "slug": "berg-apotheke-am-wendelsplatz",
                "published": true,
                "buildingType": "",
                "building_type": [
                    "residential",
                    "commercial"
                ],
                "owner": "business",
                "road": "Darmstädter Landstraße",
                "zip": "60598",
                "startdate": null,
                "enddate": null,
                "text": "Apotheke steht schon seit Jahren leer. Wohnungen stehen ebenfalls leer",
                "featured": false,
                "shy": false,
                "user_id": "8ac0bf5e-3a39-47a4-ab37-0f08e7b51c22",
                "map_id": "fa8b1e4d-f201-448a-afe9-d7e54215a8ec",
                "status": "vacancy"
            }
        },
        {
            "type": "Feature",
            "geometry": {
                "type": "Point",
                "coordinates": [
                    8.6855603,
                    50.0918949
                ]
            },
            "properties": {
                "id": "d9f6dad3-904e-48f4-9099-f96e6a5bc611",
                "created_at": "2026-09-02T11:14:29.348Z",
                "updated_at": "2026-09-02T11:15:12.200Z",
                "since": "2026-09-02T11:14:29.348Z",
                "title": "Großer Hasenpfad 128",
                "slug": "grosser-hasenpfad-128",
                "published": true,
                "buildingType": "",
                "building_type": [
                    "residential"
                ],
                "owner": "",
                "road": "Großer Hasenpfad",
                "zip": "60598",
                "startdate": null,
                "enddate": null,
                "text": null,
                "featured": false,
                "shy": false,
                "user_id": "8ac0bf5e-3a39-47a4-ab37-0f08e7b51c22",
                "map_id": "fa8b1e4d-f201-448a-afe9-d7e54215a8ec",
                "status": "vacancy"
            }
        },
        {
            "type": "Feature",
            "geometry": {
                "type": "Point",
                "coordinates": [
                    8.6865402,
                    50.0947143
                ]
            },
            "properties": {
                "id": "64ff5fda-0327-47bb-90cb-76e3c5b43d04",
                "created_at": "2026-09-02T11:07:24.203Z",
                "updated_at": "2026-09-02T15:36:30.358Z",
                "since": "2026-07-02",
                "title": "Großer Hasenpfad 75",
                "slug": "grosser-hasenpfad-75",
                "published": true,
                "buildingType": "",
                "building_type": [
                    "residential"
                ],
                "owner": "",
                "road": "Großer Hasenpfad",
                "zip": "60598",
                "startdate": null,
                "enddate": null,
                "text": null,
                "featured": false,
                "shy": false,
                "user_id": "8ac0bf5e-3a39-47a4-ab37-0f08e7b51c22",
                "map_id": "fa8b1e4d-f201-448a-afe9-d7e54215a8ec",
                "status": "vacancy"
            }
        },
        {
            "type": "Feature",
            "geometry": {
                "type": "Point",
                "coordinates": [
                    8.7572997,
                    50.1189696
                ]
            },
            "properties": {
                "id": "d1ee7aeb-f3ad-4f8f-a758-2b860f81fd4c",
                "created_at": "2013-10-23T20:10:55.000Z",
                "updated_at": "2026-09-02T10:46:40.786Z",
                "since": "2013-10-23T20:10:55.000Z",
                "title": "Carl-Benz-Straße 35",
                "slug": "carl-benz-strasse-35",
                "published": true,
                "buildingType": "Bürogebäude",
                "building_type": [
                    "Bürogebäude"
                ],
                "owner": "private",
                "road": "Carl-Benz-Straße 35",
                "zip": "60386",
                "startdate": null,
                "enddate": null,
                "text": "Mit seiner kunstvollen Fassade und seiner Lage ist dies Gebäude schon etwas Besonderes. 1750 qm stehen zur Zeit zur Vermietung.http://www.immobilienscout24.de/expose/32193320",
                "featured": false,
                "shy": false,
                "user_id": "601a4baa-d58b-49c3-86a7-c13f6e63695e",
                "map_id": "fa8b1e4d-f201-448a-afe9-d7e54215a8ec",
                "status": "alive"
            }
        },
        {
            "type": "Feature",
            "geometry": {
                "type": "Point",
                "coordinates": [
                    8.67466,
                    50.1246
                ]
            },
            "properties": {
                "id": "ff336970-42f6-4d33-bb9e-c4d466dba287",
                "created_at": "2013-05-30T15:53:53.000Z",
                "updated_at": "2026-09-02T09:34:57.692Z",
                "since": "2013-05-30T15:53:53.000Z",
                "title": "Eschersheimer Landstrasse 93",
                "slug": "eschersheimer-landstrasse-93",
                "published": true,
                "buildingType": "Wohngebäude",
                "building_type": [
                    "Wohngebäude"
                ],
                "owner": null,
                "road": "Eschersheimer Landstraße 93",
                "zip": "60322",
                "startdate": null,
                "enddate": null,
                "text": "Das Gebäude steht seit langem leer. Es ist hier auf dem Leerstandsmelder evtl. unter einer caritativen Organsiation eingetragen und nicht unter dieser Adresse. So finde ich nicht, ob es nun eine Doppeleintragung ist.",
                "featured": false,
                "shy": false,
                "user_id": "2c988ac3-2a25-4b9f-85e5-1b2f540bd408",
                "map_id": "fa8b1e4d-f201-448a-afe9-d7e54215a8ec",
                "status": "alive"
            }
        },
        {
            "type": "Feature",
            "geometry": {
                "type": "Point",
                "coordinates": [
                    8.67327,
                    50.12072
                ]
            },
            "properties": {
                "id": "fa5d0145-cdb3-4016-b052-a4b500a0aa98",
                "created_at": "2011-09-29T19:30:30.000Z",
                "updated_at": "2026-09-02T09:29:08.401Z",
                "since": "2011-09-29T19:30:30.000Z",
                "title": "Im Trutz Frankfurt 49",
                "slug": "im-trutz-frankfurt-49",
                "published": true,
                "buildingType": "Bürogebäude",
                "building_type": [
                    "Bürogebäude"
                ],
                "owner": "private",
                "road": "Im Trutz Frankfurt 49",
                "zip": "60322",
                "startdate": null,
                "enddate": null,
                "text": "Die vier Etagen des Gebäudes aus den 70er Jahren stehen komplett leer. Abgerissen wird es wohl nicht, aber eventuell grundsaniert - also warum nicht gleich zu Wohnungen umbauen, denn in der unmittelbaren Nachbarschaft stehen ohnehin ausschließlich Wohngebäude...",
                "featured": false,
                "shy": false,
                "user_id": "601a4baa-d58b-49c3-86a7-c13f6e63695e",
                "map_id": "fa8b1e4d-f201-448a-afe9-d7e54215a8ec",
                "status": "alive"
            }
        },
        {
            "type": "Feature",
            "geometry": {
                "type": "Point",
                "coordinates": [
                    8.66978,
                    50.1054
                ]
            },
            "properties": {
                "id": "1523e6f7-8556-42e7-8d8a-a9443f68ceef",
                "created_at": "2014-11-01T19:55:15.000Z",
                "updated_at": "2026-09-02T08:20:36.203Z",
                "since": "2014-11-01T19:55:15.000Z",
                "title": "Wohnhaus Windmühlstr. 9",
                "slug": "wohnhaus-windmuhlstr-9",
                "published": true,
                "buildingType": "Wohngebäude",
                "building_type": [
                    "Wohngebäude"
                ],
                "owner": "private",
                "road": "Windmühlstraße 9",
                "zip": "60329",
                "startdate": null,
                "enddate": null,
                "text": "Das gründerzeitliche Wochngebäude mit drei Geschossen steht scheinbar komplett leer.",
                "featured": false,
                "shy": false,
                "user_id": "12c472c3-c569-486d-a54d-2767e4b0cfa3",
                "map_id": "fa8b1e4d-f201-448a-afe9-d7e54215a8ec",
                "status": "alive"
            }
        },
        {
            "type": "Feature",
            "geometry": {
                "type": "Point",
                "coordinates": [
                    8.66755,
                    50.1049
                ]
            },
            "properties": {
                "id": "30c57393-e92c-43b8-a621-3d12f96b06f3",
                "created_at": "2014-11-01T19:42:34.000Z",
                "updated_at": "2026-09-02T08:19:11.295Z",
                "since": "2014-11-01T19:42:34.000Z",
                "title": "Gutleutstr. 75",
                "slug": "gutleutstr-75",
                "published": true,
                "buildingType": "Bürogebäude",
                "building_type": [
                    "Bürogebäude"
                ],
                "owner": "private",
                "road": "Gutleutstraße 75",
                "zip": "60329",
                "startdate": null,
                "enddate": null,
                "text": "Das sechsgeschossige Bürogebäude steht komplett leer.",
                "featured": false,
                "shy": false,
                "user_id": "12c472c3-c569-486d-a54d-2767e4b0cfa3",
                "map_id": "fa8b1e4d-f201-448a-afe9-d7e54215a8ec",
                "status": "vacancy"
            }
        },
        {
            "type": "Feature",
            "geometry": {
                "type": "Point",
                "coordinates": [
                    8.65933749272288,
                    50.11449855
                ]
            },
            "properties": {
                "id": "43468d0b-a876-41fc-a6ec-88e45dd904c3",
                "created_at": "2025-10-27T12:15:41.589Z",
                "updated_at": "2026-09-02T07:29:57.766Z",
                "since": "2025-10-27T12:15:41.589Z",
                "title": "Savignystraße 76",
                "slug": "savignystrasse-76",
                "published": true,
                "buildingType": "",
                "building_type": [
                    "residential",
                    "commercial"
                ],
                "owner": "business",
                "road": "Savignystraße",
                "zip": "60325",
                "startdate": null,
                "enddate": null,
                "text": "Das Objekt ist zwar eingerüstet, aber seit etwa zwei Jahren wird dort nicht mehr gearbeitet. Das im Artikel der FR erwähnte Ehepaar ist 2023 ausgezogen.",
                "featured": false,
                "shy": false,
                "user_id": "c95c36f7-1179-4ad3-83cb-52d5f68d9e14",
                "map_id": "fa8b1e4d-f201-448a-afe9-d7e54215a8ec",
                "status": "vacancy"
            }
        },
        {
            "type": "Feature",
            "geometry": {
                "type": "Point",
                "coordinates": [
                    8.655566,
                    50.1128204
                ]
            },
            "properties": {
                "id": "92bb8201-50c6-40fd-8e91-e5808ebf3ff8",
                "created_at": "2021-09-09T13:41:39.033Z",
                "updated_at": "2026-09-02T07:28:25.917Z",
                "since": "2021-09-09T13:41:39.033Z",
                "title": "Mehrfamilienhaus",
                "slug": "mehrfamilienhaus-92bb8201-50c6-40fd-8e91-e5808ebf3ff8",
                "published": true,
                "buildingType": "locations.building_type_options.residential",
                "building_type": [
                    "locations.building_type_options.residential"
                ],
                "owner": "locations.unknown",
                "road": "Wilhelm-Hauff-Straße 2",
                "zip": "60325",
                "startdate": null,
                "enddate": null,
                "text": "Das Mehrfamilienhaus steht schon seit ca. 4 Jahren leer. Seit Jahren wird nicht weitergebaut. Foto ist nicht aktuell seit min. 3 Jahren befindet es sich im Umbau. seit ca. 2,5 Jahren ist Baustop.",
                "featured": false,
                "shy": false,
                "user_id": "60485f78-c5a8-484f-81d7-4dfd71367bda",
                "map_id": "fa8b1e4d-f201-448a-afe9-d7e54215a8ec",
                "status": "alive"
            }
        },
        {
            "type": "Feature",
            "geometry": {
                "type": "Point",
                "coordinates": [
                    8.704373893227066,
                    50.12603385
                ]
            },
            "properties": {
                "id": "dbc28654-35d9-44cf-b89d-3b46a61d441f",
                "created_at": "2025-12-07T18:22:15.826Z",
                "updated_at": "2026-08-31T09:32:46.607Z",
                "since": "2025-12-07T18:22:15.826Z",
                "title": "Heidestraße 91",
                "slug": "heidestrasse-91",
                "published": true,
                "buildingType": "",
                "building_type": [],
                "owner": "",
                "road": "Heidestraße",
                "zip": "60385",
                "startdate": null,
                "enddate": null,
                "text": null,
                "featured": false,
                "shy": false,
                "user_id": "c2e40668-42f3-4dfc-b393-9c51ed622836",
                "map_id": "fa8b1e4d-f201-448a-afe9-d7e54215a8ec",
                "status": "vacancy"
            }
        },
        {
            "type": "Feature",
            "geometry": {
                "type": "Point",
                "coordinates": [
                    8.6646768,
                    50.1191951
                ]
            },
            "properties": {
                "id": "2b0670d3-d321-4481-9164-4d992e34153e",
                "created_at": "2026-08-26T08:12:52.942Z",
                "updated_at": "2026-08-26T08:12:53.034Z",
                "since": "2026-08-26T08:12:52.942Z",
                "title": "Freiherr-vom-Stein-Straße 12",
                "slug": "freiherr-vom-stein-strasse-12",
                "published": true,
                "buildingType": "",
                "building_type": [],
                "owner": "",
                "road": "Freiherr-vom-Stein-Straße",
                "zip": "60323",
                "startdate": null,
                "enddate": null,
                "text": null,
                "featured": false,
                "shy": false,
                "user_id": "14815598-c0d5-499a-84cd-490e70bca820",
                "map_id": "fa8b1e4d-f201-448a-afe9-d7e54215a8ec",
                "status": "unknown"
            }
        },
        {
            "type": "Feature",
            "geometry": {
                "type": "Point",
                "coordinates": [
                    8.6731356,
                    50.1233219
                ]
            },
            "properties": {
                "id": "2d9eebcb-ed7e-4447-835c-dfb75f123a6e",
                "created_at": "2026-08-12T18:54:40.022Z",
                "updated_at": "2026-08-12T19:51:55.571Z",
                "since": "2026-08-12T18:54:40.022Z",
                "title": "Böhmerstraße 4, Vorder - und Hinterhaus",
                "slug": "bohmerstrasse-4-vorder-und-hinterhaus",
                "published": true,
                "buildingType": "",
                "building_type": [
                    "residential",
                    "historical"
                ],
                "owner": "",
                "road": "Böhmerstraße",
                "zip": "60322",
                "startdate": null,
                "enddate": null,
                "text": "Seit mindestens 1 Jahr steht das Haus leer. Angeblich soll es jetzt saniert werden. Angabe eines Nachbarn. ",
                "featured": false,
                "shy": false,
                "user_id": "939f6702-e5e2-4fcd-b1a5-09ae3c4f7b9c",
                "map_id": "fa8b1e4d-f201-448a-afe9-d7e54215a8ec",
                "status": "vacancy"
            }
        },
        {
            "type": "Feature",
            "geometry": {
                "type": "Point",
                "coordinates": [
                    8.689843339739415,
                    50.1059548
                ]
            },
            "properties": {
                "id": "2477bbeb-b349-4135-9be4-b1c3b3c54a6c",
                "created_at": "2021-02-13T17:09:33.831Z",
                "updated_at": "2026-08-12T13:31:18.647Z",
                "since": "2021-02-13T17:09:33.831Z",
                "title": "Paradieshof",
                "slug": "paradieshof",
                "published": true,
                "buildingType": "locations.building_type_options.commercial",
                "building_type": [
                    "locations.building_type_options.commercial"
                ],
                "owner": "city",
                "road": "Paradiesgasse 23",
                "zip": null,
                "startdate": null,
                "enddate": null,
                "text": "Die Gebäude mit einer Nutzfläche von 1590 Quadratmetern wurden in den 1960er Jahren von der Henninger Brauerei errichtet.  Nach deren Schließung 2008 beschloss das Stadtparlament 2010, dass die Kommune das Areal erwerben soll. \nDas hat nun 11 weitere Jahre Leerstand gebracht, während der Paradieshof täglich weiter verfällt.",
                "featured": false,
                "shy": false,
                "user_id": "df7f9238-c016-4f3d-8ac4-daed7beecc6e",
                "map_id": "fa8b1e4d-f201-448a-afe9-d7e54215a8ec",
                "status": "vacancy"
            }
        },
        {
            "type": "Feature",
            "geometry": {
                "type": "Point",
                "coordinates": [
                    8.653032,
                    50.1140971
                ]
            },
            "properties": {
                "id": "3f92c9fb-0c7c-4d57-8b75-fe87f797fb6e",
                "created_at": "2012-04-07T15:33:46.000Z",
                "updated_at": "2026-08-12T13:16:21.476Z",
                "since": "2012-04-07T15:33:46.000Z",
                "title": "Ludwig-Erhard-Anlage 2",
                "slug": "ludwig-erhard-anlage-2",
                "published": true,
                "buildingType": "Gewerbegebäude",
                "building_type": [
                    "Gewerbegebäude"
                ],
                "owner": "private",
                "road": "Ludwig-Erhard-Anlage 2",
                "zip": "60325",
                "startdate": null,
                "enddate": null,
                "text": "Das riesige Gebäude aus der Gründerzeit im Westend gegenüber der Messe wird als Westend-Ensemble oder Westend-Palais auf einem Schild angepriesen, in dem Büroleerstand herrscht. Die Werbung der Postbank ist an der Front unübersehbar. Die Deutsche Bank hat die Postbank einverleibt.",
                "featured": false,
                "shy": false,
                "user_id": "2c988ac3-2a25-4b9f-85e5-1b2f540bd408",
                "map_id": "fa8b1e4d-f201-448a-afe9-d7e54215a8ec",
                "status": "alive"
            }
        },
        {
            "type": "Feature",
            "geometry": {
                "type": "Point",
                "coordinates": [
                    8.6579,
                    50.11982
                ]
            },
            "properties": {
                "id": "e4c6de29-0b5e-4d5d-bc02-09cab7c46b3d",
                "created_at": "2013-05-30T15:41:20.000Z",
                "updated_at": "2026-08-12T13:13:49.150Z",
                "since": "2013-05-30T15:41:20.000Z",
                "title": "Bockenheimer Landstrasse 104 KfW",
                "slug": "bockenheimer-landstrasse-104-kfw",
                "published": true,
                "buildingType": "Bürogebäude",
                "building_type": [
                    "Bürogebäude"
                ],
                "owner": "public",
                "road": "Bockenheimer Landstraße 104",
                "zip": "60323",
                "startdate": null,
                "enddate": null,
                "text": "Die KfW, die Staatsbank hat das Gebäude gekauft. Es wird abgerissen. Es entsteht ein Neubau. Die Nachbarschaft sagt: Die KfW ist wie ein Krake im Westend am Palmengarten.",
                "featured": false,
                "shy": false,
                "user_id": "2c988ac3-2a25-4b9f-85e5-1b2f540bd408",
                "map_id": "fa8b1e4d-f201-448a-afe9-d7e54215a8ec",
                "status": "alive"
            }
        },
        {
            "type": "Feature",
            "geometry": {
                "type": "Point",
                "coordinates": [
                    8.6619303,
                    50.11969
                ]
            },
            "properties": {
                "id": "30f383ef-bfaf-4328-b60a-849257aaa9c2",
                "created_at": "2012-03-14T10:50:58.000Z",
                "updated_at": "2026-08-12T13:12:59.188Z",
                "since": "2012-03-14T10:50:58.000Z",
                "title": "Sigmund-Freud-Institut",
                "slug": "sigmund-freud-institut",
                "published": true,
                "buildingType": "Forschungsinstitut",
                "building_type": [
                    "Forschungsinstitut"
                ],
                "owner": null,
                "road": "Myliusstraße 20, Frankfurt",
                "zip": "60323",
                "startdate": null,
                "enddate": null,
                "text": "Das Sigmund-Freud-Insitut ist vor etwa einem halben Jahr umgezogen ins Jügelhaus auf dem Campus Bockenheim.\r\nDas Gebäude steht nun leer - lediglich der Parkplatz wird durch die Nachbarschaft genutzt.",
                "featured": false,
                "shy": false,
                "user_id": "601a4baa-d58b-49c3-86a7-c13f6e63695e",
                "map_id": "fa8b1e4d-f201-448a-afe9-d7e54215a8ec",
                "status": "alive"
            }
        },
        {
            "type": "Feature",
            "geometry": {
                "type": "Point",
                "coordinates": [
                    8.62316,
                    50.15408
                ]
            },
            "properties": {
                "id": "56ffc951-0184-46ab-94c7-6f3254367b03",
                "created_at": "2012-01-09T12:37:26.000Z",
                "updated_at": "2026-08-12T12:59:16.042Z",
                "since": "2012-01-09T12:37:26.000Z",
                "title": "Ehemaliges Institut für Sozialarbeit und Sozialpädagogik Am Stockborn 5-7",
                "slug": "ehemaliges-institut-fur-sozialarbeit-und-sozialpadagogik-am-stockborn-5-7",
                "published": true,
                "buildingType": "ehemaliges Institut",
                "building_type": [
                    "ehemaliges Institut"
                ],
                "owner": null,
                "road": "Am Stockborn 1 - 7",
                "zip": "60439",
                "startdate": null,
                "enddate": null,
                "text": "Leerstand seit acht Jahren \"schreit zum Himmel\". \r\n\r\nBezahlbarer Wohnraum möglich, Studierendenwohnheim ...? \r\n\r\n",
                "featured": false,
                "shy": false,
                "user_id": "2c988ac3-2a25-4b9f-85e5-1b2f540bd408",
                "map_id": "fa8b1e4d-f201-448a-afe9-d7e54215a8ec",
                "status": "damage"
            }
        },
        {
            "type": "Feature",
            "geometry": {
                "type": "Point",
                "coordinates": [
                    8.6087721,
                    50.1242208
                ]
            },
            "properties": {
                "id": "67adbe07-1f47-4c55-a9fb-1e85a0cdad96",
                "created_at": "2012-04-05T15:48:59.000Z",
                "updated_at": "2026-08-12T12:53:07.442Z",
                "since": "2012-04-05T15:48:59.000Z",
                "title": "Lackfabrik",
                "slug": "lackfabrik",
                "published": true,
                "buildingType": "Gewerbegebäude",
                "building_type": [
                    "Gewerbegebäude"
                ],
                "owner": "private",
                "road": "Radilostraße 31",
                "zip": "60489",
                "startdate": null,
                "enddate": null,
                "text": "Hier war mal eine Lackfabrik.  Die Halle ist viel größer als es auf dem Foto aussieht. Im Obergeschoss sind Büros leer.",
                "featured": false,
                "shy": false,
                "user_id": "089638ac-aae1-4cd6-b678-519578f1e011",
                "map_id": "fa8b1e4d-f201-448a-afe9-d7e54215a8ec",
                "status": "alive"
            }
        },
        {
            "type": "Feature",
            "geometry": {
                "type": "Point",
                "coordinates": [
                    8.612973498839548,
                    50.1252151
                ]
            },
            "properties": {
                "id": "3a04b40d-d3b2-4881-b96e-350440323b09",
                "created_at": "2022-04-28T08:13:54.303Z",
                "updated_at": "2026-08-12T12:52:17.656Z",
                "since": "2022-04-28T08:13:54.303Z",
                "title": "Gebäude leer, Abriss lässt auf sich warten",
                "slug": "gebaude-leer-abriss-lasst-auf-sich-warten",
                "published": true,
                "buildingType": "locations.building_type_options.residential",
                "building_type": [
                    "locations.building_type_options.residential"
                ],
                "owner": "business",
                "road": "Alt-Rödelheim 16",
                "zip": "60489",
                "startdate": null,
                "enddate": null,
                "text": "Seit 2019 stehen mehrere Gebäude in Alt-Rödelheim leer. Absperrungen stehen vor den Gebäuden, der Abriss lässt aber weiter auf sich warten.",
                "featured": false,
                "shy": false,
                "user_id": "78eaa9bc-2988-4dfc-a8a6-c8503d10d9ec",
                "map_id": "fa8b1e4d-f201-448a-afe9-d7e54215a8ec",
                "status": "damage"
            }
        },
        {
            "type": "Feature",
            "geometry": {
                "type": "Point",
                "coordinates": [
                    8.623458,
                    50.1575869
                ]
            },
            "properties": {
                "id": "e0edde10-f2af-41fa-af5d-3f9e1d192050",
                "created_at": "2026-08-05T19:10:33.446Z",
                "updated_at": "2026-08-05T20:07:46.783Z",
                "since": "2025-12-31",
                "title": "Heilmannstraße 52",
                "slug": "heilmannstrasse-52",
                "published": true,
                "buildingType": "",
                "building_type": [
                    "residential"
                ],
                "owner": "public",
                "road": "Heilmannstraße",
                "zip": "60439",
                "startdate": null,
                "enddate": null,
                "text": "1,5 Zimmer Single Wohnung im 7.Stock. renoviert mit neuer Einbauküche ",
                "featured": false,
                "shy": false,
                "user_id": "6dbc2e3b-d27a-4283-bb20-3317f939ddb9",
                "map_id": "fa8b1e4d-f201-448a-afe9-d7e54215a8ec",
                "status": "vacancy"
            }
        },
        {
            "type": "Feature",
            "geometry": {
                "type": "Point",
                "coordinates": [
                    8.6677544,
                    50.120852
                ]
            },
            "properties": {
                "id": "4b11f612-07ee-4d30-874c-1855975f10fb",
                "created_at": "2026-08-02T20:33:24.478Z",
                "updated_at": "2026-08-12T19:32:17.356Z",
                "since": "2026-08-02T20:33:24.478Z",
                "title": "Unterlindau 64",
                "slug": "unterlindau-64",
                "published": true,
                "buildingType": "",
                "building_type": [
                    "residential",
                    "commercial"
                ],
                "owner": "",
                "road": "Unterlindau",
                "zip": "60323",
                "startdate": null,
                "enddate": null,
                "text": "steht seit mehreren Jahren leer, im EG war früher ein kleines Cafe",
                "featured": false,
                "shy": false,
                "user_id": "939f6702-e5e2-4fcd-b1a5-09ae3c4f7b9c",
                "map_id": "fa8b1e4d-f201-448a-afe9-d7e54215a8ec",
                "status": "vacancy"
            }
        },
        {
            "type": "Feature",
            "geometry": {
                "type": "Point",
                "coordinates": [
                    8.7051417,
                    50.1232145
                ]
            },
            "properties": {
                "id": "259eb881-df31-410e-a460-6679cda2a6d8",
                "created_at": "2026-07-09T06:32:19.513Z",
                "updated_at": "2026-07-09T06:38:41.786Z",
                "since": "2026-07-09T06:32:19.513Z",
                "title": "Eichwaldstraße 7",
                "slug": "eichwaldstrasse-7",
                "published": true,
                "buildingType": "",
                "building_type": [
                    "residential"
                ],
                "owner": "private",
                "road": "Eichwaldstraße",
                "zip": "60385",
                "startdate": null,
                "enddate": null,
                "text": "Von 4 Wohneinheiten stehen 2 seit Jahren leer",
                "featured": false,
                "shy": false,
                "user_id": "b872c1a1-a3b5-4c77-860d-e029df0ffda3",
                "map_id": "fa8b1e4d-f201-448a-afe9-d7e54215a8ec",
                "status": "vacancy"
            }
        },
        {
            "type": "Feature",
            "geometry": {
                "type": "Point",
                "coordinates": [
                    8.709853,
                    50.126547
                ]
            },
            "properties": {
                "id": "86337276-4b46-4f51-881e-8ac4875ce090",
                "created_at": "2026-06-09T19:52:23.237Z",
                "updated_at": "2026-06-09T19:52:23.330Z",
                "since": "2026-06-09T19:52:23.237Z",
                "title": "Ringelstraße 51",
                "slug": "ringelstrasse-51",
                "published": true,
                "buildingType": "",
                "building_type": [],
                "owner": "",
                "road": "Ringelstraße",
                "zip": "60385",
                "startdate": null,
                "enddate": null,
                "text": null,
                "featured": false,
                "shy": false,
                "user_id": "420deffa-b54c-4112-8434-16d38c551dde",
                "map_id": "fa8b1e4d-f201-448a-afe9-d7e54215a8ec",
                "status": "vacancy"
            }
        },
        {
            "type": "Feature",
            "geometry": {
                "type": "Point",
                "coordinates": [
                    8.5361918,
                    50.1044668
                ]
            },
            "properties": {
                "id": "080abc55-e70b-48ec-a5ba-c2cea37100bb",
                "created_at": "2026-05-12T19:50:05.810Z",
                "updated_at": "2026-05-12T19:52:03.964Z",
                "since": "2006-01-01",
                "title": "Peter-Bied-Straße 52",
                "slug": "peter-bied-strasse-52",
                "published": true,
                "buildingType": "",
                "building_type": [
                    "residential"
                ],
                "owner": "",
                "road": "Peter-Bied-Straße",
                "zip": "65929",
                "startdate": null,
                "enddate": null,
                "text": "Großes Einfamilienhaus, steht seit mindestens 20 Jahren leer.",
                "featured": false,
                "shy": false,
                "user_id": "f3f48e31-ed59-4928-a6f3-ea7bd62883da",
                "map_id": "fa8b1e4d-f201-448a-afe9-d7e54215a8ec",
                "status": "vacancy"
            }
        },
        {
            "type": "Feature",
            "geometry": {
                "type": "Point",
                "coordinates": [
                    8.6990611,
                    50.1246872
                ]
            },
            "properties": {
                "id": "71e5ce81-b48b-471a-b01b-30b589f9e030",
                "created_at": "2026-04-27T11:40:08.700Z",
                "updated_at": "2026-04-27T11:43:59.423Z",
                "since": "2014-01-01",
                "title": "Burgstraße 56",
                "slug": "burgstrasse-56",
                "published": true,
                "buildingType": "",
                "building_type": [
                    "residential"
                ],
                "owner": "private",
                "road": "Burgstraße",
                "zip": "60316",
                "startdate": null,
                "enddate": null,
                "text": "Gebäude wurde ab 2014 von der Franconofurt AG luxussaniert; die Wohnungen wurden als Spekulationsobjekte einzeln über internationale Immobilienbörsen abverkauft. Seitdem ist keine der Wohnungen bewohnt. Die vorherigen Mieter wurden mit Abfindungen u/o Kaufangebot der luxussanierten Wohnungen aus den preiswerten Mietverhältnisssen vertrieben.",
                "featured": false,
                "shy": false,
                "user_id": "c7287ce3-9d5c-4305-bae7-957a7f811a31",
                "map_id": "fa8b1e4d-f201-448a-afe9-d7e54215a8ec",
                "status": "vacancy"
            }
        },
        {
            "type": "Feature",
            "geometry": {
                "type": "Point",
                "coordinates": [
                    8.6128672,
                    50.127382
                ]
            },
            "properties": {
                "id": "1a087133-555f-4ef4-98f1-7e6fc0357736",
                "created_at": "2026-04-18T07:00:30.902Z",
                "updated_at": "2026-04-18T07:00:31.005Z",
                "since": "2026-04-18T07:00:30.902Z",
                "title": "Alexanderstraße 84",
                "slug": "alexanderstrasse-84",
                "published": true,
                "buildingType": "",
                "building_type": [],
                "owner": "",
                "road": "Alexanderstraße",
                "zip": "60489",
                "startdate": null,
                "enddate": null,
                "text": null,
                "featured": false,
                "shy": false,
                "user_id": "48d33181-f8d8-4b5a-bedd-61200b239165",
                "map_id": "fa8b1e4d-f201-448a-afe9-d7e54215a8ec",
                "status": "vacancy"
            }
        },
        {
            "type": "Feature",
            "geometry": {
                "type": "Point",
                "coordinates": [
                    8.683294209757602,
                    50.12367145
                ]
            },
            "properties": {
                "id": "92a2898e-e319-4e0f-99d6-acda47aebe44",
                "created_at": "2026-03-18T11:59:14.088Z",
                "updated_at": "2026-03-18T12:00:38.843Z",
                "since": "2024-08-18",
                "title": "Adlerflychtstraße 27",
                "slug": "adlerflychtstrasse-27",
                "published": true,
                "buildingType": "",
                "building_type": [
                    "residential"
                ],
                "owner": "private",
                "road": "Adlerflychtstraße",
                "zip": "60318",
                "startdate": null,
                "enddate": null,
                "text": null,
                "featured": false,
                "shy": false,
                "user_id": "70405526-9c7e-4e7d-bf3d-591279ae8190",
                "map_id": "fa8b1e4d-f201-448a-afe9-d7e54215a8ec",
                "status": "vacancy"
            }
        },
        {
            "type": "Feature",
            "geometry": {
                "type": "Point",
                "coordinates": [
                    8.715659014026889,
                    50.1391302
                ]
            },
            "properties": {
                "id": "3f148104-4e84-4819-86a3-3abe2353ffc0",
                "created_at": "2026-03-05T16:51:53.430Z",
                "updated_at": "2026-03-05T16:51:53.531Z",
                "since": "2026-03-05T16:51:53.430Z",
                "title": "Im Heimgarten 4",
                "slug": "im-heimgarten-4",
                "published": true,
                "buildingType": "",
                "building_type": [],
                "owner": "",
                "road": "Im Heimgarten",
                "zip": "60389",
                "startdate": null,
                "enddate": null,
                "text": null,
                "featured": false,
                "shy": false,
                "user_id": "696de7c0-0546-46e2-8120-0deaf71d449d",
                "map_id": "fa8b1e4d-f201-448a-afe9-d7e54215a8ec",
                "status": "vacancy"
            }
        },
        {
            "type": "Feature",
            "geometry": {
                "type": "Point",
                "coordinates": [
                    8.693398617845208,
                    50.1216559
                ]
            },
            "properties": {
                "id": "a401a5de-9c3f-4021-b205-acfde39932f5",
                "created_at": "2026-02-08T09:45:47.613Z",
                "updated_at": "2026-02-08T09:45:47.715Z",
                "since": "2026-02-08T09:45:47.613Z",
                "title": "Merianstraße 26",
                "slug": "merianstrasse-26",
                "published": true,
                "buildingType": "",
                "building_type": [],
                "owner": "",
                "road": "Merianstraße",
                "zip": "60316",
                "startdate": null,
                "enddate": null,
                "text": null,
                "featured": false,
                "shy": false,
                "user_id": "4b048b31-bdd1-4484-9bfe-1ecb27b39049",
                "map_id": "fa8b1e4d-f201-448a-afe9-d7e54215a8ec",
                "status": "vacancy"
            }
        },
        {
            "type": "Feature",
            "geometry": {
                "type": "Point",
                "coordinates": [
                    8.578251695394023,
                    50.1006237
                ]
            },
            "properties": {
                "id": "7b8936a4-22cd-4b92-95e7-fb2f58be4717",
                "created_at": "2026-01-28T13:14:32.133Z",
                "updated_at": "2026-01-28T13:16:27.326Z",
                "since": "2026-01-28T13:14:32.133Z",
                "title": "Birminghamstraße 117",
                "slug": "birminghamstrasse-117",
                "published": true,
                "buildingType": "",
                "building_type": [
                    "residential"
                ],
                "owner": "private",
                "road": "Birminghamstraße",
                "zip": "65934",
                "startdate": null,
                "enddate": null,
                "text": "Einzelne Wohneinheit, wird seit ca 1 Jahr nicht bewohnt. Eigentümer bezahlen auch kein Hausgeld mehr.",
                "featured": false,
                "shy": false,
                "user_id": "0f1faad8-ea2f-48c5-aead-aa22347b4bd7",
                "map_id": "fa8b1e4d-f201-448a-afe9-d7e54215a8ec",
                "status": "vacancy"
            }
        },
        {
            "type": "Feature",
            "geometry": {
                "type": "Point",
                "coordinates": [
                    8.66686880223048,
                    50.148299300000005
                ]
            },
            "properties": {
                "id": "8140363b-186a-47dd-9ee8-a6aee20b2c8c",
                "created_at": "2026-01-16T16:02:29.495Z",
                "updated_at": "2026-01-16T16:02:29.552Z",
                "since": "2026-01-16T16:02:29.495Z",
                "title": "Lucaestraße 11",
                "slug": "lucaestrasse-11",
                "published": true,
                "buildingType": "",
                "building_type": [],
                "owner": "",
                "road": "Lucaestraße",
                "zip": "60433",
                "startdate": null,
                "enddate": null,
                "text": null,
                "featured": false,
                "shy": false,
                "user_id": "d1db8084-33b9-47e8-ade3-8dfd8b925093",
                "map_id": "fa8b1e4d-f201-448a-afe9-d7e54215a8ec",
                "status": "vacancy"
            }
        },
        {
            "type": "Feature",
            "geometry": {
                "type": "Point",
                "coordinates": [
                    8.706718209784377,
                    50.12840385
                ]
            },
            "properties": {
                "id": "00bf4c62-d050-426a-b255-0390725684d5",
                "created_at": "2026-01-11T14:06:08.415Z",
                "updated_at": "2026-01-11T14:07:47.737Z",
                "since": "2026-01-11T14:06:08.415Z",
                "title": "Neebstraße 13",
                "slug": "neebstrasse-13",
                "published": true,
                "buildingType": "",
                "building_type": [
                    "residential"
                ],
                "owner": "private",
                "road": "Neebstraße",
                "zip": "60385",
                "startdate": null,
                "enddate": null,
                "text": "Freunde sind aus dem seit Jahren fast völlig leerstehenden Haus ausgezogen, daher weiß ich, dass es bis auf eine Partei seit Jahren leer steht.",
                "featured": false,
                "shy": false,
                "user_id": "4dd3ddad-9109-4a6d-a0a4-03aacb1920e2",
                "map_id": "fa8b1e4d-f201-448a-afe9-d7e54215a8ec",
                "status": "vacancy"
            }
        },
        {
            "type": "Feature",
            "geometry": {
                "type": "Point",
                "coordinates": [
                    8.680964303050644,
                    50.13747065
                ]
            },
            "properties": {
                "id": "66a0cbfb-ae2c-4991-87b0-1dd631fbb62a",
                "created_at": "2025-12-27T20:49:41.304Z",
                "updated_at": "2025-12-27T20:52:46.741Z",
                "since": "2024-10-01",
                "title": "Am Steinernen Stock 6",
                "slug": "am-steinernen-stock-6",
                "published": true,
                "buildingType": "",
                "building_type": [
                    "residential"
                ],
                "owner": "private",
                "road": "Am Steinernen Stock",
                "zip": "60320",
                "startdate": null,
                "enddate": null,
                "text": "Die Besitzerin ist 2024 verstorben. Es gibt wohl Verwandte, die das Haus erben würden, aber die leben im Ausland und sind anscheinend nicht auffindbar. ",
                "featured": false,
                "shy": false,
                "user_id": "dedd0a75-3ab0-4494-b342-30ef08ed0244",
                "map_id": "fa8b1e4d-f201-448a-afe9-d7e54215a8ec",
                "status": "vacancy"
            }
        },
        {
            "type": "Feature",
            "geometry": {
                "type": "Point",
                "coordinates": [
                    8.683497698548804,
                    50.1118879
                ]
            },
            "properties": {
                "id": "c0e2d8e5-688d-4dfa-ba75-5d4f7e4a1755",
                "created_at": "2025-12-07T16:27:55.847Z",
                "updated_at": "2025-12-07T16:51:04.270Z",
                "since": "2025-12-07T16:27:55.847Z",
                "title": "Berliner Straße 27",
                "slug": "berliner-strasse-27",
                "published": true,
                "buildingType": "",
                "building_type": [],
                "owner": "",
                "road": "Berliner Straße",
                "zip": "60311",
                "startdate": null,
                "enddate": null,
                "text": null,
                "featured": false,
                "shy": false,
                "user_id": "9a853291-6858-4148-b883-3ac1e41df8a7",
                "map_id": "fa8b1e4d-f201-448a-afe9-d7e54215a8ec",
                "status": "vacancy"
            }
        },
        {
            "type": "Feature",
            "geometry": {
                "type": "Point",
                "coordinates": [
                    8.710846795548953,
                    50.12501735
                ]
            },
            "properties": {
                "id": "3a43fb82-cbb2-4d4b-b98a-b398886a5d31",
                "created_at": "2025-12-07T16:41:38.529Z",
                "updated_at": "2025-12-07T16:41:38.639Z",
                "since": "2025-12-07T16:41:38.529Z",
                "title": "Saalburgallee 8",
                "slug": "saalburgallee-8",
                "published": true,
                "buildingType": "",
                "building_type": [],
                "owner": "",
                "road": "Saalburgallee",
                "zip": "60385",
                "startdate": null,
                "enddate": null,
                "text": null,
                "featured": false,
                "shy": false,
                "user_id": "9a853291-6858-4148-b883-3ac1e41df8a7",
                "map_id": "fa8b1e4d-f201-448a-afe9-d7e54215a8ec",
                "status": "vacancy"
            }
        },
        {
            "type": "Feature",
            "geometry": {
                "type": "Point",
                "coordinates": [
                    8.75700112059953,
                    50.09763285
                ]
            },
            "properties": {
                "id": "2e6ae890-d441-48aa-9827-5953862826e2",
                "created_at": "2025-11-25T15:21:35.058Z",
                "updated_at": "2025-11-25T15:21:35.129Z",
                "since": "2025-11-25T15:21:35.058Z",
                "title": "Marienstraße 80",
                "slug": "marienstrasse-80",
                "published": true,
                "buildingType": "",
                "building_type": [],
                "owner": "",
                "road": "Marienstraße",
                "zip": "63069",
                "startdate": null,
                "enddate": null,
                "text": null,
                "featured": false,
                "shy": false,
                "user_id": "a2b5e759-6861-4cb0-a1d1-9bebcbd91210",
                "map_id": "fa8b1e4d-f201-448a-afe9-d7e54215a8ec",
                "status": "vacancy"
            }
        },
        {
            "type": "Feature",
            "geometry": {
                "type": "Point",
                "coordinates": [
                    8.70812215396127,
                    50.1214685
                ]
            },
            "properties": {
                "id": "3c1c5a49-e1d6-4b65-8774-d1ed996cfd55",
                "created_at": "2019-05-04T08:53:11.620Z",
                "updated_at": "2025-10-16T05:53:01.392Z",
                "since": "2019-05-04T08:53:11.620Z",
                "title": "(Luxus-) Sanierung",
                "slug": "luxus-sanierung",
                "published": true,
                "buildingType": "locations.building_type_options.residential",
                "building_type": [
                    "locations.building_type_options.residential"
                ],
                "owner": "private",
                "road": "Wittelsbacherallee 89",
                "zip": "60385",
                "startdate": null,
                "enddate": null,
                "text": "Hier findet gerade soziale Verdrängung zugunsten von Modernisierungs- und (Luxus-) Sanierungen statt! Es sind zwar einige altersbedingte Sanierungen nötig, jedoch nicht in dem nun geplanten Umfang! Die Miete soll von derzeit ca. 400-500€ um etwa 600€ auf über 1000€ ansteigen (gestaffelt). Die Wohnungsgrößen (vor Sanierung) liegen bei +/- 40 und 70 m²",
                "featured": false,
                "shy": false,
                "user_id": "f1c60f96-df36-447e-af8e-74c7719b6b1e",
                "map_id": "fa8b1e4d-f201-448a-afe9-d7e54215a8ec",
                "status": "vacancy"
            }
        },
        {
            "type": "Feature",
            "geometry": {
                "type": "Point",
                "coordinates": [
                    8.710323572158815,
                    50.12100459724449
                ]
            },
            "properties": {
                "id": "5b501665-cb61-4faf-9fb2-8eaa61e61802",
                "created_at": "2019-05-04T09:02:04.121Z",
                "updated_at": "2025-10-16T05:41:21.018Z",
                "since": "2019-05-04T09:02:04.121Z",
                "title": "Weltkriegsbunker",
                "slug": "weltkriegsbunker",
                "published": true,
                "buildingType": "locations.unknown",
                "building_type": [
                    "locations.unknown"
                ],
                "owner": "locations.unknown",
                "road": "Freiligrathstraße 9",
                "zip": "60385",
                "startdate": null,
                "enddate": null,
                "text": "Nach jahrzehntelangem Verfall wird hier der alte Bunker nun abgerissen. Ob und was hier entsteht ist mir nicht bekannt.",
                "featured": false,
                "shy": false,
                "user_id": "f1c60f96-df36-447e-af8e-74c7719b6b1e",
                "map_id": "fa8b1e4d-f201-448a-afe9-d7e54215a8ec",
                "status": "damage"
            }
        },
        {
            "type": "Feature",
            "geometry": {
                "type": "Point",
                "coordinates": [
                    8.6919766,
                    50.1246668
                ]
            },
            "properties": {
                "id": "e7b26636-3a02-447a-9517-69e37d1092e7",
                "created_at": "2025-09-22T10:32:12.067Z",
                "updated_at": "2025-09-22T10:56:34.014Z",
                "since": "2022-05-01",
                "title": "Friedberger Landstraße 84",
                "slug": "friedberger-landstrasse-84",
                "published": true,
                "buildingType": "",
                "building_type": [
                    "residential",
                    "commercial"
                ],
                "owner": "private",
                "road": "Friedberger Landstraße",
                "zip": "60316",
                "startdate": null,
                "enddate": null,
                "text": "2 bewohnbare Altbauwohnungen seit Mai 2022 und April 2025 frei",
                "featured": false,
                "shy": false,
                "user_id": "03acac0b-4aa6-499f-8b30-51e3e2cac4ff",
                "map_id": "fa8b1e4d-f201-448a-afe9-d7e54215a8ec",
                "status": "vacancy"
            }
        },
        {
            "type": "Feature",
            "geometry": {
                "type": "Point",
                "coordinates": [
                    8.629467,
                    50.177333
                ]
            },
            "properties": {
                "id": "fa0ff68c-01f8-482e-b200-b4cab15236f4",
                "created_at": "2025-09-18T01:31:24.518Z",
                "updated_at": "2025-09-18T01:31:24.601Z",
                "since": "2025-09-18T01:31:24.518Z",
                "title": "Altenhöferallee 17",
                "slug": "altenhoferallee-17",
                "published": true,
                "buildingType": "",
                "building_type": [],
                "owner": "",
                "road": "Altenhöferallee",
                "zip": "60438",
                "startdate": null,
                "enddate": null,
                "text": null,
                "featured": false,
                "shy": false,
                "user_id": "0ff0181e-8202-4912-a9ac-32d1258b310f",
                "map_id": "fa8b1e4d-f201-448a-afe9-d7e54215a8ec",
                "status": "vacancy"
            }
        },
        {
            "type": "Feature",
            "geometry": {
                "type": "Point",
                "coordinates": [
                    8.7168976,
                    50.17294
                ]
            },
            "properties": {
                "id": "e6995f8a-62ac-48bb-ba4e-89cce3d82696",
                "created_at": "2025-09-12T15:36:11.024Z",
                "updated_at": "2025-09-12T15:37:07.889Z",
                "since": "2011-01-01",
                "title": "Otto-Bußmann-Straße 18",
                "slug": "otto-bussmann-strasse-18",
                "published": true,
                "buildingType": "",
                "building_type": [
                    "residential"
                ],
                "owner": "private",
                "road": "Otto-Bußmann-Straße",
                "zip": "61118",
                "startdate": null,
                "enddate": null,
                "text": null,
                "featured": false,
                "shy": false,
                "user_id": "02d3dc6f-a4d9-4e97-9028-8077b806fbf0",
                "map_id": "fa8b1e4d-f201-448a-afe9-d7e54215a8ec",
                "status": "vacancy"
            }
        },
        {
            "type": "Feature",
            "geometry": {
                "type": "Point",
                "coordinates": [
                    8.690148398578529,
                    50.1311228
                ]
            },
            "properties": {
                "id": "125b863b-a7cd-4ae4-9109-d2f614a04ac0",
                "created_at": "2025-08-24T16:57:44.275Z",
                "updated_at": "2025-08-24T17:01:25.716Z",
                "since": "2025-01-01",
                "title": "Spohrstraße 60",
                "slug": "spohrstrasse-60",
                "published": true,
                "buildingType": "",
                "building_type": [
                    "residential"
                ],
                "owner": "private",
                "road": "Spohrstraße",
                "zip": "60318",
                "startdate": null,
                "enddate": null,
                "text": "Min. 1 Wohnung im obersten Stockwerk steht seit Anfang des Jahres leer.",
                "featured": false,
                "shy": false,
                "user_id": "ffb5f597-08c3-4153-97a3-1a662967113b",
                "map_id": "fa8b1e4d-f201-448a-afe9-d7e54215a8ec",
                "status": "vacancy"
            }
        },
        {
            "type": "Feature",
            "geometry": {
                "type": "Point",
                "coordinates": [
                    8.64043635,
                    50.0807473
                ]
            },
            "properties": {
                "id": "ece24962-7856-4c9d-9d42-d679848065b5",
                "created_at": "2025-07-13T05:26:45.306Z",
                "updated_at": "2025-07-13T05:31:14.277Z",
                "since": "2024-01-01",
                "title": "Heinrich-Seliger-Straße 40",
                "slug": "heinrich-seliger-strasse-40",
                "published": true,
                "buildingType": "",
                "building_type": [
                    "residential"
                ],
                "owner": "public",
                "road": "Heinrich-Seliger-Straße",
                "zip": "60528",
                "startdate": null,
                "enddate": null,
                "text": "EG rechts",
                "featured": false,
                "shy": false,
                "user_id": "c95b0f6d-d57e-4e45-a3ae-c8eaac33a17b",
                "map_id": "fa8b1e4d-f201-448a-afe9-d7e54215a8ec",
                "status": "vacancy"
            }
        },
        {
            "type": "Feature",
            "geometry": {
                "type": "Point",
                "coordinates": [
                    8.6445395,
                    50.1230334
                ]
            },
            "properties": {
                "id": "8d264a22-beb4-44aa-be6e-507e6f19033c",
                "created_at": "2018-02-03T14:54:29.808Z",
                "updated_at": "2025-06-11T18:29:53.331Z",
                "since": "2018-02-03T14:54:29.808Z",
                "title": "Kleines altes Wohn- und Gewerbehaus",
                "slug": "kleines-altes-wohn-und-gewerbehaus",
                "published": true,
                "buildingType": "locations.building_type_options.commercial",
                "building_type": [
                    "locations.building_type_options.commercial"
                ],
                "owner": "private",
                "road": "Leipziger Straße 68",
                "zip": "60487",
                "startdate": null,
                "enddate": null,
                "text": "Das kleine alte Wohn- und Gewerbehaus war auch während der Nutzung (Internetshop, Asiaimbiss) schon sehr runtergekommen. Die Eigentümer, offenbar Erbinnen des Frankfurter Immobilienbesitzers Heinrich Gaumer, investieren nichts in die Instandsetzung. Das Haus steht jetzt komplett leer und sollte, weil es eines der wenigen alten Häuser in Bockenheim ist, geschützt werden.",
                "featured": false,
                "shy": false,
                "user_id": "b55e1893-c76e-4963-b888-751fd82bed43",
                "map_id": "fa8b1e4d-f201-448a-afe9-d7e54215a8ec",
                "status": "damage"
            }
        },
        {
            "type": "Feature",
            "geometry": {
                "type": "Point",
                "coordinates": [
                    8.652445150000002,
                    50.127400800000004
                ]
            },
            "properties": {
                "id": "657973f3-ed13-46f1-812e-640cbcc2ea52",
                "created_at": "2023-11-17T08:48:35.720Z",
                "updated_at": "2025-06-11T18:15:46.489Z",
                "since": "2023-11-17T08:48:35.720Z",
                "title": "Bauruine",
                "slug": "bauruine",
                "published": true,
                "buildingType": "locations.building_type_options.residential",
                "building_type": [
                    "locations.building_type_options.residential"
                ],
                "owner": "locations.unknown",
                "road": "Ditmarstraße 18",
                "zip": "60487",
                "startdate": null,
                "enddate": null,
                "text": "Seit vielen Jahren wird hier nicht weitergebaut.",
                "featured": false,
                "shy": false,
                "user_id": "365ef1af-8246-470c-91b8-ffebfb59d2bc",
                "map_id": "fa8b1e4d-f201-448a-afe9-d7e54215a8ec",
                "status": "vacancy"
            }
        },
        {
            "type": "Feature",
            "geometry": {
                "type": "Point",
                "coordinates": [
                    8.651885899778623,
                    50.128218950000004
                ]
            },
            "properties": {
                "id": "c66ee42f-9a18-46ac-8f8e-98ae310607b7",
                "created_at": "2025-06-11T17:54:17.001Z",
                "updated_at": "2025-06-11T17:54:17.102Z",
                "since": "2025-06-11T17:54:17.001Z",
                "title": "Cretzschmarstraße 15",
                "slug": "cretzschmarstrasse-15",
                "published": true,
                "buildingType": "",
                "building_type": [],
                "owner": "",
                "road": "Cretzschmarstraße",
                "zip": "60487",
                "startdate": null,
                "enddate": null,
                "text": null,
                "featured": false,
                "shy": false,
                "user_id": "d943ac64-023a-4fc5-b159-2465fe022e28",
                "map_id": "fa8b1e4d-f201-448a-afe9-d7e54215a8ec",
                "status": "vacancy"
            }
        },
        {
            "type": "Feature",
            "geometry": {
                "type": "Point",
                "coordinates": [
                    8.677577877828973,
                    50.198497599999996
                ]
            },
            "properties": {
                "id": "faa3f5e4-cb79-4d17-a35e-6e22b2b0af89",
                "created_at": "2025-04-26T07:41:52.059Z",
                "updated_at": "2025-04-26T07:41:52.143Z",
                "since": "2025-04-26T07:41:52.059Z",
                "title": "Weimarer Straße 25",
                "slug": "weimarer-strasse-25",
                "published": true,
                "buildingType": "",
                "building_type": [],
                "owner": "",
                "road": "Weimarer Straße",
                "zip": "60437",
                "startdate": null,
                "enddate": null,
                "text": null,
                "featured": false,
                "shy": false,
                "user_id": "0b3f10a3-2a94-4cfd-beb2-315bdd9e15a0",
                "map_id": "fa8b1e4d-f201-448a-afe9-d7e54215a8ec",
                "status": "vacancy"
            }
        },
        {
            "type": "Feature",
            "geometry": {
                "type": "Point",
                "coordinates": [
                    8.677828995579203,
                    50.1981379
                ]
            },
            "properties": {
                "id": "ccbabfb2-4138-467d-bbba-2a234bb58bcb",
                "created_at": "2025-04-26T07:41:14.443Z",
                "updated_at": "2025-04-26T07:41:14.515Z",
                "since": "2025-04-26T07:41:14.443Z",
                "title": "Weimarer Straße 28",
                "slug": "weimarer-strasse-28",
                "published": true,
                "buildingType": "",
                "building_type": [],
                "owner": "",
                "road": "Weimarer Straße",
                "zip": "60437",
                "startdate": null,
                "enddate": null,
                "text": null,
                "featured": false,
                "shy": false,
                "user_id": "0b3f10a3-2a94-4cfd-beb2-315bdd9e15a0",
                "map_id": "fa8b1e4d-f201-448a-afe9-d7e54215a8ec",
                "status": "vacancy"
            }
        },
        {
            "type": "Feature",
            "geometry": {
                "type": "Point",
                "coordinates": [
                    8.677021467776026,
                    50.19801965
                ]
            },
            "properties": {
                "id": "c9cd76b2-0bd5-4bff-adeb-e18166204bbb",
                "created_at": "2025-04-26T07:40:49.292Z",
                "updated_at": "2025-04-26T07:40:49.419Z",
                "since": "2025-04-26T07:40:49.292Z",
                "title": "Weimarer Straße 24",
                "slug": "weimarer-strasse-24",
                "published": true,
                "buildingType": "",
                "building_type": [],
                "owner": "",
                "road": "Weimarer Straße",
                "zip": "60437",
                "startdate": null,
                "enddate": null,
                "text": null,
                "featured": false,
                "shy": false,
                "user_id": "0b3f10a3-2a94-4cfd-beb2-315bdd9e15a0",
                "map_id": "fa8b1e4d-f201-448a-afe9-d7e54215a8ec",
                "status": "vacancy"
            }
        },
        {
            "type": "Feature",
            "geometry": {
                "type": "Point",
                "coordinates": [
                    8.678429690539208,
                    50.101972399999994
                ]
            },
            "properties": {
                "id": "91dd1993-ad1f-4702-afe5-f49fef85d3c2",
                "created_at": "2025-04-05T09:44:59.051Z",
                "updated_at": "2025-04-05T09:44:59.132Z",
                "since": "2025-04-05T09:44:59.051Z",
                "title": "Cranachstraße 14a",
                "slug": "cranachstrasse-14a",
                "published": true,
                "buildingType": "",
                "building_type": [],
                "owner": "",
                "road": "Cranachstraße",
                "zip": "60596",
                "startdate": null,
                "enddate": null,
                "text": null,
                "featured": false,
                "shy": false,
                "user_id": "b69c7adf-66e4-4719-b958-3594de1bc1ae",
                "map_id": "fa8b1e4d-f201-448a-afe9-d7e54215a8ec",
                "status": "vacancy"
            }
        },
        {
            "type": "Feature",
            "geometry": {
                "type": "Point",
                "coordinates": [
                    8.61829707524917,
                    50.123261049999996
                ]
            },
            "properties": {
                "id": "9c0b8ab3-8022-4b31-b53d-b0011afdeb0e",
                "created_at": "2025-03-05T22:05:20.941Z",
                "updated_at": "2025-03-05T22:05:21.077Z",
                "since": "2025-03-05T22:05:20.941Z",
                "title": "Prießnitzstraße 15",
                "slug": "priessnitzstrasse-15",
                "published": true,
                "buildingType": "",
                "building_type": [],
                "owner": "",
                "road": "Prießnitzstraße",
                "zip": "60489",
                "startdate": null,
                "enddate": null,
                "text": null,
                "featured": false,
                "shy": false,
                "user_id": "d2039714-563e-4949-bcef-8d56ba122563",
                "map_id": "fa8b1e4d-f201-448a-afe9-d7e54215a8ec",
                "status": "vacancy"
            }
        },
        {
            "type": "Feature",
            "geometry": {
                "type": "Point",
                "coordinates": [
                    8.696365356445314,
                    50.12133478762927
                ]
            },
            "properties": {
                "id": "ae61e03d-c00c-4b46-8b12-b6e8dbd01a81",
                "created_at": "2019-04-09T15:54:51.812Z",
                "updated_at": "2025-02-28T15:06:55.216Z",
                "since": "2019-04-09T15:54:51.812Z",
                "title": "Altbauwohnung",
                "slug": "altbauwohnung-ae61e03d-c00c-4b46-8b12-b6e8dbd01a81",
                "published": true,
                "buildingType": "locations.building_type_options.residential",
                "building_type": [
                    "locations.building_type_options.residential"
                ],
                "owner": "private",
                "road": "Herbartstraße",
                "zip": "60316",
                "startdate": null,
                "enddate": null,
                "text": "1. OG eines Altbaus in \"Toplage\"\nSteht noch immer leer.",
                "featured": false,
                "shy": false,
                "user_id": "964db571-6a78-4e8f-ae2a-22a2bb580573",
                "map_id": "fa8b1e4d-f201-448a-afe9-d7e54215a8ec",
                "status": "vacancy"
            }
        },
        {
            "type": "Feature",
            "geometry": {
                "type": "Point",
                "coordinates": [
                    8.66526246070862,
                    50.14420868354586
                ]
            },
            "properties": {
                "id": "9ee13350-a9da-43b2-9053-0eb3bb0fcd6d",
                "created_at": "2019-04-05T12:10:34.131Z",
                "updated_at": "2025-02-23T15:33:52.518Z",
                "since": "2019-04-05T12:10:34.131Z",
                "title": "Grillparzerstraße 89",
                "slug": "grillparzerstrasse-89",
                "published": true,
                "buildingType": "locations.building_type_options.residential",
                "building_type": [
                    "locations.building_type_options.residential"
                ],
                "owner": "private",
                "road": "Grillparzerstraße 89",
                "zip": "60320",
                "startdate": null,
                "enddate": null,
                "text": "Wohnhaus",
                "featured": false,
                "shy": false,
                "user_id": "da83da14-1e49-459a-9a62-b6365c75c29e",
                "map_id": "fa8b1e4d-f201-448a-afe9-d7e54215a8ec",
                "status": "vacancy"
            }
        },
        {
            "type": "Feature",
            "geometry": {
                "type": "Point",
                "coordinates": [
                    8.754947319202122,
                    50.15674015
                ]
            },
            "properties": {
                "id": "f2c96426-63a3-4621-8b85-8985fbd7618f",
                "created_at": "2025-02-15T13:51:01.658Z",
                "updated_at": "2025-02-15T13:51:01.743Z",
                "since": "2025-02-15T13:51:01.658Z",
                "title": "Gangstraße 28",
                "slug": "gangstrasse-28",
                "published": true,
                "buildingType": "",
                "building_type": [],
                "owner": "",
                "road": "Gangstraße",
                "zip": "60388",
                "startdate": null,
                "enddate": null,
                "text": null,
                "featured": false,
                "shy": false,
                "user_id": "5ec93052-e102-411f-994a-1361b2eb1f8a",
                "map_id": "fa8b1e4d-f201-448a-afe9-d7e54215a8ec",
                "status": "vacancy"
            }
        },
        {
            "type": "Feature",
            "geometry": {
                "type": "Point",
                "coordinates": [
                    8.620226975957332,
                    50.17605985
                ]
            },
            "properties": {
                "id": "f67d526f-b05a-4a99-9281-a96e6a70a796",
                "created_at": "2025-02-12T09:50:07.794Z",
                "updated_at": "2025-02-12T09:50:07.877Z",
                "since": "2025-02-12T09:50:07.794Z",
                "title": "Mart-Stam-Straße 31",
                "slug": "mart-stam-strasse-31",
                "published": true,
                "buildingType": "",
                "building_type": [],
                "owner": "",
                "road": "Mart-Stam-Straße",
                "zip": "60438",
                "startdate": null,
                "enddate": null,
                "text": null,
                "featured": false,
                "shy": false,
                "user_id": "1b863a7d-084b-4f97-a7a5-b6b579aaafcb",
                "map_id": "fa8b1e4d-f201-448a-afe9-d7e54215a8ec",
                "status": "vacancy"
            }
        },
        {
            "type": "Feature",
            "geometry": {
                "type": "Point",
                "coordinates": [
                    8.620307507158763,
                    50.17604765
                ]
            },
            "properties": {
                "id": "6ce0105d-366c-4bee-b1b6-c44ccda49d36",
                "created_at": "2025-02-12T09:49:41.347Z",
                "updated_at": "2025-02-12T09:49:41.436Z",
                "since": "2025-02-12T09:49:41.347Z",
                "title": "Mart-Stam-Straße 29",
                "slug": "mart-stam-strasse-29",
                "published": true,
                "buildingType": "",
                "building_type": [],
                "owner": "",
                "road": "Mart-Stam-Straße",
                "zip": "60438",
                "startdate": null,
                "enddate": null,
                "text": null,
                "featured": false,
                "shy": false,
                "user_id": "1b863a7d-084b-4f97-a7a5-b6b579aaafcb",
                "map_id": "fa8b1e4d-f201-448a-afe9-d7e54215a8ec",
                "status": "vacancy"
            }
        },
        {
            "type": "Feature",
            "geometry": {
                "type": "Point",
                "coordinates": [
                    8.62016664653272,
                    50.17581935
                ]
            },
            "properties": {
                "id": "30df68c0-2b8a-4aa7-8e6a-33beb950e7c8",
                "created_at": "2025-02-12T09:49:08.303Z",
                "updated_at": "2025-02-12T09:49:08.389Z",
                "since": "2025-02-12T09:49:08.303Z",
                "title": "Mart-Stam-Straße 43",
                "slug": "mart-stam-strasse-43",
                "published": true,
                "buildingType": "",
                "building_type": [],
                "owner": "",
                "road": "Mart-Stam-Straße",
                "zip": "60438",
                "startdate": null,
                "enddate": null,
                "text": null,
                "featured": false,
                "shy": false,
                "user_id": "1b863a7d-084b-4f97-a7a5-b6b579aaafcb",
                "map_id": "fa8b1e4d-f201-448a-afe9-d7e54215a8ec",
                "status": "vacancy"
            }
        },
        {
            "type": "Feature",
            "geometry": {
                "type": "Point",
                "coordinates": [
                    8.6517246,
                    50.118299
                ]
            },
            "properties": {
                "id": "2bfe9b56-d6ab-4d73-9674-49486c74a932",
                "created_at": "2023-05-24T12:26:40.792Z",
                "updated_at": "2025-01-08T16:19:47.458Z",
                "since": "2023-05-24T12:26:40.792Z",
                "title": "Bibliothek Kunstgeschichte",
                "slug": "bibliothek-kunstgeschichte",
                "published": true,
                "buildingType": "locations.building_type_options.historical",
                "building_type": [
                    "locations.building_type_options.historical"
                ],
                "owner": "city",
                "road": "Mertonstraße",
                "zip": "60325",
                "startdate": null,
                "enddate": null,
                "text": null,
                "featured": false,
                "shy": false,
                "user_id": "efda4591-2289-4fee-8829-e0577150ab2d",
                "map_id": "fa8b1e4d-f201-448a-afe9-d7e54215a8ec",
                "status": "temporary"
            }
        },
        {
            "type": "Feature",
            "geometry": {
                "type": "Point",
                "coordinates": [
                    8.65287092919028,
                    50.121213999999995
                ]
            },
            "properties": {
                "id": "ba9f8eb5-2072-4e33-987c-32f1d511b711",
                "created_at": "2025-01-08T16:17:46.798Z",
                "updated_at": "2025-01-08T16:19:02.525Z",
                "since": "2025-01-08T16:17:46.798Z",
                "title": "Dondorf-Druckerei",
                "slug": "dondorf-druckerei",
                "published": true,
                "buildingType": "",
                "building_type": [
                    "historical",
                    "industrial",
                    "public_work"
                ],
                "owner": "public",
                "road": "Sophienstraße",
                "zip": "60487",
                "startdate": null,
                "enddate": null,
                "text": null,
                "featured": false,
                "shy": false,
                "user_id": "80fefcb7-ee8f-43d6-b2b9-bdcb5e54dde5",
                "map_id": "fa8b1e4d-f201-448a-afe9-d7e54215a8ec",
                "status": "temporary"
            }
        },
        {
            "type": "Feature",
            "geometry": {
                "type": "Point",
                "coordinates": [
                    8.6536038440359,
                    50.119018600000004
                ]
            },
            "properties": {
                "id": "e3a051b0-442f-4a02-bf42-3e2ddad7c6a4",
                "created_at": "2023-05-24T12:13:08.925Z",
                "updated_at": "2025-01-08T16:16:39.296Z",
                "since": "2023-05-24T12:13:08.925Z",
                "title": "Juridicum",
                "slug": "juridicum",
                "published": true,
                "buildingType": "locations.building_type_options.commercial",
                "building_type": [
                    "locations.building_type_options.commercial"
                ],
                "owner": "locations.unknown",
                "road": "Senckenberganlage",
                "zip": "60325",
                "startdate": null,
                "enddate": null,
                "text": "19.000 Quadratmeter – so groß ist das Juridicum, das den Kulturcampus Richtung Senckenberganlage abschließt. Einst beherbergte ersdie Verwaltung der Goethe-Universität sowie die Juristische Fakultät – daher der Name. Ab Ende April 2023 steht das 50 Meter hohe Gebäude leer. Das ist sehr viel freier Raum mitten in einer immer enger werdenden Stadt. Das ist ganz viel Strand unter dem Beton und großes Stück Himmel über den Köpfen. Der graue Klotz ist beim näheren Hinsehen die vielleicht größte Chance, die Frankfurt aktuell zu bieten hat.",
                "featured": false,
                "shy": false,
                "user_id": "efda4591-2289-4fee-8829-e0577150ab2d",
                "map_id": "fa8b1e4d-f201-448a-afe9-d7e54215a8ec",
                "status": "temporary"
            }
        },
        {
            "type": "Feature",
            "geometry": {
                "type": "Point",
                "coordinates": [
                    8.657362277267485,
                    50.12572788327903
                ]
            },
            "properties": {
                "id": "a5259f2c-3c88-476a-8d7f-dbfd8150e747",
                "created_at": "2019-06-23T08:39:21.006Z",
                "updated_at": "2025-01-08T16:14:20.261Z",
                "since": "2019-06-23T08:39:21.006Z",
                "title": "Mehrere Verwaltungsgebäude",
                "slug": "mehrere-verwaltungsgebaude",
                "published": true,
                "buildingType": null,
                "building_type": [],
                "owner": null,
                "road": "Siesmayerstraße ",
                "zip": "60323",
                "startdate": null,
                "enddate": null,
                "text": null,
                "featured": false,
                "shy": false,
                "user_id": "0fe590e2-f760-4df3-a44b-66d0f6b82027",
                "map_id": "fa8b1e4d-f201-448a-afe9-d7e54215a8ec",
                "status": "temporary"
            }
        },
        {
            "type": "Feature",
            "geometry": {
                "type": "Point",
                "coordinates": [
                    8.658363819122314,
                    50.12542070516123
                ]
            },
            "properties": {
                "id": "b5044f08-820e-483a-a55b-4893e78975da",
                "created_at": "2017-04-27T08:17:13.258Z",
                "updated_at": "2025-01-08T16:13:18.341Z",
                "since": "2017-04-27T08:17:13.258Z",
                "title": "Botanischer Campus",
                "slug": "botanischer-campus",
                "published": true,
                "buildingType": "locations.building_type_options.public_work",
                "building_type": [
                    "locations.building_type_options.public_work"
                ],
                "owner": "public",
                "road": "Siesmayerstraße 70",
                "zip": "60323",
                "startdate": null,
                "enddate": null,
                "text": "Ehemaliger UNI BIO Campus Frankfurt am Main zwischen Palemgarten und Botanischem Garten",
                "featured": false,
                "shy": false,
                "user_id": "dd6a2808-03e5-4e9d-b2c5-8fa58350d684",
                "map_id": "fa8b1e4d-f201-448a-afe9-d7e54215a8ec",
                "status": "alive"
            }
        },
        {
            "type": "Feature",
            "geometry": {
                "type": "Point",
                "coordinates": [
                    8.65663364825785,
                    50.1264495
                ]
            },
            "properties": {
                "id": "8f270153-d8a4-41fa-a9a4-b108c93a3118",
                "created_at": "2017-04-26T15:38:51.070Z",
                "updated_at": "2025-01-08T16:12:22.227Z",
                "since": "2017-04-26T15:38:51.070Z",
                "title": "altes Unigebäude für Biologie",
                "slug": "altes-unigebaude-fur-biologie",
                "published": true,
                "buildingType": null,
                "building_type": [],
                "owner": null,
                "road": "Siesmayerstr. 70",
                "zip": "60323",
                "startdate": null,
                "enddate": null,
                "text": "riesiger Kramerbau mit viel Balkon",
                "featured": false,
                "shy": false,
                "user_id": "80f357c4-0789-4caf-bfd9-0208a5174ffc",
                "map_id": "fa8b1e4d-f201-448a-afe9-d7e54215a8ec",
                "status": "temporary"
            }
        },
        {
            "type": "Feature",
            "geometry": {
                "type": "Point",
                "coordinates": [
                    8.68326196953641,
                    50.123184949999995
                ]
            },
            "properties": {
                "id": "85b38cbb-832a-4b94-a1b3-0ff25d850b78",
                "created_at": "2025-01-06T20:05:55.196Z",
                "updated_at": "2025-01-06T20:06:55.443Z",
                "since": "2021-01-06",
                "title": "Hermannstraße 34",
                "slug": "hermannstrasse-34",
                "published": true,
                "buildingType": "",
                "building_type": [
                    "residential"
                ],
                "owner": "",
                "road": "Hermannstraße",
                "zip": "60318",
                "startdate": null,
                "enddate": null,
                "text": null,
                "featured": false,
                "shy": false,
                "user_id": "70405526-9c7e-4e7d-bf3d-591279ae8190",
                "map_id": "fa8b1e4d-f201-448a-afe9-d7e54215a8ec",
                "status": "vacancy"
            }
        },
        {
            "type": "Feature",
            "geometry": {
                "type": "Point",
                "coordinates": [
                    8.6660273,
                    50.148447
                ]
            },
            "properties": {
                "id": "98d2293c-6115-4de5-8106-8aeb6e0d3dec",
                "created_at": "2012-11-26T10:46:20.000Z",
                "updated_at": "2024-12-31T07:50:47.003Z",
                "since": "2012-11-26T10:46:20.000Z",
                "title": "Eschersheimer Landstraße 386",
                "slug": "eschersheimer-landstrasse-386",
                "published": true,
                "buildingType": "Wohngebäude",
                "building_type": [
                    "Wohngebäude"
                ],
                "owner": "private",
                "road": "Eschersheimer Landstraße 386",
                "zip": "60433",
                "startdate": null,
                "enddate": null,
                "text": "Ein sehr schöner Altbau (Jugendstil-Haus im sogenannten Holländer-Viertel), einer der wenigen die dort noch übrig sind, steht seit langem leer und verfällt. Es gab auch schon mehrere Artikel dazu und verschiedene Politiker haben das Thema in Versammlungen angesprochen, passiert ist aber bis jetzt immer noch nichts. Anscheinend ist es auch schwierig den Eigentümer zu erreichen, da dieser aus dem Ausland kommt oder ein im Ausland lebender Deutscher ist. Ein Abriss des Gebäudes wäre wirklich schade, so ein Schmuckstück hat es verdient, nach einer Sanierung bewohnt zu werden,\r\n\r\nhttp://www.extratipp.com/nachrichten/regionales/lokalpolitik/haeuserverfall-villenviertel-droht-jetzt-weiterer-abriss-518849.html\r\n\r\nhttp://www.frankfurt-gestalten.de/of-antrag/jugendstilh%C3%A4user-eschersheimer-landstra%C3%9Fe-lucaestra%C3%9Fe-8-eckhaus-eschersheimer-landstra%C3%9Fe-3\r\n\r\nhttp://www.fdp-fraktion-frankfurt.de/Anregungen-OBR-9/18050c40297i/index.html",
                "featured": false,
                "shy": false,
                "user_id": "9efcf9ef-0907-4085-af22-4fb40ff0fb43",
                "map_id": "fa8b1e4d-f201-448a-afe9-d7e54215a8ec",
                "status": "alive"
            }
        },
        {
            "type": "Feature",
            "geometry": {
                "type": "Point",
                "coordinates": [
                    8.657994434276922,
                    50.1486386
                ]
            },
            "properties": {
                "id": "190ccecc-b049-4fc7-988a-8417c0441a78",
                "created_at": "2021-05-02T15:40:00.526Z",
                "updated_at": "2024-12-31T04:22:48.559Z",
                "since": "2021-05-02T15:40:00.526Z",
                "title": "Seit Jahren leere Wohnungen",
                "slug": "seit-jahren-leere-wohnungen",
                "published": true,
                "buildingType": "locations.building_type_options.residential",
                "building_type": [
                    "locations.building_type_options.residential"
                ],
                "owner": "business",
                "road": "Am Schwalbenschwanz 73",
                "zip": "60431",
                "startdate": null,
                "enddate": null,
                "text": "Dem Anschein nach sind drei Wohnungen in diesem Haus in der Liegenschaft der Bundesbank seit mehreren Jahren unbewohnt.",
                "featured": false,
                "shy": false,
                "user_id": "d9589550-f2ba-4b3c-8f15-fdbe183ed292",
                "map_id": "fa8b1e4d-f201-448a-afe9-d7e54215a8ec",
                "status": "alive"
            }
        },
        {
            "type": "Feature",
            "geometry": {
                "type": "Point",
                "coordinates": [
                    8.6609786,
                    50.0803942
                ]
            },
            "properties": {
                "id": "c3efca47-17dd-4733-b415-c7e4162c2a07",
                "created_at": "2024-12-18T16:38:36.260Z",
                "updated_at": "2024-12-18T16:45:34.693Z",
                "since": "1990-01-01",
                "title": "TEST-Eintrag",
                "slug": "test-eintrag",
                "published": true,
                "buildingType": "",
                "building_type": [
                    "residential"
                ],
                "owner": "city",
                "road": "Oberforsthausweg",
                "zip": "60598",
                "startdate": null,
                "enddate": null,
                "text": "Nur Test der Datenbank hier",
                "featured": false,
                "shy": false,
                "user_id": "e674186e-59c6-48f3-b2ea-22f64994163c",
                "map_id": "fa8b1e4d-f201-448a-afe9-d7e54215a8ec",
                "status": "alive"
            }
        },
        {
            "type": "Feature",
            "geometry": {
                "type": "Point",
                "coordinates": [
                    8.658663548137802,
                    50.1593018
                ]
            },
            "properties": {
                "id": "12ba03ce-59d2-4483-a3d6-a2fb0145b3bf",
                "created_at": "2024-12-15T20:14:45.108Z",
                "updated_at": "2024-12-15T20:16:37.193Z",
                "since": "2023-01-01",
                "title": "Nußzeil 25",
                "slug": "nusszeil-25",
                "published": true,
                "buildingType": "",
                "building_type": [
                    "residential"
                ],
                "owner": "",
                "road": "Nußzeil",
                "zip": "60433",
                "startdate": null,
                "enddate": null,
                "text": "Mindestens ein Stockwerk nicht bewohnt. Gartentor und Fenster kaputt und Gardinen hängen draußen ",
                "featured": false,
                "shy": false,
                "user_id": "23574256-9b48-452c-9176-0810908ac040",
                "map_id": "fa8b1e4d-f201-448a-afe9-d7e54215a8ec",
                "status": "vacancy"
            }
        },
        {
            "type": "Feature",
            "geometry": {
                "type": "Point",
                "coordinates": [
                    8.660443858482143,
                    50.156366250000005
                ]
            },
            "properties": {
                "id": "09ef5613-265a-4a5e-b491-914192027c47",
                "created_at": "2024-12-15T19:58:51.866Z",
                "updated_at": "2024-12-15T20:13:17.878Z",
                "since": "2010-04-01",
                "title": "Josephskirchstraße 11",
                "slug": "josephskirchstrasse-11",
                "published": true,
                "buildingType": "",
                "building_type": [
                    "residential"
                ],
                "owner": "",
                "road": "Josephskirchstraße",
                "zip": "60433",
                "startdate": null,
                "enddate": null,
                "text": "Alles Haus zugewachsen und nicht bewohnt. Müllablagerungen und dem Zerfall dahingegeben",
                "featured": false,
                "shy": false,
                "user_id": "23574256-9b48-452c-9176-0810908ac040",
                "map_id": "fa8b1e4d-f201-448a-afe9-d7e54215a8ec",
                "status": "vacancy"
            }
        },
        {
            "type": "Feature",
            "geometry": {
                "type": "Point",
                "coordinates": [
                    8.659911141555401,
                    50.15832455
                ]
            },
            "properties": {
                "id": "eaaa065d-ac6f-4881-8867-cee69de77dcd",
                "created_at": "2024-12-15T19:56:49.770Z",
                "updated_at": "2024-12-15T20:06:16.238Z",
                "since": "2005-10-01",
                "title": "Nußzeil 47",
                "slug": "nusszeil-47",
                "published": true,
                "buildingType": "",
                "building_type": [
                    "residential"
                ],
                "owner": "",
                "road": "Nußzeil",
                "zip": "60433",
                "startdate": null,
                "enddate": null,
                "text": "Großes zugewachsen es Gebäude aus Klinkerstein mit grüner Holztür und Löwengriff \nSehr schön anzusehen, aber leider dem Verfall seit über 15Jahren hingegeben. Nebenan ebenso",
                "featured": false,
                "shy": false,
                "user_id": "23574256-9b48-452c-9176-0810908ac040",
                "map_id": "fa8b1e4d-f201-448a-afe9-d7e54215a8ec",
                "status": "vacancy"
            }
        },
        {
            "type": "Feature",
            "geometry": {
                "type": "Point",
                "coordinates": [
                    8.659957838507648,
                    50.15863765
                ]
            },
            "properties": {
                "id": "c44977d8-8f88-448a-9c82-ca2cc51158a3",
                "created_at": "2024-12-15T19:54:54.178Z",
                "updated_at": "2024-12-15T20:10:10.547Z",
                "since": "2005-10-01",
                "title": "Nußzeil 43",
                "slug": "nusszeil-43",
                "published": true,
                "buildingType": "",
                "building_type": [
                    "residential"
                ],
                "owner": "",
                "road": "Nußzeil",
                "zip": "60433",
                "startdate": null,
                "enddate": null,
                "text": "Großes Gartengrundstück mit Haus. Garten wird ab und zu gemäht. Mülltonnen stehen da, aber das Haus wird nicht bewohnt und verfällt Stück für Stück. Echt schade.",
                "featured": false,
                "shy": false,
                "user_id": "23574256-9b48-452c-9176-0810908ac040",
                "map_id": "fa8b1e4d-f201-448a-afe9-d7e54215a8ec",
                "status": "vacancy"
            }
        },
        {
            "type": "Feature",
            "geometry": {
                "type": "Point",
                "coordinates": [
                    8.679106367755441,
                    50.151051300000006
                ]
            },
            "properties": {
                "id": "4175d58f-1f15-45e4-892c-8cb58c2691c6",
                "created_at": "2024-12-13T17:52:15.642Z",
                "updated_at": "2024-12-13T17:52:15.754Z",
                "since": "2024-12-13T17:52:15.642Z",
                "title": "Niederbornstraße 2",
                "slug": "niederbornstrasse-2",
                "published": true,
                "buildingType": "",
                "building_type": [],
                "owner": "",
                "road": "Niederbornstraße",
                "zip": "60435",
                "startdate": null,
                "enddate": null,
                "text": null,
                "featured": false,
                "shy": false,
                "user_id": "0895328c-08ac-47bd-b287-dbaf3ff20f30",
                "map_id": "fa8b1e4d-f201-448a-afe9-d7e54215a8ec",
                "status": "vacancy"
            }
        },
        {
            "type": "Feature",
            "geometry": {
                "type": "Point",
                "coordinates": [
                    8.62397061108392,
                    50.1030298
                ]
            },
            "properties": {
                "id": "d359f354-2b03-466a-9363-7c5463c01b8a",
                "created_at": "2024-11-17T21:30:09.372Z",
                "updated_at": "2024-11-17T21:31:56.382Z",
                "since": "2019-11-17",
                "title": "Frankenallee 246",
                "slug": "frankenallee-246",
                "published": true,
                "buildingType": "",
                "building_type": [
                    "residential"
                ],
                "owner": "business",
                "road": "Frankenallee",
                "zip": "60326",
                "startdate": null,
                "enddate": null,
                "text": "Von 8 Wohnungen stehen 6 seit Jahren (manche über 7 Jahre) leer",
                "featured": false,
                "shy": false,
                "user_id": "d2da4811-fecc-4501-bd28-610b9b5de5c3",
                "map_id": "fa8b1e4d-f201-448a-afe9-d7e54215a8ec",
                "status": "vacancy"
            }
        },
        {
            "type": "Feature",
            "geometry": {
                "type": "Point",
                "coordinates": [
                    8.696860301407163,
                    50.12325575
                ]
            },
            "properties": {
                "id": "fffa9374-7aaf-4e51-8e41-c12db25fe307",
                "created_at": "2024-11-17T17:21:18.394Z",
                "updated_at": "2024-11-17T17:23:17.543Z",
                "since": "2024-01-17",
                "title": "Luisenstraße 39",
                "slug": "luisenstrasse-39",
                "published": true,
                "buildingType": "",
                "building_type": [
                    "residential"
                ],
                "owner": "",
                "road": "Luisenstraße",
                "zip": "60316",
                "startdate": null,
                "enddate": null,
                "text": null,
                "featured": false,
                "shy": false,
                "user_id": "1986dc76-9b7f-490c-8fd1-c77c51f1d9aa",
                "map_id": "fa8b1e4d-f201-448a-afe9-d7e54215a8ec",
                "status": "vacancy"
            }
        },
        {
            "type": "Feature",
            "geometry": {
                "type": "Point",
                "coordinates": [
                    8.759315187555757,
                    50.157200599999996
                ]
            },
            "properties": {
                "id": "81d25697-133e-4640-bd22-bf891c6592e5",
                "created_at": "2024-10-12T11:47:15.179Z",
                "updated_at": "2024-10-12T11:47:15.291Z",
                "since": "2024-10-12T11:47:15.179Z",
                "title": "Erlenseer Straße 7",
                "slug": "erlenseer-strasse-7",
                "published": true,
                "buildingType": "",
                "building_type": [],
                "owner": "",
                "road": "Erlenseer Straße",
                "zip": "60388",
                "startdate": null,
                "enddate": null,
                "text": null,
                "featured": false,
                "shy": false,
                "user_id": "5ec93052-e102-411f-994a-1361b2eb1f8a",
                "map_id": "fa8b1e4d-f201-448a-afe9-d7e54215a8ec",
                "status": "vacancy"
            }
        },
        {
            "type": "Feature",
            "geometry": {
                "type": "Point",
                "coordinates": [
                    8.656819019916266,
                    50.14515505
                ]
            },
            "properties": {
                "id": "e36cdf50-43c3-4f26-9f31-99b3495f9965",
                "created_at": "2024-09-15T12:24:35.580Z",
                "updated_at": "2024-09-15T12:32:08.142Z",
                "since": "2022-01-01",
                "title": "Paquetstraße 32",
                "slug": "paquetstrasse-32",
                "published": true,
                "buildingType": "",
                "building_type": [
                    "residential"
                ],
                "owner": "public",
                "road": "Paquetstraße",
                "zip": "60431",
                "startdate": null,
                "enddate": null,
                "text": "Leerstand bezieht sich auf die Wohnung im 3. Stock, links",
                "featured": false,
                "shy": false,
                "user_id": "beb28631-9826-4e8d-a7bb-26040ebc684e",
                "map_id": "fa8b1e4d-f201-448a-afe9-d7e54215a8ec",
                "status": "vacancy"
            }
        },
        {
            "type": "Feature",
            "geometry": {
                "type": "Point",
                "coordinates": [
                    8.625495077547308,
                    50.112676300000004
                ]
            },
            "properties": {
                "id": "7dd1e201-ac66-4139-82f7-30b99adc465f",
                "created_at": "2024-09-05T11:55:43.170Z",
                "updated_at": "2024-09-05T11:55:43.343Z",
                "since": "2024-09-05T11:55:43.170Z",
                "title": "Gebrüder-Wright-Straße 4",
                "slug": "gebruder-wright-strasse-4",
                "published": true,
                "buildingType": "",
                "building_type": [],
                "owner": "",
                "road": "Gebrüder-Wright-Straße",
                "zip": "60486",
                "startdate": null,
                "enddate": null,
                "text": null,
                "featured": false,
                "shy": false,
                "user_id": "e8451ae0-d8ed-4de8-a3ff-5d77fec115fd",
                "map_id": "fa8b1e4d-f201-448a-afe9-d7e54215a8ec",
                "status": "vacancy"
            }
        },
        {
            "type": "Feature",
            "geometry": {
                "type": "Point",
                "coordinates": [
                    8.497403349999995,
                    50.100555650000004
                ]
            },
            "properties": {
                "id": "0d8ec814-f54a-4824-9b15-1ef0b291e862",
                "created_at": "2024-06-15T08:18:54.081Z",
                "updated_at": "2024-08-20T23:27:38.636Z",
                "since": "2024-06-15T08:18:54.081Z",
                "title": "Ehemalige Bar",
                "slug": "ehemalige-bar",
                "published": true,
                "buildingType": "locations.building_type_options.commercial",
                "building_type": [
                    "locations.building_type_options.commercial"
                ],
                "owner": null,
                "road": "Rombergstraße 77",
                "zip": "65931",
                "startdate": null,
                "enddate": null,
                "text": "Leerstand und Verwahrlosung seit Jahren, sozialer Treffpunkt in Brennpunktsiedlung bleibt geschlossen und lässt die Anwohner allein",
                "featured": false,
                "shy": false,
                "user_id": "9edae6ce-fe0b-4e8f-a93b-1c6731942811",
                "map_id": "fa8b1e4d-f201-448a-afe9-d7e54215a8ec",
                "status": "vacancy"
            }
        },
        {
            "type": "Feature",
            "geometry": {
                "type": "Point",
                "coordinates": [
                    8.499408774987291,
                    50.09749975
                ]
            },
            "properties": {
                "id": "b20379c5-58b4-4df2-bc27-9ab653de9839",
                "created_at": "2024-06-15T08:13:56.205Z",
                "updated_at": "2024-08-20T23:27:38.591Z",
                "since": "2024-06-15T08:13:56.205Z",
                "title": "Leerstehendes EG",
                "slug": "leerstehendes-eg",
                "published": true,
                "buildingType": null,
                "building_type": [],
                "owner": null,
                "road": "Pfaffenwiese 61 b",
                "zip": "65931",
                "startdate": null,
                "enddate": null,
                "text": "Ehemalige Trinkhalle, Leerstand seit mehreren Jahren, zugewachsen und viel Müll",
                "featured": false,
                "shy": false,
                "user_id": "9edae6ce-fe0b-4e8f-a93b-1c6731942811",
                "map_id": "fa8b1e4d-f201-448a-afe9-d7e54215a8ec",
                "status": "vacancy"
            }
        },
        {
            "type": "Feature",
            "geometry": {
                "type": "Point",
                "coordinates": [
                    8.4983374,
                    50.09709515
                ]
            },
            "properties": {
                "id": "3a600306-9b00-46f6-b38f-25ad16c88d4c",
                "created_at": "2024-06-15T08:11:48.973Z",
                "updated_at": "2024-08-20T23:27:38.546Z",
                "since": "2024-06-15T08:11:48.973Z",
                "title": "Leerstehende Gewerbefläche",
                "slug": "leerstehende-gewerbeflache-3a600306-9b00-46f6-b38f-25ad16c88d4c",
                "published": true,
                "buildingType": "locations.building_type_options.commercial",
                "building_type": [
                    "locations.building_type_options.commercial"
                ],
                "owner": null,
                "road": "Pfaffenwiese 49",
                "zip": "65931",
                "startdate": null,
                "enddate": null,
                "text": "Seit Schließung des Corona-Testzentrums steht die Pfaffenwiese 49 leer.",
                "featured": false,
                "shy": false,
                "user_id": "9edae6ce-fe0b-4e8f-a93b-1c6731942811",
                "map_id": "fa8b1e4d-f201-448a-afe9-d7e54215a8ec",
                "status": "vacancy"
            }
        },
        {
            "type": "Feature",
            "geometry": {
                "type": "Point",
                "coordinates": [
                    9.189661863038241,
                    50.19853915
                ]
            },
            "properties": {
                "id": "57de55ac-d78e-490b-8cf7-ee79d5561277",
                "created_at": "2024-06-08T22:35:54.225Z",
                "updated_at": "2024-08-20T23:27:38.236Z",
                "since": "2024-06-08T22:35:54.225Z",
                "title": "Mehrstöckiges Gewerbegebäude",
                "slug": "mehrstockiges-gewerbegebaude",
                "published": true,
                "buildingType": "locations.building_type_options.commercial",
                "building_type": [
                    "locations.building_type_options.commercial"
                ],
                "owner": "locations.unknown",
                "road": "Im Ziegelhaus 2",
                "zip": "63571",
                "startdate": null,
                "enddate": null,
                "text": "Großes Gewerbegebäude, direkt an der historischen \"Ziegelbrücke über die Kinzig\".",
                "featured": false,
                "shy": false,
                "user_id": "106853ba-605a-4dc1-afed-20b186b4da9a",
                "map_id": "fa8b1e4d-f201-448a-afe9-d7e54215a8ec",
                "status": "vacancy"
            }
        },
        {
            "type": "Feature",
            "geometry": {
                "type": "Point",
                "coordinates": [
                    8.6606531,
                    50.1020488
                ]
            },
            "properties": {
                "id": "d851d8c6-a955-4922-8d1f-b4894a473854",
                "created_at": "2023-01-02T12:22:23.093Z",
                "updated_at": "2024-08-20T23:26:56.103Z",
                "since": "2023-01-02T12:22:23.093Z",
                "title": "Wohnraum Leer",
                "slug": "wohnraum-leer",
                "published": true,
                "buildingType": "locations.building_type_options.residential",
                "building_type": [
                    "locations.building_type_options.residential"
                ],
                "owner": "private",
                "road": "Gutleutstraße 149",
                "zip": "60327",
                "startdate": null,
                "enddate": null,
                "text": "In Vorder- und Hinterhaus insgesamt 3 Wohnungen seit Auszug nicht neu vermietet.\n\nUpdate 2023: Die Wohnungen werden zZt renoviert.\nUpdate 2024: Ein Teil der Wohnungen ist lt Klingelschild wieder vermietet.",
                "featured": false,
                "shy": false,
                "user_id": "f3702c61-d3c5-4233-a05d-fcc0ba62846f",
                "map_id": "fa8b1e4d-f201-448a-afe9-d7e54215a8ec",
                "status": "vacancy"
            }
        },
        {
            "type": "Feature",
            "geometry": {
                "type": "Point",
                "coordinates": [
                    8.667479406996703,
                    50.14917815
                ]
            },
            "properties": {
                "id": "7b401e40-1d99-4fe3-ae71-c499668e9e56",
                "created_at": "2024-04-28T21:18:43.999Z",
                "updated_at": "2024-08-20T23:27:35.198Z",
                "since": "2024-04-28T21:18:43.999Z",
                "title": "Wohnhaus",
                "slug": "wohnhaus-7b401e40-1d99-4fe3-ae71-c499668e9e56",
                "published": true,
                "buildingType": "locations.building_type_options.residential",
                "building_type": [
                    "locations.building_type_options.residential"
                ],
                "owner": "private",
                "road": "Dehnhardtstr. 12",
                "zip": "60433",
                "startdate": null,
                "enddate": null,
                "text": "3-stöckiges Wohnhaus",
                "featured": false,
                "shy": false,
                "user_id": "0c107cd1-f33f-43be-9840-c8425afc5a73",
                "map_id": "fa8b1e4d-f201-448a-afe9-d7e54215a8ec",
                "status": "vacancy"
            }
        },
        {
            "type": "Feature",
            "geometry": {
                "type": "Point",
                "coordinates": [
                    8.69906111117216,
                    50.1246872
                ]
            },
            "properties": {
                "id": "55e096fa-d36f-41af-aafa-d9a2aafc567a",
                "created_at": "2024-04-19T16:58:13.379Z",
                "updated_at": "2024-08-20T23:27:34.666Z",
                "since": "2024-04-19T16:58:13.379Z",
                "title": "MFH, leerstehend",
                "slug": "mfh-leerstehend",
                "published": true,
                "buildingType": "locations.building_type_options.residential",
                "building_type": [
                    "locations.building_type_options.residential"
                ],
                "owner": "locations.unknown",
                "road": "Burgstr. 56",
                "zip": "60389",
                "startdate": null,
                "enddate": null,
                "text": "MFH wurde vor Jahren saniert, steht seitdem leer.",
                "featured": false,
                "shy": false,
                "user_id": "36988668-fb02-4b2d-b57b-2b2eca241c28",
                "map_id": "fa8b1e4d-f201-448a-afe9-d7e54215a8ec",
                "status": "vacancy"
            }
        },
        {
            "type": "Feature",
            "geometry": {
                "type": "Point",
                "coordinates": [
                    8.700262325237949,
                    50.1254459
                ]
            },
            "properties": {
                "id": "3815049d-0402-434f-9309-de3a99c1d52d",
                "created_at": "2024-04-19T16:55:59.209Z",
                "updated_at": "2024-08-20T23:27:34.637Z",
                "since": "2024-04-19T16:55:59.209Z",
                "title": "MFH, bis auf eine Wohnung leer",
                "slug": "mfh-bis-auf-eine-wohnung-leer",
                "published": true,
                "buildingType": "locations.building_type_options.residential",
                "building_type": [
                    "locations.building_type_options.residential"
                ],
                "owner": "business",
                "road": "Burgstr. 76",
                "zip": "60389",
                "startdate": null,
                "enddate": null,
                "text": "Franconofurte als neuer Eigentümer versucht Wiederverkauf. Garten soll als Baugrundstück verkauft werden. Leerstand für bessere Verkaufschancen.",
                "featured": false,
                "shy": false,
                "user_id": "36988668-fb02-4b2d-b57b-2b2eca241c28",
                "map_id": "fa8b1e4d-f201-448a-afe9-d7e54215a8ec",
                "status": "vacancy"
            }
        },
        {
            "type": "Feature",
            "geometry": {
                "type": "Point",
                "coordinates": [
                    8.66684,
                    50.1482449
                ]
            },
            "properties": {
                "id": "bf3c54be-4773-48e5-8d46-76496c10536e",
                "created_at": "2024-04-28T21:13:01.049Z",
                "updated_at": "2024-08-20T23:27:35.148Z",
                "since": "2024-04-28T21:13:01.049Z",
                "title": "zwei Gewerbeimmobilien",
                "slug": "zwei-gewerbeimmobilien",
                "published": true,
                "buildingType": "locations.building_type_options.commercial",
                "building_type": [
                    "locations.building_type_options.commercial"
                ],
                "owner": null,
                "road": "Hügelstraße 124a",
                "zip": "60433",
                "startdate": null,
                "enddate": null,
                "text": "Zwei nebeneinander liegende Gewerbeimmobilien - ein ehemaliges China-Restaurant, eine ehemalige chem. Reinigung - die seit mindestens 7 Jahren leerstehen",
                "featured": false,
                "shy": false,
                "user_id": "0c107cd1-f33f-43be-9840-c8425afc5a73",
                "map_id": "fa8b1e4d-f201-448a-afe9-d7e54215a8ec",
                "status": "vacancy"
            }
        },
        {
            "type": "Feature",
            "geometry": {
                "type": "Point",
                "coordinates": [
                    8.66370435244593,
                    50.10267965
                ]
            },
            "properties": {
                "id": "3359950a-7bdd-4df4-805d-8996c8816b6c",
                "created_at": "2024-05-01T23:43:04.679Z",
                "updated_at": "2024-08-20T23:27:35.374Z",
                "since": "2024-05-01T23:43:04.679Z",
                "title": "Mehrfamilienhaus",
                "slug": "mehrfamilienhaus-3359950a-7bdd-4df4-805d-8996c8816b6c",
                "published": true,
                "buildingType": "locations.building_type_options.residential",
                "building_type": [
                    "locations.building_type_options.residential"
                ],
                "owner": "locations.unknown",
                "road": "Esslinger Str. 4",
                "zip": "60329",
                "startdate": null,
                "enddate": null,
                "text": "Haus leer seit 5 Jahre.\n10 Wohneinheiten",
                "featured": false,
                "shy": false,
                "user_id": "5079e322-f166-471f-adfb-ac802d5bbb91",
                "map_id": "fa8b1e4d-f201-448a-afe9-d7e54215a8ec",
                "status": "vacancy"
            }
        },
        {
            "type": "Feature",
            "geometry": {
                "type": "Point",
                "coordinates": [
                    8.7022688,
                    50.1260327
                ]
            },
            "properties": {
                "id": "2d5ef207-c1ff-4ec2-bb09-24fa1474e846",
                "created_at": "2012-01-08T15:42:04.000Z",
                "updated_at": "2024-09-26T13:10:12.322Z",
                "since": "2012-01-08T15:42:04.000Z",
                "title": "Gewerbegebäude Burgstr. 106",
                "slug": "gewerbegebaude-burgstr-106",
                "published": true,
                "buildingType": "Gewerbegebäude",
                "building_type": [
                    "Gewerbegebäude"
                ],
                "owner": "private",
                "road": "Burgstraße 106",
                "zip": "60389",
                "startdate": null,
                "enddate": null,
                "text": "In dem großen Büro- und Ladengebäude, das in dem Carrée Burg-, Eichwald-, Petterweilstraße liegt, sind laut großem Aushang an der Frontseite Büro- und Ladenflächen zu vermieten. Im EG ist Alnatura. Wohnungen in dieser Lage wären vorteilhaft. Die profane Architektur des Zweckbaues steht im krassen Gegensatz zur ansprechenden Architektur der gegenüberliegenden Comeniusschule und den vielen Gründerzeitfassaden der Umgebung.",
                "featured": false,
                "shy": false,
                "user_id": "2c988ac3-2a25-4b9f-85e5-1b2f540bd408",
                "map_id": "fa8b1e4d-f201-448a-afe9-d7e54215a8ec",
                "status": "vacancy"
            }
        },
        {
            "type": "Feature",
            "geometry": {
                "type": "Point",
                "coordinates": [
                    8.698953869214947,
                    50.1221386
                ]
            },
            "properties": {
                "id": "09c956a2-19a8-4431-a6d1-f69f8099529a",
                "created_at": "2024-03-01T16:57:46.861Z",
                "updated_at": "2024-08-20T23:27:31.563Z",
                "since": "2024-03-01T16:57:46.861Z",
                "title": "Wohngebäude Leerstand +3 Jahre",
                "slug": "wohngebaude-leerstand-3-jahre",
                "published": true,
                "buildingType": "locations.building_type_options.residential",
                "building_type": [
                    "locations.building_type_options.residential"
                ],
                "owner": "locations.unknown",
                "road": "Schopenhauer Straße 3",
                "zip": "60316",
                "startdate": null,
                "enddate": null,
                "text": null,
                "featured": false,
                "shy": false,
                "user_id": "bf1159b8-730b-4889-b4e5-b13231131947",
                "map_id": "fa8b1e4d-f201-448a-afe9-d7e54215a8ec",
                "status": "vacancy"
            }
        },
        {
            "type": "Feature",
            "geometry": {
                "type": "Point",
                "coordinates": [
                    8.694877672889021,
                    50.0940778
                ]
            },
            "properties": {
                "id": "28a7afc3-5330-463e-b2bb-58ab0f475656",
                "created_at": "2023-12-26T10:35:23.012Z",
                "updated_at": "2024-09-26T13:10:09.714Z",
                "since": "2023-12-26T10:35:23.012Z",
                "title": "Komplettes Haus steht leer",
                "slug": "komplettes-haus-steht-leer-28a7afc3-5330-463e-b2bb-58ab0f475656",
                "published": true,
                "buildingType": "locations.building_type_options.residential",
                "building_type": [
                    "locations.building_type_options.residential"
                ],
                "owner": "locations.unknown",
                "road": "Unterster Zwerchweg 42",
                "zip": "60599",
                "startdate": null,
                "enddate": null,
                "text": "Komplettes, sehr schönes Haus, steht leer",
                "featured": false,
                "shy": false,
                "user_id": "84a7909d-5084-4f66-80b4-3d2e7ade0396",
                "map_id": "fa8b1e4d-f201-448a-afe9-d7e54215a8ec",
                "status": "vacancy"
            }
        },
        {
            "type": "Feature",
            "geometry": {
                "type": "Point",
                "coordinates": [
                    8.617505006056952,
                    50.16864595
                ]
            },
            "properties": {
                "id": "7829f9c2-7c88-4abe-b707-c9ff217df667",
                "created_at": "2023-12-06T11:26:13.123Z",
                "updated_at": "2024-09-26T13:10:09.357Z",
                "since": "2023-12-06T11:26:13.123Z",
                "title": "Wohnung steht seit über 10 Jahren leer",
                "slug": "wohnung-steht-seit-uber-10-jahren-leer",
                "published": true,
                "buildingType": "locations.building_type_options.residential",
                "building_type": [
                    "locations.building_type_options.residential"
                ],
                "owner": "private",
                "road": "Erbsengasse 27",
                "zip": "60439",
                "startdate": null,
                "enddate": null,
                "text": "Eigentümer lässt die Wohnung vergammeln",
                "featured": false,
                "shy": false,
                "user_id": "2c724e37-39a3-4c65-aa83-5655bf6d6adf",
                "map_id": "fa8b1e4d-f201-448a-afe9-d7e54215a8ec",
                "status": "vacancy"
            }
        },
        {
            "type": "Feature",
            "geometry": {
                "type": "Point",
                "coordinates": [
                    8.613891132259411,
                    50.1273977
                ]
            },
            "properties": {
                "id": "8b948d9d-8474-462c-aa29-68258ef32d9d",
                "created_at": "2023-11-27T09:52:49.204Z",
                "updated_at": "2024-09-26T13:10:09.313Z",
                "since": "2023-11-27T09:52:49.204Z",
                "title": "EG Wohnung",
                "slug": "eg-wohnung-8b948d9d-8474-462c-aa29-68258ef32d9d",
                "published": true,
                "buildingType": "locations.building_type_options.residential",
                "building_type": [
                    "locations.building_type_options.residential"
                ],
                "owner": "locations.unknown",
                "road": "Trümpertstraße 12",
                "zip": "60489",
                "startdate": null,
                "enddate": null,
                "text": "Hier steht seit etwa einem Jahr eine Erdgeschoss Wohnung leer. Offiziell wird sie saniert, tatsächlich passiert dort aber gar nichts.",
                "featured": false,
                "shy": false,
                "user_id": "e6ed405a-d064-4df0-b19e-98f66e5af369",
                "map_id": "fa8b1e4d-f201-448a-afe9-d7e54215a8ec",
                "status": "vacancy"
            }
        },
        {
            "type": "Feature",
            "geometry": {
                "type": "Point",
                "coordinates": [
                    8.599739173248096,
                    50.201627450000004
                ]
            },
            "properties": {
                "id": "6237b3fb-cdd5-4dbb-8767-cf16bd55f20c",
                "created_at": "2023-11-17T11:13:12.694Z",
                "updated_at": "2024-09-26T13:10:09.652Z",
                "since": "2023-11-17T11:13:12.694Z",
                "title": "Leerstand einer Wohnung in Oberursel",
                "slug": "leerstand-einer-wohnung-in-oberursel",
                "published": true,
                "buildingType": "locations.building_type_options.residential",
                "building_type": [
                    "locations.building_type_options.residential"
                ],
                "owner": "private",
                "road": "Dietrich-Bonhoeffer-Straße 7",
                "zip": "61440",
                "startdate": null,
                "enddate": null,
                "text": null,
                "featured": false,
                "shy": false,
                "user_id": "6e9f7252-1e5b-4607-a96a-17d3395f8ba1",
                "map_id": "fa8b1e4d-f201-448a-afe9-d7e54215a8ec",
                "status": "vacancy"
            }
        },
        {
            "type": "Feature",
            "geometry": {
                "type": "Point",
                "coordinates": [
                    8.690165933043117,
                    50.1250763
                ]
            },
            "properties": {
                "id": "07e47361-3777-47e1-9d61-235fc786405d",
                "created_at": "2023-09-13T14:42:22.226Z",
                "updated_at": "2024-09-26T13:09:58.895Z",
                "since": "2023-09-13T14:42:22.226Z",
                "title": "Leerstand in Frankfurt Nordend",
                "slug": "leerstand-in-frankfurt-nordend",
                "published": true,
                "buildingType": "locations.building_type_options.residential",
                "building_type": [
                    "locations.building_type_options.residential"
                ],
                "owner": "private",
                "road": "Wielandstraße 20",
                "zip": "60318",
                "startdate": null,
                "enddate": null,
                "text": null,
                "featured": false,
                "shy": false,
                "user_id": "6d91c055-6d76-45a3-aacd-f10b7097cda5",
                "map_id": "fa8b1e4d-f201-448a-afe9-d7e54215a8ec",
                "status": "vacancy"
            }
        },
        {
            "type": "Feature",
            "geometry": {
                "type": "Point",
                "coordinates": [
                    8.66370435244593,
                    50.10267965
                ]
            },
            "properties": {
                "id": "389439af-b748-4cab-8543-715a57ae3a3d",
                "created_at": "2023-08-21T00:55:30.241Z",
                "updated_at": "2024-09-26T13:10:09.603Z",
                "since": "2023-08-21T00:55:30.241Z",
                "title": "Esslingerstr 4 Frankfurt",
                "slug": "esslingerstr-4-frankfurt",
                "published": true,
                "buildingType": "locations.building_type_options.residential",
                "building_type": [
                    "locations.building_type_options.residential"
                ],
                "owner": "locations.unknown",
                "road": "Esslingerstr. 4",
                "zip": "Frankfurt",
                "startdate": null,
                "enddate": null,
                "text": "Gesamtes Haus mit 10-12 Wohnungen leer",
                "featured": false,
                "shy": false,
                "user_id": "ae2dc37c-6931-44e3-b85e-2c90f419bab0",
                "map_id": "fa8b1e4d-f201-448a-afe9-d7e54215a8ec",
                "status": "vacancy"
            }
        },
        {
            "type": "Feature",
            "geometry": {
                "type": "Point",
                "coordinates": [
                    8.641297246308273,
                    50.1591288
                ]
            },
            "properties": {
                "id": "b4b75077-7acf-4e99-bc26-26572494934f",
                "created_at": "2023-08-10T11:57:35.356Z",
                "updated_at": "2024-09-26T13:10:09.553Z",
                "since": "2023-08-10T11:57:35.356Z",
                "title": "Mehrfamilienhaus",
                "slug": "mehrfamilienhaus-b4b75077-7acf-4e99-bc26-26572494934f",
                "published": true,
                "buildingType": "locations.building_type_options.residential",
                "building_type": [
                    "locations.building_type_options.residential"
                ],
                "owner": "private",
                "road": "Titusstraße 35",
                "zip": "60439",
                "startdate": null,
                "enddate": null,
                "text": "Nachdem die Eigentümerin vor Jahren gestorben ist, steht das gesamte Haus leer.",
                "featured": false,
                "shy": false,
                "user_id": "50f36c45-6425-48fe-ac6e-75dc59334181",
                "map_id": "fa8b1e4d-f201-448a-afe9-d7e54215a8ec",
                "status": "vacancy"
            }
        },
        {
            "type": "Feature",
            "geometry": {
                "type": "Point",
                "coordinates": [
                    8.69166901800208,
                    50.10457755
                ]
            },
            "properties": {
                "id": "43b79345-f588-4ee9-abe6-9c52a7f022d5",
                "created_at": "2024-01-05T08:34:45.776Z",
                "updated_at": "2024-09-26T13:10:09.506Z",
                "since": "2024-01-05T08:34:45.776Z",
                "title": "Komplettes Haus und Nebengebäude leer",
                "slug": "komplettes-haus-und-nebengebaude-leer",
                "published": true,
                "buildingType": "locations.building_type_options.residential",
                "building_type": [
                    "locations.building_type_options.residential"
                ],
                "owner": "locations.unknown",
                "road": "Dreieichstraße 34",
                "zip": "60594",
                "startdate": null,
                "enddate": null,
                "text": null,
                "featured": false,
                "shy": false,
                "user_id": "84a7909d-5084-4f66-80b4-3d2e7ade0396",
                "map_id": "fa8b1e4d-f201-448a-afe9-d7e54215a8ec",
                "status": "vacancy"
            }
        },
        {
            "type": "Feature",
            "geometry": {
                "type": "Point",
                "coordinates": [
                    8.69506944910923,
                    50.1046495
                ]
            },
            "properties": {
                "id": "f09181f5-370e-4711-9d91-12f600d9935d",
                "created_at": "2023-12-26T01:15:41.646Z",
                "updated_at": "2024-09-26T13:10:09.457Z",
                "since": "2023-12-26T01:15:41.646Z",
                "title": "KOMPLETTES HAUS STEHT LEER",
                "slug": "komplettes-haus-steht-leer-f09181f5-370e-4711-9d91-12f600d9935d",
                "published": true,
                "buildingType": "locations.building_type_options.residential",
                "building_type": [
                    "locations.building_type_options.residential"
                ],
                "owner": "locations.unknown",
                "road": "Willemerstraße 31",
                "zip": "60594",
                "startdate": null,
                "enddate": null,
                "text": "KOMPLETTES HAUS STEHT LEER",
                "featured": false,
                "shy": false,
                "user_id": "84a7909d-5084-4f66-80b4-3d2e7ade0396",
                "map_id": "fa8b1e4d-f201-448a-afe9-d7e54215a8ec",
                "status": "vacancy"
            }
        },
        {
            "type": "Feature",
            "geometry": {
                "type": "Point",
                "coordinates": [
                    8.693246679503769,
                    50.093738099999996
                ]
            },
            "properties": {
                "id": "6c62dfa3-8a67-43ca-8a8b-26f5b9ef4b21",
                "created_at": "2023-12-26T01:13:38.799Z",
                "updated_at": "2024-09-26T13:10:09.402Z",
                "since": "2023-12-26T01:13:38.799Z",
                "title": "1. OG STEHT KOMPLETT LEER",
                "slug": "1-og-steht-komplett-leer",
                "published": true,
                "buildingType": "locations.building_type_options.residential",
                "building_type": [
                    "locations.building_type_options.residential"
                ],
                "owner": "private",
                "road": "Unterster Zwerchweg 25",
                "zip": "60599",
                "startdate": null,
                "enddate": null,
                "text": "Etagenwohnung steht leer",
                "featured": false,
                "shy": false,
                "user_id": "84a7909d-5084-4f66-80b4-3d2e7ade0396",
                "map_id": "fa8b1e4d-f201-448a-afe9-d7e54215a8ec",
                "status": "vacancy"
            }
        },
        {
            "type": "Feature",
            "geometry": {
                "type": "Point",
                "coordinates": [
                    8.672672345740462,
                    50.1960776
                ]
            },
            "properties": {
                "id": "31e856cc-af05-4155-9e04-d6321d4f13d1",
                "created_at": "2023-11-19T15:25:10.671Z",
                "updated_at": "2024-08-20T23:27:22.963Z",
                "since": "2023-11-19T15:25:10.671Z",
                "title": "Reihenhaus Nieder-Eschbach",
                "slug": "reihenhaus-nieder-eschbach",
                "published": true,
                "buildingType": "locations.building_type_options.residential",
                "building_type": [
                    "locations.building_type_options.residential"
                ],
                "owner": "private",
                "road": "Georg-Büchner-Str. 25 c",
                "zip": "60437",
                "startdate": null,
                "enddate": null,
                "text": "Gut gepflegtes, geräumiges Haus Baujahr 1977, gute ÖPNV-Anbindung",
                "featured": false,
                "shy": false,
                "user_id": "f7798e58-5436-4b39-88f8-2178c5825c84",
                "map_id": "fa8b1e4d-f201-448a-afe9-d7e54215a8ec",
                "status": "vacancy"
            }
        },
        {
            "type": "Feature",
            "geometry": {
                "type": "Point",
                "coordinates": [
                    8.682325594780497,
                    50.1195668
                ]
            },
            "properties": {
                "id": "e5fb05e9-f6ae-4f64-b74e-bd5f1d99400f",
                "created_at": "2023-11-18T21:18:41.413Z",
                "updated_at": "2024-08-20T23:27:22.792Z",
                "since": "2023-11-18T21:18:41.413Z",
                "title": "Frankfurt-Nordend",
                "slug": "frankfurt-nordend",
                "published": true,
                "buildingType": "locations.building_type_options.residential",
                "building_type": [
                    "locations.building_type_options.residential"
                ],
                "owner": null,
                "road": "Sternstraße 9",
                "zip": "60318",
                "startdate": null,
                "enddate": null,
                "text": "Wohnung im 1. OG rechts in saniertem Haus steht seit über fünf Jahren leer",
                "featured": false,
                "shy": false,
                "user_id": "d2d82a55-6a2f-4419-a148-caa32bb9a2c3",
                "map_id": "fa8b1e4d-f201-448a-afe9-d7e54215a8ec",
                "status": "vacancy"
            }
        },
        {
            "type": "Feature",
            "geometry": {
                "type": "Point",
                "coordinates": [
                    8.664623102178144,
                    50.13006455
                ]
            },
            "properties": {
                "id": "5fa80f78-1da4-4db4-8705-0e73b0bf9e76",
                "created_at": "2023-11-18T20:46:45.301Z",
                "updated_at": "2024-08-20T23:27:22.744Z",
                "since": "2023-11-18T20:46:45.301Z",
                "title": "Wohnung neben der Phillip-Holzmann-Schule steht leer",
                "slug": "wohnung-neben-der-phillip-holzmann-schule-steht-leer",
                "published": true,
                "buildingType": "locations.building_type_options.other",
                "building_type": [
                    "locations.building_type_options.other"
                ],
                "owner": "city",
                "road": "Siolistr. 41",
                "zip": "60323",
                "startdate": null,
                "enddate": null,
                "text": "Seit Jahren habe ich kein menschliches Wesen mehr dort Gesehen. Eine Anfrage an die Schulleitung bzgl. der Möglichkeit einer Anmietung (z.B. durch Studierende) blieb ohne Antwort.",
                "featured": false,
                "shy": false,
                "user_id": "d96719ab-3131-48f6-ab3d-65bbc5779fac",
                "map_id": "fa8b1e4d-f201-448a-afe9-d7e54215a8ec",
                "status": "vacancy"
            }
        },
        {
            "type": "Feature",
            "geometry": {
                "type": "Point",
                "coordinates": [
                    8.6519,
                    50.12402
                ]
            },
            "properties": {
                "id": "b38a82a1-bd17-4c27-8902-b429f153ea93",
                "created_at": "2013-05-14T07:31:02.000Z",
                "updated_at": "2024-09-26T13:10:02.944Z",
                "since": "2013-05-14T07:31:02.000Z",
                "title": "Markt versagt",
                "slug": "markt-versagt",
                "published": true,
                "buildingType": "Wohngebäude",
                "building_type": [
                    "Wohngebäude"
                ],
                "owner": "private",
                "road": "Ludolfusstraße 13",
                "zip": "60487",
                "startdate": null,
                "enddate": null,
                "text": "Hier war mal die französische Botschaft drin, dann stand es leer, dann war es mal kurz vermietet und nun steht es wieder rund zwei Jahre leer. Es heißt, die Eigentümerin sucht zwar nach Mietern, aber sie findet niemand zu ihren Preisvorstellungen, weil es durch die Zeppelinallee so laut ist an der Ecke. Dass man darum vielleicht etwas den Preis absenken muss, scheint kein Gedanke zu sein.\r\n\r\nSchade drum - hier könnten einige Leute recht zentral und ziemlich vornehm wohnen.",
                "featured": false,
                "shy": false,
                "user_id": "5e957df7-36fd-40e5-9a25-bf356c21978f",
                "map_id": "fa8b1e4d-f201-448a-afe9-d7e54215a8ec",
                "status": "vacancy"
            }
        },
        {
            "type": "Feature",
            "geometry": {
                "type": "Point",
                "coordinates": [
                    8.65319369653471,
                    50.12595015
                ]
            },
            "properties": {
                "id": "36438d86-5226-47c2-947a-40debae14a5b",
                "created_at": "2019-12-12T10:59:03.288Z",
                "updated_at": "2024-09-26T13:09:58.953Z",
                "since": "2019-12-12T10:59:03.288Z",
                "title": "Leerstehende kleine Villa",
                "slug": "leerstehende-kleine-villa",
                "published": true,
                "buildingType": "locations.building_type_options.residential",
                "building_type": [
                    "locations.building_type_options.residential"
                ],
                "owner": "locations.unknown",
                "road": "Miquelallee 3",
                "zip": null,
                "startdate": null,
                "enddate": null,
                "text": null,
                "featured": false,
                "shy": false,
                "user_id": "6166a680-82ce-4751-ac17-7a65be5d85da",
                "map_id": "fa8b1e4d-f201-448a-afe9-d7e54215a8ec",
                "status": "vacancy"
            }
        },
        {
            "type": "Feature",
            "geometry": {
                "type": "Point",
                "coordinates": [
                    8.65249,
                    50.12684
                ]
            },
            "properties": {
                "id": "6a9ad890-66b0-4e62-8491-6686a525eb3e",
                "created_at": "2012-03-06T08:12:28.000Z",
                "updated_at": "2024-09-26T13:09:57.511Z",
                "since": "2012-03-06T08:12:28.000Z",
                "title": "Am Leonhardsbrunn 7",
                "slug": "am-leonhardsbrunn-7",
                "published": true,
                "buildingType": "Bürogebäude",
                "building_type": [
                    "Bürogebäude"
                ],
                "owner": null,
                "road": "Am Leonhardsbrunn 7",
                "zip": "60487",
                "startdate": null,
                "enddate": null,
                "text": "Das Versorgungswerk der Landesärztekammer war offenbar zuletzt in diesem Gebäude angesiedelt - und ist inzwischen in den Mittleren Hasenpfad umgezogen.\r\nDas repräsentative Gebäude ist schön anzusehen und liegt in einem relativ ruhigen Quartier.\r\nEine Nachnutzung ist derzeit nicht erkennbar.",
                "featured": false,
                "shy": false,
                "user_id": "601a4baa-d58b-49c3-86a7-c13f6e63695e",
                "map_id": "fa8b1e4d-f201-448a-afe9-d7e54215a8ec",
                "status": "vacancy"
            }
        },
        {
            "type": "Feature",
            "geometry": {
                "type": "Point",
                "coordinates": [
                    8.688670890376176,
                    50.1249356
                ]
            },
            "properties": {
                "id": "e69dcc80-eaa5-4402-89c4-045d69b1c5a1",
                "created_at": "2023-09-12T12:21:59.922Z",
                "updated_at": "2024-09-26T13:10:01.368Z",
                "since": "2023-09-12T12:21:59.922Z",
                "title": "Wielandstrasse 34",
                "slug": "wielandstrasse-34",
                "published": true,
                "buildingType": "locations.building_type_options.residential",
                "building_type": [
                    "locations.building_type_options.residential"
                ],
                "owner": null,
                "road": "Wielandstrasse 34",
                "zip": "60318",
                "startdate": null,
                "enddate": null,
                "text": "Offensichtlich steht das komplette Haus seit mindestens 2017, jedenfalls seit der abgeschlossenen Sanierung, leer.",
                "featured": false,
                "shy": false,
                "user_id": "27efe18e-c66c-43b3-adf2-a4158dab06ac",
                "map_id": "fa8b1e4d-f201-448a-afe9-d7e54215a8ec",
                "status": "vacancy"
            }
        },
        {
            "type": "Feature",
            "geometry": {
                "type": "Point",
                "coordinates": [
                    8.665568031257177,
                    50.122966
                ]
            },
            "properties": {
                "id": "e98d9adf-7a8f-4a5f-9360-c2f4a00305af",
                "created_at": "2023-09-16T07:40:36.021Z",
                "updated_at": "2024-08-20T23:27:16.521Z",
                "since": "2023-09-16T07:40:36.021Z",
                "title": "Seit langem leer",
                "slug": "seit-langem-leer",
                "published": true,
                "buildingType": "locations.building_type_options.residential",
                "building_type": [
                    "locations.building_type_options.residential"
                ],
                "owner": "locations.unknown",
                "road": "Grüneburgweg 89",
                "zip": "60323",
                "startdate": null,
                "enddate": null,
                "text": "Wohnung unbeleuchted, Briefkasten ohne Name",
                "featured": false,
                "shy": false,
                "user_id": "65cfec1d-720d-4bd5-b870-f5fb7685ed2f",
                "map_id": "fa8b1e4d-f201-448a-afe9-d7e54215a8ec",
                "status": "vacancy"
            }
        },
        {
            "type": "Feature",
            "geometry": {
                "type": "Point",
                "coordinates": [
                    8.748180648425826,
                    50.1084079
                ]
            },
            "properties": {
                "id": "e3eeb256-7bfd-4a8a-9f58-fce05b4d1038",
                "created_at": "2023-07-21T18:55:37.068Z",
                "updated_at": "2024-08-20T23:27:10.706Z",
                "since": "2023-07-21T18:55:37.068Z",
                "title": "2zimmer Wohnung",
                "slug": "2zimmer-wohnung",
                "published": true,
                "buildingType": "locations.building_type_options.residential",
                "building_type": [
                    "locations.building_type_options.residential"
                ],
                "owner": "locations.unknown",
                "road": "Lilistraße 35",
                "zip": "63067",
                "startdate": null,
                "enddate": null,
                "text": "Seit über zwei Jahren leer",
                "featured": false,
                "shy": false,
                "user_id": "5e26d03b-aabf-4938-b64a-2f7bc8363a53",
                "map_id": "fa8b1e4d-f201-448a-afe9-d7e54215a8ec",
                "status": "vacancy"
            }
        },
        {
            "type": "Feature",
            "geometry": {
                "type": "Point",
                "coordinates": [
                    8.691087940424246,
                    50.122559300000006
                ]
            },
            "properties": {
                "id": "68dcb40a-70eb-497d-b823-fb2e54be3809",
                "created_at": "2023-07-04T21:10:08.795Z",
                "updated_at": "2024-08-20T23:27:09.206Z",
                "since": "2023-07-04T21:10:08.795Z",
                "title": "Wohnhaus mit Balkonen",
                "slug": "wohnhaus-mit-balkonen",
                "published": true,
                "buildingType": "locations.building_type_options.residential",
                "building_type": [
                    "locations.building_type_options.residential"
                ],
                "owner": null,
                "road": "Friedberger Landstraße 49",
                "zip": "60316",
                "startdate": null,
                "enddate": null,
                "text": "dieses objekt mit vielen wohnungen steht seot geraumer zeit leer",
                "featured": false,
                "shy": false,
                "user_id": "03301810-558a-46b8-ab44-e9eee7302b9a",
                "map_id": "fa8b1e4d-f201-448a-afe9-d7e54215a8ec",
                "status": "vacancy"
            }
        },
        {
            "type": "Feature",
            "geometry": {
                "type": "Point",
                "coordinates": [
                    8.6667084,
                    50.1484637
                ]
            },
            "properties": {
                "id": "2449d29f-5136-4099-9abd-a633fc50c591",
                "created_at": "2023-04-03T05:50:17.518Z",
                "updated_at": "2024-08-20T23:27:01.863Z",
                "since": "2023-04-03T05:50:17.518Z",
                "title": "Leerstand Wohngebäude",
                "slug": "leerstand-wohngebaude-2449d29f-5136-4099-9abd-a633fc50c591",
                "published": true,
                "buildingType": "locations.building_type_options.residential",
                "building_type": [
                    "locations.building_type_options.residential"
                ],
                "owner": "private",
                "road": "Lucaestraße 9 + 11",
                "zip": "60433",
                "startdate": null,
                "enddate": null,
                "text": "Seit Jahren steht ein Wohngebäude mit mehreren Wohnungseinheiten leer. Müll liegt rum, Gaststätte steht ebenfalls leer. Auch ein Einfamilienhaus steht seit ca. 2 Jahren leer. Wurde renoviert, aber niemand wohnt drin.",
                "featured": false,
                "shy": false,
                "user_id": "b5a65af5-6562-4963-aeed-0673e41aec17",
                "map_id": "fa8b1e4d-f201-448a-afe9-d7e54215a8ec",
                "status": "vacancy"
            }
        },
        {
            "type": "Feature",
            "geometry": {
                "type": "Point",
                "coordinates": [
                    8.691484363900987,
                    50.10571775
                ]
            },
            "properties": {
                "id": "df1c2bb4-611c-458c-a52e-2afb775adb10",
                "created_at": "2023-03-17T11:55:55.100Z",
                "updated_at": "2024-08-20T23:27:00.724Z",
                "since": "2023-03-17T11:55:55.100Z",
                "title": "Leerstand seit mehreren Jahren - Große Rittergasse 41 und 43",
                "slug": "leerstand-seit-mehreren-jahren-grosse-rittergasse-41-und-43",
                "published": true,
                "buildingType": "locations.building_type_options.residential",
                "building_type": [
                    "locations.building_type_options.residential"
                ],
                "owner": null,
                "road": "Große Rittergasse 41",
                "zip": "60594",
                "startdate": null,
                "enddate": null,
                "text": null,
                "featured": false,
                "shy": false,
                "user_id": "0e7eb770-b8f6-475d-b903-2ad3e5242c06",
                "map_id": "fa8b1e4d-f201-448a-afe9-d7e54215a8ec",
                "status": "vacancy"
            }
        },
        {
            "type": "Feature",
            "geometry": {
                "type": "Point",
                "coordinates": [
                    8.665106196963023,
                    50.1332576
                ]
            },
            "properties": {
                "id": "2163de08-ed50-4e40-9cb8-4294cf6d9d7c",
                "created_at": "2021-08-12T18:16:50.378Z",
                "updated_at": "2024-09-26T13:09:59.970Z",
                "since": "2021-08-12T18:16:50.378Z",
                "title": "Mietwohnung EG seit Q1 2021",
                "slug": "mietwohnung-eg-seit-q1-2021",
                "published": true,
                "buildingType": "locations.building_type_options.residential",
                "building_type": [
                    "locations.building_type_options.residential"
                ],
                "owner": "business",
                "road": "Freseniusstr. 20",
                "zip": "60320",
                "startdate": null,
                "enddate": null,
                "text": "Eine 4-Zimmer-Mietwohnung mit Balkon in einem 6-Parteien Haus der Deutschen Wohnen steht leer seit Frühling 2021; Deutsche Wohnen bestätigte Bestreben, leerstehen zu lassen",
                "featured": false,
                "shy": false,
                "user_id": "5dc20398-b1c1-4b3f-b09e-4a17822a1861",
                "map_id": "fa8b1e4d-f201-448a-afe9-d7e54215a8ec",
                "status": "vacancy"
            }
        },
        {
            "type": "Feature",
            "geometry": {
                "type": "Point",
                "coordinates": [
                    8.6894318,
                    50.1205673
                ]
            },
            "properties": {
                "id": "768b8718-e28d-437d-85fe-e3369bb9a1f1",
                "created_at": "2023-02-04T15:34:02.420Z",
                "updated_at": "2024-08-20T23:26:57.836Z",
                "since": "2023-02-04T15:34:02.420Z",
                "title": "Frankfurt am Main, Nordend (4+ Jahre)",
                "slug": "frankfurt-am-main-nordend-4-jahre",
                "published": true,
                "buildingType": "locations.building_type_options.residential",
                "building_type": [
                    "locations.building_type_options.residential"
                ],
                "owner": "business",
                "road": "Mercatorstr. 27",
                "zip": "60316",
                "startdate": null,
                "enddate": null,
                "text": "Leerstand von 5 Wohnungen in einem Haus mit 10 Wohnungen seit 4+ Jahren in bester FFM-Lage (Nordend), insg. ca. 450 qm Netto-Wohnfläche.\nSaniert / Modernisiert 2019/2020",
                "featured": false,
                "shy": false,
                "user_id": "89587d9c-18e1-4c61-a281-1706ea7fb9fe",
                "map_id": "fa8b1e4d-f201-448a-afe9-d7e54215a8ec",
                "status": "vacancy"
            }
        },
        {
            "type": "Feature",
            "geometry": {
                "type": "Point",
                "coordinates": [
                    8.75023958620291,
                    50.155173
                ]
            },
            "properties": {
                "id": "18690e82-e29c-4ea0-90a0-2e410c700308",
                "created_at": "2022-12-22T10:34:18.848Z",
                "updated_at": "2024-08-20T23:26:55.648Z",
                "since": "2022-12-22T10:34:18.848Z",
                "title": "Ehemaliges Postgebäude",
                "slug": "ehemaliges-postgebaude",
                "published": true,
                "buildingType": null,
                "building_type": [],
                "owner": null,
                "road": "Marktstraße 3",
                "zip": "60388",
                "startdate": null,
                "enddate": null,
                "text": "Leerstand seit über fünf Jahren",
                "featured": false,
                "shy": false,
                "user_id": "2f93806c-fbf7-4bbe-947e-bc8166cd876e",
                "map_id": "fa8b1e4d-f201-448a-afe9-d7e54215a8ec",
                "status": "vacancy"
            }
        },
        {
            "type": "Feature",
            "geometry": {
                "type": "Point",
                "coordinates": [
                    8.675567289702514,
                    50.098423350000004
                ]
            },
            "properties": {
                "id": "7d6d8377-e495-4ce4-b6cb-06dc34f999c0",
                "created_at": "2022-12-13T10:24:28.847Z",
                "updated_at": "2024-08-20T23:26:54.436Z",
                "since": "2022-12-13T10:24:28.847Z",
                "title": "Haus",
                "slug": "haus-7d6d8377-e495-4ce4-b6cb-06dc34f999c0",
                "published": true,
                "buildingType": "locations.building_type_options.residential",
                "building_type": [
                    "locations.building_type_options.residential"
                ],
                "owner": null,
                "road": "Thorwaldsenplatz 8",
                "zip": "60596",
                "startdate": null,
                "enddate": null,
                "text": "komplett leer",
                "featured": false,
                "shy": false,
                "user_id": "3e962037-3e07-4249-8006-7a3f102a68fe",
                "map_id": "fa8b1e4d-f201-448a-afe9-d7e54215a8ec",
                "status": "vacancy"
            }
        },
        {
            "type": "Feature",
            "geometry": {
                "type": "Point",
                "coordinates": [
                    8.684463404232105,
                    50.10528325
                ]
            },
            "properties": {
                "id": "9f54216f-8cb1-47e2-b88c-3c8968e72d0b",
                "created_at": "2022-12-13T10:23:44.708Z",
                "updated_at": "2024-08-20T23:26:54.386Z",
                "since": "2022-12-13T10:23:44.708Z",
                "title": "Haus",
                "slug": "haus-9f54216f-8cb1-47e2-b88c-3c8968e72d0b",
                "published": true,
                "buildingType": null,
                "building_type": [],
                "owner": null,
                "road": "Schifferstraße 66",
                "zip": "60954",
                "startdate": null,
                "enddate": null,
                "text": "Komplett leer",
                "featured": false,
                "shy": false,
                "user_id": "3e962037-3e07-4249-8006-7a3f102a68fe",
                "map_id": "fa8b1e4d-f201-448a-afe9-d7e54215a8ec",
                "status": "vacancy"
            }
        },
        {
            "type": "Feature",
            "geometry": {
                "type": "Point",
                "coordinates": [
                    8.676771496508387,
                    50.1038536
                ]
            },
            "properties": {
                "id": "3480a2aa-c395-4e29-a53f-b19f5fcbc0a9",
                "created_at": "2022-12-13T10:22:19.213Z",
                "updated_at": "2024-08-20T23:26:54.351Z",
                "since": "2022-12-13T10:22:19.213Z",
                "title": "Haus",
                "slug": "haus-3480a2aa-c395-4e29-a53f-b19f5fcbc0a9",
                "published": true,
                "buildingType": "locations.building_type_options.residential",
                "building_type": [
                    "locations.building_type_options.residential"
                ],
                "owner": null,
                "road": "Städelstraße 18",
                "zip": "60596",
                "startdate": null,
                "enddate": null,
                "text": "Komplettes Haus steht leer",
                "featured": false,
                "shy": false,
                "user_id": "3e962037-3e07-4249-8006-7a3f102a68fe",
                "map_id": "fa8b1e4d-f201-448a-afe9-d7e54215a8ec",
                "status": "vacancy"
            }
        },
        {
            "type": "Feature",
            "geometry": {
                "type": "Point",
                "coordinates": [
                    8.6512718,
                    49.8535889
                ]
            },
            "properties": {
                "id": "5999acb0-1ba3-48d1-b4aa-f328bae14142",
                "created_at": "2022-11-08T16:34:19.702Z",
                "updated_at": "2024-08-20T23:26:51.467Z",
                "since": "2022-11-08T16:34:19.702Z",
                "title": "Mehrzimmerwohnung frei",
                "slug": "mehrzimmerwohnung-frei",
                "published": true,
                "buildingType": "locations.building_type_options.residential",
                "building_type": [
                    "locations.building_type_options.residential"
                ],
                "owner": "private",
                "road": "Landskronstraße 53",
                "zip": "64285",
                "startdate": null,
                "enddate": null,
                "text": "Gesicherte Information: hier in der Nachbarschaft, Landskronstraße 53 im EG, steht eine Wohnung mit mehreren Zimmern steht frei und wird von den Eigentümern weder genutzt noch vermietet. Vermutlich seit mehreren Monaten, wenn nicht sogar schon seit 1 Jahr oder länger - genauer Zeitraum unbekannt. Es besteht offenbar nicht die Absicht, etwas an der Situation zu verändern.",
                "featured": false,
                "shy": false,
                "user_id": "cf71ea03-5044-4204-8cb6-8535098fdd62",
                "map_id": "fa8b1e4d-f201-448a-afe9-d7e54215a8ec",
                "status": "vacancy"
            }
        },
        {
            "type": "Feature",
            "geometry": {
                "type": "Point",
                "coordinates": [
                    8.656447499999999,
                    49.859472800000006
                ]
            },
            "properties": {
                "id": "27cb5f49-561b-4932-87e5-3ebe3b649ad4",
                "created_at": "2022-10-24T14:11:45.109Z",
                "updated_at": "2024-08-20T23:26:50.200Z",
                "since": "2022-10-24T14:11:45.109Z",
                "title": "Leerstand Darmstadt",
                "slug": "leerstand-darmstadt",
                "published": true,
                "buildingType": "locations.building_type_options.residential",
                "building_type": [
                    "locations.building_type_options.residential"
                ],
                "owner": "private",
                "road": "Jahnstraße 39",
                "zip": "64285",
                "startdate": null,
                "enddate": null,
                "text": "In der Jahnstraße 39 in 64285 Darmstadt stehen seit Jahren 2 Wohnungen leer! Das 3 Familienhaus wird nur von einer einzigen, männlichen Person bewohnt! Der/ die Eigentümer wohnen glaube ich in F.a.M. Geaueres ist sicher vom Katasteramt zu erfahren.Der männliche Bewohner des Anwesens gibt den Namen nicht weiter, da er den Status Quo aufrechterhalten möchte! Frech!",
                "featured": false,
                "shy": false,
                "user_id": "6082591a-e1bf-4ba8-9ec8-612967b6afb4",
                "map_id": "fa8b1e4d-f201-448a-afe9-d7e54215a8ec",
                "status": "vacancy"
            }
        },
        {
            "type": "Feature",
            "geometry": {
                "type": "Point",
                "coordinates": [
                    8.610560596596915,
                    50.127898099999996
                ]
            },
            "properties": {
                "id": "b4821f3f-69c4-4bf3-a74d-d233e6a118f1",
                "created_at": "2021-01-08T23:06:12.023Z",
                "updated_at": "2024-09-26T13:09:57.839Z",
                "since": "2021-01-08T23:06:12.023Z",
                "title": "Entmieteter Altbau",
                "slug": "entmieteter-altbau",
                "published": true,
                "buildingType": "locations.building_type_options.residential",
                "building_type": [
                    "locations.building_type_options.residential"
                ],
                "owner": "private",
                "road": "Am alten See 19",
                "zip": "60489",
                "startdate": null,
                "enddate": null,
                "text": "Vor ca. drei Jahren auf kriminelle Weise entmietet. Seitdem immer wieder sporadische Bauarbeiten. Fenster des Hauses entfernt und mit Planen zugemacht. Zustand des Hauses wird immer schlechter. Auf der Hinterseite des Hauses steht ein Gerüst seit bald einem Jahr. Arbeiten fand keine statt",
                "featured": false,
                "shy": false,
                "user_id": "163cd2e2-964e-4b1d-b253-b92072f3ed67",
                "map_id": "fa8b1e4d-f201-448a-afe9-d7e54215a8ec",
                "status": "vacancy"
            }
        },
        {
            "type": "Feature",
            "geometry": {
                "type": "Point",
                "coordinates": [
                    8.6884359,
                    50.1050584
                ]
            },
            "properties": {
                "id": "6afd4b24-ccbc-4998-b487-572fca2f902c",
                "created_at": "2022-10-14T09:00:20.963Z",
                "updated_at": "2024-08-20T23:26:49.733Z",
                "since": "2022-10-14T09:00:20.963Z",
                "title": "Gewerber Wohnung",
                "slug": "gewerber-wohnung",
                "published": true,
                "buildingType": "locations.building_type_options.residential",
                "building_type": [
                    "locations.building_type_options.residential"
                ],
                "owner": "private",
                "road": "Wallstraße 9-13",
                "zip": "60594",
                "startdate": null,
                "enddate": null,
                "text": "Leerständer seit Jahren !",
                "featured": false,
                "shy": false,
                "user_id": "8a00d84d-f439-4880-8455-171b2141be6e",
                "map_id": "fa8b1e4d-f201-448a-afe9-d7e54215a8ec",
                "status": "vacancy"
            }
        },
        {
            "type": "Feature",
            "geometry": {
                "type": "Point",
                "coordinates": [
                    8.70216940292125,
                    50.1227794
                ]
            },
            "properties": {
                "id": "6724b93f-a03f-4ee5-868b-3bd7dedbf859",
                "created_at": "2021-09-13T18:38:34.163Z",
                "updated_at": "2024-09-26T13:09:56.317Z",
                "since": "2021-09-13T18:38:34.163Z",
                "title": "Komplett leerer Neubau",
                "slug": "komplett-leerer-neubau",
                "published": true,
                "buildingType": "locations.building_type_options.residential",
                "building_type": [
                    "locations.building_type_options.residential"
                ],
                "owner": "locations.unknown",
                "road": "Habsburgerallee 3",
                "zip": "60385",
                "startdate": null,
                "enddate": null,
                "text": "Neubau in bester Lage steht von Anfang an leer.",
                "featured": false,
                "shy": false,
                "user_id": "c1df0b4e-fdd5-491a-85ff-cf6ee997901e",
                "map_id": "fa8b1e4d-f201-448a-afe9-d7e54215a8ec",
                "status": "vacancy"
            }
        },
        {
            "type": "Feature",
            "geometry": {
                "type": "Point",
                "coordinates": [
                    8.691597394827586,
                    50.1101963
                ]
            },
            "properties": {
                "id": "7b058608-cba4-431f-b5d2-886553098935",
                "created_at": "2022-03-08T04:02:27.055Z",
                "updated_at": "2024-09-26T13:09:56.278Z",
                "since": "2022-03-08T04:02:27.055Z",
                "title": "Mehrfamilienhaus in zentraler Lage in Frankfurt steht seit Jahren leer",
                "slug": "mehrfamilienhaus-in-zentraler-lage-in-frankfurt-steht-seit-jahren-leer",
                "published": true,
                "buildingType": "locations.building_type_options.residential",
                "building_type": [
                    "locations.building_type_options.residential"
                ],
                "owner": "locations.unknown",
                "road": "Fischerfeldstr. 5",
                "zip": "60311",
                "startdate": null,
                "enddate": null,
                "text": "Das Haus wurde zum Bedauern der Mieter vor Jahren entmietet. Es sieht so aus als ob das Gebäude so lange leer stehen soll bis ein Abriss nötig ist. Und das obwohl Wohnraum in Frankfurt knapp ist.",
                "featured": false,
                "shy": false,
                "user_id": "53098bbf-16f8-49e4-b831-68ca3005f46a",
                "map_id": "fa8b1e4d-f201-448a-afe9-d7e54215a8ec",
                "status": "vacancy"
            }
        },
        {
            "type": "Feature",
            "geometry": {
                "type": "Point",
                "coordinates": [
                    8.669716658796037,
                    50.1535108
                ]
            },
            "properties": {
                "id": "d3bc2d06-8dac-4fd1-891f-4bb4d22bf42b",
                "created_at": "2021-10-12T12:42:35.379Z",
                "updated_at": "2024-09-26T13:09:56.228Z",
                "since": "2021-10-12T12:42:35.379Z",
                "title": "Leerstehendes Reihenhaus",
                "slug": "leerstehendes-reihenhaus",
                "published": true,
                "buildingType": "locations.building_type_options.residential",
                "building_type": [
                    "locations.building_type_options.residential"
                ],
                "owner": "private",
                "road": "Ziegenhainer Straße 101",
                "zip": "60433",
                "startdate": null,
                "enddate": null,
                "text": "Seit Jahren leerstehendes Reihenhaus, teilsaniert. Wahrscheinlich verzockt.",
                "featured": false,
                "shy": false,
                "user_id": "2b5915ec-5a44-43b8-9303-c78f59a05625",
                "map_id": "fa8b1e4d-f201-448a-afe9-d7e54215a8ec",
                "status": "vacancy"
            }
        },
        {
            "type": "Feature",
            "geometry": {
                "type": "Point",
                "coordinates": [
                    8.669202028054507,
                    50.1532349
                ]
            },
            "properties": {
                "id": "30f60609-967b-4a4c-9fbe-24a02cf14de4",
                "created_at": "2021-10-12T12:45:33.568Z",
                "updated_at": "2024-09-26T13:09:56.174Z",
                "since": "2021-10-12T12:45:33.568Z",
                "title": "Leerstehendes Reiheneckhaus",
                "slug": "leerstehendes-reiheneckhaus",
                "published": true,
                "buildingType": "locations.building_type_options.residential",
                "building_type": [
                    "locations.building_type_options.residential"
                ],
                "owner": "private",
                "road": "Ziegenhainer Straße 77",
                "zip": "60433",
                "startdate": null,
                "enddate": null,
                "text": "Wird scheinbar weiter saniert",
                "featured": false,
                "shy": false,
                "user_id": "2b5915ec-5a44-43b8-9303-c78f59a05625",
                "map_id": "fa8b1e4d-f201-448a-afe9-d7e54215a8ec",
                "status": "vacancy"
            }
        },
        {
            "type": "Feature",
            "geometry": {
                "type": "Point",
                "coordinates": [
                    8.669266223989219,
                    50.15351485
                ]
            },
            "properties": {
                "id": "afc1add6-e163-44c8-a9a4-cf2c8a8f5974",
                "created_at": "2021-10-16T09:24:38.370Z",
                "updated_at": "2024-09-26T13:09:56.127Z",
                "since": "2021-10-16T09:24:38.370Z",
                "title": "Reihenhaus",
                "slug": "reihenhaus-afc1add6-e163-44c8-a9a4-cf2c8a8f5974",
                "published": true,
                "buildingType": "locations.building_type_options.residential",
                "building_type": [
                    "locations.building_type_options.residential"
                ],
                "owner": "private",
                "road": "Ziegenhainer Straße 111",
                "zip": "60433",
                "startdate": null,
                "enddate": null,
                "text": "Übertriebene Mietpreisvorstellung, teure Öl und Strom-Heizung. Ist vermietet.",
                "featured": false,
                "shy": false,
                "user_id": "2b5915ec-5a44-43b8-9303-c78f59a05625",
                "map_id": "fa8b1e4d-f201-448a-afe9-d7e54215a8ec",
                "status": "vacancy"
            }
        },
        {
            "type": "Feature",
            "geometry": {
                "type": "Point",
                "coordinates": [
                    8.709690382186704,
                    50.123984750000005
                ]
            },
            "properties": {
                "id": "2370c459-aead-436e-972c-9607114de9dc",
                "created_at": "2022-03-17T09:07:10.251Z",
                "updated_at": "2024-09-26T13:09:56.081Z",
                "since": "2022-03-17T09:07:10.251Z",
                "title": "6 Wohnungen frei",
                "slug": "6-wohnungen-frei",
                "published": true,
                "buildingType": "locations.building_type_options.residential",
                "building_type": [
                    "locations.building_type_options.residential"
                ],
                "owner": "private",
                "road": "Mainkurstraße 42",
                "zip": "60385",
                "startdate": null,
                "enddate": null,
                "text": "Nach eigener Recherche stehen seit mindestens 5 Jahren 6 Wohnungen leer.\nEs handelt sich bei den Eigentümern um eine Erbengemeinschaft.",
                "featured": false,
                "shy": false,
                "user_id": "1ddf195a-1318-4e48-acdf-0eccd45350b0",
                "map_id": "fa8b1e4d-f201-448a-afe9-d7e54215a8ec",
                "status": "vacancy"
            }
        },
        {
            "type": "Feature",
            "geometry": {
                "type": "Point",
                "coordinates": [
                    8.565396483517176,
                    50.14685695
                ]
            },
            "properties": {
                "id": "e16e91f5-0522-4884-b061-795897ca7c92",
                "created_at": "2022-02-11T06:43:16.489Z",
                "updated_at": "2024-09-26T13:09:56.034Z",
                "since": "2022-02-11T06:43:16.489Z",
                "title": "Leer nach Zwangsversteigerung",
                "slug": "leer-nach-zwangsversteigerung",
                "published": true,
                "buildingType": "locations.building_type_options.residential",
                "building_type": [
                    "locations.building_type_options.residential"
                ],
                "owner": "private",
                "road": "Brüder-Grimm-Straße 15",
                "zip": "65760",
                "startdate": null,
                "enddate": null,
                "text": null,
                "featured": false,
                "shy": false,
                "user_id": "720fff1d-fb0a-4eee-ab8c-df22d4a22779",
                "map_id": "fa8b1e4d-f201-448a-afe9-d7e54215a8ec",
                "status": "vacancy"
            }
        },
        {
            "type": "Feature",
            "geometry": {
                "type": "Point",
                "coordinates": [
                    8.538174011112785,
                    50.10341565
                ]
            },
            "properties": {
                "id": "91f22e7b-c608-4835-a1fe-8fa15e82b919",
                "created_at": "2022-03-14T07:11:32.504Z",
                "updated_at": "2024-09-26T13:09:55.992Z",
                "since": "2022-03-14T07:11:32.504Z",
                "title": "4 frisch renovierte Wohnungen",
                "slug": "4-frisch-renovierte-wohnungen",
                "published": true,
                "buildingType": "locations.building_type_options.residential",
                "building_type": [
                    "locations.building_type_options.residential"
                ],
                "owner": "business",
                "road": "Liederbacher Str. 3",
                "zip": "65929",
                "startdate": null,
                "enddate": null,
                "text": "In diesem Haus sind seit Frühjahr 2020 4 fertig renovierte Wohnungen leer, eine weitere ist seit Frühjahr 2021 leer und muss noch saniert werden. Sie gehören vermutlich Deutsche Wohnen. Mindestens qm2 120 pro Wohnung.",
                "featured": false,
                "shy": false,
                "user_id": "cb050831-89f9-489b-91a1-8e00d97757d1",
                "map_id": "fa8b1e4d-f201-448a-afe9-d7e54215a8ec",
                "status": "vacancy"
            }
        },
        {
            "type": "Feature",
            "geometry": {
                "type": "Point",
                "coordinates": [
                    8.615124347872339,
                    50.1270835
                ]
            },
            "properties": {
                "id": "84e07a4e-9f1f-4883-8010-fff0306f86aa",
                "created_at": "2022-04-28T08:11:30.712Z",
                "updated_at": "2024-09-26T13:09:55.939Z",
                "since": "2022-04-28T08:11:30.712Z",
                "title": "Mehrere Wohnungen leerstehend",
                "slug": "mehrere-wohnungen-leerstehend",
                "published": true,
                "buildingType": "locations.building_type_options.residential",
                "building_type": [
                    "locations.building_type_options.residential"
                ],
                "owner": "private",
                "road": "Josef-May-Str. 1",
                "zip": "60489",
                "startdate": null,
                "enddate": null,
                "text": "Seit über 2 Jahren stehen mehrere Mietwohnungen in diesem Haus leer, unter anderem im Erdgeschoss. Der Vermieter hat kein Interesse an einer Vermietung.",
                "featured": false,
                "shy": false,
                "user_id": "78eaa9bc-2988-4dfc-a8a6-c8503d10d9ec",
                "map_id": "fa8b1e4d-f201-448a-afe9-d7e54215a8ec",
                "status": "vacancy"
            }
        },
        {
            "type": "Feature",
            "geometry": {
                "type": "Point",
                "coordinates": [
                    8.7634988,
                    50.1047256
                ]
            },
            "properties": {
                "id": "46b0423e-472c-4d6b-969c-66c7d0568373",
                "created_at": "2022-04-02T13:09:31.407Z",
                "updated_at": "2024-09-26T13:09:55.897Z",
                "since": "2022-04-02T13:09:31.407Z",
                "title": "Mehrere Wohnungen in unrenoviertem Altbau",
                "slug": "mehrere-wohnungen-in-unrenoviertem-altbau",
                "published": true,
                "buildingType": "locations.building_type_options.residential",
                "building_type": [
                    "locations.building_type_options.residential"
                ],
                "owner": "private",
                "road": "Frankfurter Str. 10",
                "zip": "",
                "startdate": null,
                "enddate": null,
                "text": "In dem Haus in der Fußgängerzone steht das 4.OG (drei Zimmerwohnung) sowie im Querriegel im Hinterhof min. das 3. OG (zwei kleine Wohnungen leer. Zustand ist unrenoviert, Gasheizung etc.",
                "featured": false,
                "shy": false,
                "user_id": "658f6ddc-6b5d-40d0-9ab9-284c82e0ef62",
                "map_id": "fa8b1e4d-f201-448a-afe9-d7e54215a8ec",
                "status": "vacancy"
            }
        },
        {
            "type": "Feature",
            "geometry": {
                "type": "Point",
                "coordinates": [
                    8.677158031880303,
                    50.12766645
                ]
            },
            "properties": {
                "id": "1db0f114-3291-453f-b28a-5be23e1d9f82",
                "created_at": "2021-06-19T12:44:17.910Z",
                "updated_at": "2024-09-26T13:09:54.941Z",
                "since": "2021-06-19T12:44:17.910Z",
                "title": "Wohnungsleerstand",
                "slug": "wohnungsleerstand-1db0f114-3291-453f-b28a-5be23e1d9f82",
                "published": true,
                "buildingType": "locations.building_type_options.residential",
                "building_type": [
                    "locations.building_type_options.residential"
                ],
                "owner": "private",
                "road": "Eysseneckstrasse 4",
                "zip": "60322",
                "startdate": null,
                "enddate": null,
                "text": "Eine Wohnung in dem Haus steht seit einem halben Jahr leer. Russischer Eigentümer mit mehreren Immobilien in Frankfurt. Vermietung über Wohnungsverwaltung. Steht vermutlich aufgrund überhöhter Mietforderung leer.",
                "featured": false,
                "shy": false,
                "user_id": "ccf49b4a-f551-4a6a-bfbe-a9182aca465f",
                "map_id": "fa8b1e4d-f201-448a-afe9-d7e54215a8ec",
                "status": "vacancy"
            }
        },
        {
            "type": "Feature",
            "geometry": {
                "type": "Point",
                "coordinates": [
                    8.692422096879218,
                    50.10115795
                ]
            },
            "properties": {
                "id": "b5613ecc-29bb-4f20-b1cc-fce68290ca64",
                "created_at": "2022-04-09T13:41:16.703Z",
                "updated_at": "2024-09-26T13:09:51.884Z",
                "since": "2022-04-09T13:41:16.703Z",
                "title": "Marktaktiver Leerstand",
                "slug": "marktaktiver-leerstand",
                "published": true,
                "buildingType": "locations.building_type_options.residential",
                "building_type": [
                    "locations.building_type_options.residential"
                ],
                "owner": "private",
                "road": "Offenbacher Landstraße 13",
                "zip": "60599",
                "startdate": null,
                "enddate": null,
                "text": "Steht aufgrund einer kaputten Gastherme seit ca. zwei Jahren leer.",
                "featured": false,
                "shy": false,
                "user_id": "f09639e3-a056-457c-83b1-56c3e2963afb",
                "map_id": "fa8b1e4d-f201-448a-afe9-d7e54215a8ec",
                "status": "vacancy"
            }
        },
        {
            "type": "Feature",
            "geometry": {
                "type": "Point",
                "coordinates": [
                    8.619815589227516,
                    50.169324700000004
                ]
            },
            "properties": {
                "id": "2b6dae4b-2cf5-4829-b251-bbd6b959a827",
                "created_at": "2022-01-21T21:23:53.840Z",
                "updated_at": "2024-09-26T13:09:53.080Z",
                "since": "2022-01-21T21:23:53.840Z",
                "title": "Hofgut Obermühle",
                "slug": "hofgut-obermuhle",
                "published": true,
                "buildingType": "locations.building_type_options.residential",
                "building_type": [
                    "locations.building_type_options.residential"
                ],
                "owner": "private",
                "road": "Obermühlgasse 13",
                "zip": "60439",
                "startdate": null,
                "enddate": null,
                "text": "10 Wohnungen in Mehrfamilienhaus",
                "featured": false,
                "shy": false,
                "user_id": "1c9b157a-3e32-4734-88b5-f83091ca3162",
                "map_id": "fa8b1e4d-f201-448a-afe9-d7e54215a8ec",
                "status": "vacancy"
            }
        },
        {
            "type": "Feature",
            "geometry": {
                "type": "Point",
                "coordinates": [
                    8.631231256836426,
                    50.10112445
                ]
            },
            "properties": {
                "id": "34c304ac-f01d-4c8f-a92d-523cfff7363a",
                "created_at": "2012-08-02T06:17:10.000Z",
                "updated_at": "2024-09-26T13:07:07.796Z",
                "since": "2012-08-02T06:17:10.000Z",
                "title": "Mainzer Landstraße 395 (ehem. Holz-Fiedler)",
                "slug": "mainzer-landstrasse-395-ehem-holz-fiedler",
                "published": true,
                "buildingType": "ehemalige Gewerbefläche",
                "building_type": [
                    "ehemalige Gewerbefläche"
                ],
                "owner": "private",
                "road": "Mainzer Landstraße 395",
                "zip": "60326",
                "startdate": null,
                "enddate": null,
                "text": "Hier wird an der Ecke Mainzer Landstraße zur Rebstöckerstraße Wohnungsbau angekündigt. \r\nSiehe FAZ 2.8.2012: Das Gallusviertel steht vor dem Wandel\r\nhttp://www.faz.net/aktuell/rhein-main/frankfurt-das-gallusviertel-steht-vor-dem-wandel-11836528.html",
                "featured": false,
                "shy": false,
                "user_id": "2c988ac3-2a25-4b9f-85e5-1b2f540bd408",
                "map_id": "fa8b1e4d-f201-448a-afe9-d7e54215a8ec",
                "status": "vacancy"
            }
        },
        {
            "type": "Feature",
            "geometry": {
                "type": "Point",
                "coordinates": [
                    8.617984,
                    50.1645312
                ]
            },
            "properties": {
                "id": "1482d3f4-383f-4a9a-a521-81bd0eec11a7",
                "created_at": "2022-01-21T21:28:37.823Z",
                "updated_at": "2024-08-20T23:26:19.337Z",
                "since": "2022-01-21T21:28:37.823Z",
                "title": "Hofgut Obermühle",
                "slug": "hofgut-obermuhle-1482d3f4-383f-4a9a-a521-81bd0eec11a7",
                "published": true,
                "buildingType": "locations.building_type_options.residential",
                "building_type": [
                    "locations.building_type_options.residential"
                ],
                "owner": "private",
                "road": "Praunheimer Weg 59",
                "zip": "60439",
                "startdate": null,
                "enddate": null,
                "text": "10 Wohnungen in Mehrfamilienhaus",
                "featured": false,
                "shy": false,
                "user_id": "1c9b157a-3e32-4734-88b5-f83091ca3162",
                "map_id": "fa8b1e4d-f201-448a-afe9-d7e54215a8ec",
                "status": "vacancy"
            }
        },
        {
            "type": "Feature",
            "geometry": {
                "type": "Point",
                "coordinates": [
                    8.695460699999998,
                    50.147804550000004
                ]
            },
            "properties": {
                "id": "c83670cb-f5ee-47fa-91b5-499e43551ead",
                "created_at": "2022-01-19T09:51:52.890Z",
                "updated_at": "2024-08-20T23:26:18.968Z",
                "since": "2022-01-19T09:51:52.890Z",
                "title": "Reihenhaus",
                "slug": "reihenhaus-c83670cb-f5ee-47fa-91b5-499e43551ead",
                "published": true,
                "buildingType": "locations.building_type_options.residential",
                "building_type": [
                    "locations.building_type_options.residential"
                ],
                "owner": "private",
                "road": "An der Wolfsweide 106",
                "zip": "60435",
                "startdate": null,
                "enddate": null,
                "text": "Leerstand seit ca. 1,5 Jahren",
                "featured": false,
                "shy": false,
                "user_id": "7e5f974d-442c-4a4c-96a9-e06376013813",
                "map_id": "fa8b1e4d-f201-448a-afe9-d7e54215a8ec",
                "status": "vacancy"
            }
        },
        {
            "type": "Feature",
            "geometry": {
                "type": "Point",
                "coordinates": [
                    8.6901202645311,
                    50.08903475
                ]
            },
            "properties": {
                "id": "d4e0a932-772c-40a1-bc4e-710224a77f13",
                "created_at": "2019-06-04T09:59:53.922Z",
                "updated_at": "2024-09-26T13:09:36.484Z",
                "since": "2019-06-04T09:59:53.922Z",
                "title": "Große Stadtvilla mit Indoorpool",
                "slug": "grosse-stadtvilla-mit-indoorpool",
                "published": true,
                "buildingType": "locations.building_type_options.residential",
                "building_type": [
                    "locations.building_type_options.residential"
                ],
                "owner": "private",
                "road": "Schützenhüttenweg 35",
                "zip": "60598",
                "startdate": null,
                "enddate": null,
                "text": "Habe dieses Haus schon einmal bei Immoscout zur Miete gesehen. Wurde über einen der großen Marklerbüros angeboten. Sehr hoher mietpreis.\nAnscheinend ist es nie zu einer Vermietung gekommen. Das Haus steht immernoch leer und die Anzeige ist mittlerweile verschwunden. Schade, dass in diesem schönen Haus niemand Wohnen darf.",
                "featured": false,
                "shy": false,
                "user_id": "6873bbc4-3b72-4d29-b7b9-fd8a90f49e5f",
                "map_id": "fa8b1e4d-f201-448a-afe9-d7e54215a8ec",
                "status": "vacancy"
            }
        },
        {
            "type": "Feature",
            "geometry": {
                "type": "Point",
                "coordinates": [
                    8.621311850000001,
                    50.1603364
                ]
            },
            "properties": {
                "id": "2c80b64f-0da9-4a2f-bfe5-63dd93bb419c",
                "created_at": "2021-09-27T10:18:15.006Z",
                "updated_at": "2024-08-20T23:26:09.843Z",
                "since": "2021-09-27T10:18:15.006Z",
                "title": "Unverständnis",
                "slug": "unverstandnis",
                "published": true,
                "buildingType": "locations.building_type_options.residential",
                "building_type": [
                    "locations.building_type_options.residential"
                ],
                "owner": "private",
                "road": "Praunheimer Weg 56",
                "zip": "60439",
                "startdate": null,
                "enddate": null,
                "text": "Reiheneckhaus wahrscheinlich Spekulationsobjekt",
                "featured": false,
                "shy": false,
                "user_id": "4487bb2a-375e-4cf0-a27b-7bc4291c1c87",
                "map_id": "fa8b1e4d-f201-448a-afe9-d7e54215a8ec",
                "status": "vacancy"
            }
        },
        {
            "type": "Feature",
            "geometry": {
                "type": "Point",
                "coordinates": [
                    8.674853116962414,
                    50.10989085
                ]
            },
            "properties": {
                "id": "fbd3e519-3b1f-4f54-9437-bdc0d3875c48",
                "created_at": "2021-09-11T11:33:22.934Z",
                "updated_at": "2024-08-20T23:26:09.365Z",
                "since": "2021-09-11T11:33:22.934Z",
                "title": "Leerstand Innenstadt",
                "slug": "leerstand-innenstadt",
                "published": true,
                "buildingType": "locations.building_type_options.commercial",
                "building_type": [
                    "locations.building_type_options.commercial"
                ],
                "owner": "private",
                "road": "Friedens straße 5",
                "zip": "60313",
                "startdate": null,
                "enddate": null,
                "text": "Leerstand eines Büros. Eine Wohnung wurde bereits in ein WG umgewandelt.",
                "featured": false,
                "shy": false,
                "user_id": "db339319-bb99-4533-bda9-159c041ab7be",
                "map_id": "fa8b1e4d-f201-448a-afe9-d7e54215a8ec",
                "status": "vacancy"
            }
        },
        {
            "type": "Feature",
            "geometry": {
                "type": "Point",
                "coordinates": [
                    8.687864449452952,
                    50.12811355
                ]
            },
            "properties": {
                "id": "e94b756e-a686-4356-8036-bff5f67d2d93",
                "created_at": "2021-05-24T20:06:13.065Z",
                "updated_at": "2024-08-20T23:26:00.776Z",
                "since": "2021-05-24T20:06:13.065Z",
                "title": "Beste Lage Spekulation",
                "slug": "beste-lage-spekulation",
                "published": true,
                "buildingType": "locations.building_type_options.residential",
                "building_type": [
                    "locations.building_type_options.residential"
                ],
                "owner": "private",
                "road": "Gluckstraße 36",
                "zip": "60318",
                "startdate": null,
                "enddate": null,
                "text": "mind. 2 seit 2 Jahren leerstehende Altbau-Wohnungen in nicht-saniertem Zustand, aber begehrter Lage und Größe (54 und 95qm + Dachterasse). Ein Besitzer wohnt in Berlin, die andere stellt die 54qm Wohnung immer mal wieder zur Miete online als: 60qm, 1600€ zzgl NK..... Vermietet wird nichts.\nBisher wurden 3 Mieter rausgeklagt, einem Bewohner in gehobenem Alter nach 35 Jahren wohnhaft in dem Haus.",
                "featured": false,
                "shy": false,
                "user_id": "2659a129-05a3-4753-863c-4bca6a7ef1f9",
                "map_id": "fa8b1e4d-f201-448a-afe9-d7e54215a8ec",
                "status": "vacancy"
            }
        },
        {
            "type": "Feature",
            "geometry": {
                "type": "Point",
                "coordinates": [
                    8.705085578127234,
                    50.13435725
                ]
            },
            "properties": {
                "id": "fcb4ef6a-c5d3-4b07-9019-b2fe8ac37685",
                "created_at": "2021-05-02T19:19:38.498Z",
                "updated_at": "2024-08-20T23:26:00.149Z",
                "since": "2021-05-02T19:19:38.498Z",
                "title": "Verlassene Gärtnerei + Wohnhaus",
                "slug": "verlassene-gartnerei-wohnhaus",
                "published": true,
                "buildingType": "locations.building_type_options.residential",
                "building_type": [
                    "locations.building_type_options.residential"
                ],
                "owner": "locations.unknown",
                "road": "Dortelweiler Str. 53",
                "zip": "",
                "startdate": null,
                "enddate": null,
                "text": "Leerstehendes Wohnhaus mit Verkaufsraum und Gewächshaus",
                "featured": false,
                "shy": false,
                "user_id": "13595498-763f-4398-957e-2e3ac803beff",
                "map_id": "fa8b1e4d-f201-448a-afe9-d7e54215a8ec",
                "status": "vacancy"
            }
        },
        {
            "type": "Feature",
            "geometry": {
                "type": "Point",
                "coordinates": [
                    8.711168132792583,
                    50.1164754
                ]
            },
            "properties": {
                "id": "1ef1151d-f22d-428e-b576-fd11e787ff76",
                "created_at": "2021-05-02T10:55:27.782Z",
                "updated_at": "2024-08-20T23:25:59.949Z",
                "since": "2021-05-02T10:55:27.782Z",
                "title": "Leerstehende Ex-Kneipe",
                "slug": "leerstehende-ex-kneipe",
                "published": true,
                "buildingType": "locations.building_type_options.other",
                "building_type": [
                    "locations.building_type_options.other"
                ],
                "owner": "locations.unknown",
                "road": "Dahlmannstraße 58",
                "zip": "",
                "startdate": null,
                "enddate": null,
                "text": "Verwilderte Ex-Kneipe im 1. Stock, obere Geschosse sehen eher unbewohnt aus",
                "featured": false,
                "shy": false,
                "user_id": "13595498-763f-4398-957e-2e3ac803beff",
                "map_id": "fa8b1e4d-f201-448a-afe9-d7e54215a8ec",
                "status": "vacancy"
            }
        },
        {
            "type": "Feature",
            "geometry": {
                "type": "Point",
                "coordinates": [
                    8.6581805,
                    50.1483471
                ]
            },
            "properties": {
                "id": "40bf545e-dfd3-4e45-8f53-1d7598c4f21c",
                "created_at": "2021-05-02T15:44:22.366Z",
                "updated_at": "2024-08-20T23:26:00.032Z",
                "since": "2021-05-02T15:44:22.366Z",
                "title": "Zwei leere Wohnungen",
                "slug": "zwei-leere-wohnungen",
                "published": true,
                "buildingType": "locations.building_type_options.residential",
                "building_type": [
                    "locations.building_type_options.residential"
                ],
                "owner": "business",
                "road": "Theodor-Storm-Straße 20",
                "zip": "60431",
                "startdate": null,
                "enddate": null,
                "text": "Dem Anschein nach sind etwa zwei Wohnungen in diesem Haus in der Liegenschaft der Bundesbank seit längerem unbewohnt.",
                "featured": false,
                "shy": false,
                "user_id": "d9589550-f2ba-4b3c-8f15-fdbe183ed292",
                "map_id": "fa8b1e4d-f201-448a-afe9-d7e54215a8ec",
                "status": "vacancy"
            }
        },
        {
            "type": "Feature",
            "geometry": {
                "type": "Point",
                "coordinates": [
                    8.658380082171501,
                    50.1481564
                ]
            },
            "properties": {
                "id": "139bcc00-b38b-42cd-84bb-281ee0b27b20",
                "created_at": "2021-05-02T15:51:31.909Z",
                "updated_at": "2024-08-20T23:26:00.102Z",
                "since": "2021-05-02T15:51:31.909Z",
                "title": "Leere Wohnungen in MFH",
                "slug": "leere-wohnungen-in-mfh",
                "published": true,
                "buildingType": "locations.building_type_options.residential",
                "building_type": [
                    "locations.building_type_options.residential"
                ],
                "owner": "business",
                "road": "Theodor-Storm-Straße 18",
                "zip": "60431",
                "startdate": null,
                "enddate": null,
                "text": "Dem Anschein nach ist mindestens eine Wohnung in diesem Haus in der Liegenschaft der Bundesbank seit mehreren Jahren unbewohnt.",
                "featured": false,
                "shy": false,
                "user_id": "d9589550-f2ba-4b3c-8f15-fdbe183ed292",
                "map_id": "fa8b1e4d-f201-448a-afe9-d7e54215a8ec",
                "status": "vacancy"
            }
        },
        {
            "type": "Feature",
            "geometry": {
                "type": "Point",
                "coordinates": [
                    8.6939481,
                    50.1279569
                ]
            },
            "properties": {
                "id": "ad080ec8-9f4d-4e3e-93b0-e8a2b03b040f",
                "created_at": "2013-01-13T18:09:05.000Z",
                "updated_at": "2024-09-26T13:09:24.023Z",
                "since": "2013-01-13T18:09:05.000Z",
                "title": "Rohrbachstraße 50",
                "slug": "rohrbachstrasse-50",
                "published": true,
                "buildingType": "Wohngebäude",
                "building_type": [
                    "Wohngebäude"
                ],
                "owner": null,
                "road": "Rohrbachstraße 50",
                "zip": "60389",
                "startdate": null,
                "enddate": null,
                "text": "Das Haus ist von außen renoviert worden, das Haus steht aber mindestens seit vier Jahren leer. Die Vorhänge sind immer geschlossen.",
                "featured": false,
                "shy": false,
                "user_id": "304ceda6-48c0-4088-a39b-00989c0501c8",
                "map_id": "fa8b1e4d-f201-448a-afe9-d7e54215a8ec",
                "status": "vacancy"
            }
        },
        {
            "type": "Feature",
            "geometry": {
                "type": "Point",
                "coordinates": [
                    8.61168,
                    50.12664
                ]
            },
            "properties": {
                "id": "cd802fbb-7be2-46dd-8515-4fd9f95c8fc6",
                "created_at": "2011-10-05T10:40:51.000Z",
                "updated_at": "2024-09-26T13:09:23.980Z",
                "since": "2011-10-05T10:40:51.000Z",
                "title": "Alexanderstraße 50",
                "slug": "alexanderstrasse-50",
                "published": true,
                "buildingType": "Wohngebäude",
                "building_type": [
                    "Wohngebäude"
                ],
                "owner": "private",
                "road": "Alexanderstraße 50",
                "zip": "60489",
                "startdate": null,
                "enddate": null,
                "text": "Das Haus in Rödelheim steht anscheinend leer. Das angrenzende Grundstück ist aber offenbar bebaubar - zumindest wird es im Baulückenkataster der Stadt Frankfurt aufgeführt.",
                "featured": false,
                "shy": false,
                "user_id": "601a4baa-d58b-49c3-86a7-c13f6e63695e",
                "map_id": "fa8b1e4d-f201-448a-afe9-d7e54215a8ec",
                "status": "damage"
            }
        },
        {
            "type": "Feature",
            "geometry": {
                "type": "Point",
                "coordinates": [
                    8.663884,
                    49.8616332
                ]
            },
            "properties": {
                "id": "fa301a93-3446-40a1-82fd-a904e06eefc9",
                "created_at": "2021-04-06T13:34:32.328Z",
                "updated_at": "2024-08-20T23:25:58.415Z",
                "since": "2021-04-06T13:34:32.328Z",
                "title": "Leeres Haus",
                "slug": "leeres-haus-fa301a93-3446-40a1-82fd-a904e06eefc9",
                "published": true,
                "buildingType": null,
                "building_type": [],
                "owner": null,
                "road": "Am Ehrlenberg 18",
                "zip": "64285",
                "startdate": null,
                "enddate": null,
                "text": "steht schon länger leer. 15+ Jahre",
                "featured": false,
                "shy": false,
                "user_id": "d175544a-bfcb-47e0-8d9a-ae2461b7167c",
                "map_id": "fa8b1e4d-f201-448a-afe9-d7e54215a8ec",
                "status": "vacancy"
            }
        },
        {
            "type": "Feature",
            "geometry": {
                "type": "Point",
                "coordinates": [
                    8.7090823,
                    50.1188684
                ]
            },
            "properties": {
                "id": "5a3c3455-8869-4ae9-a905-e189c8406640",
                "created_at": "2015-12-13T18:51:40.000Z",
                "updated_at": "2024-09-26T13:09:23.498Z",
                "since": "2015-12-13T18:51:40.000Z",
                "title": "Dahlmannstraße 28",
                "slug": "dahlmannstrasse-28",
                "published": true,
                "buildingType": "Wohngebäude",
                "building_type": [
                    "Wohngebäude"
                ],
                "owner": "private",
                "road": "Dahlmannstraße 28",
                "zip": "60385",
                "startdate": null,
                "enddate": null,
                "text": "Nur das Erdgeschoss ist vom Eigentümer bewohnt. Ansonsten sind alle Fenster mit Tüchern zugehängt und damit es bewohnt aussieht, geht immer mal das Licht an.",
                "featured": false,
                "shy": false,
                "user_id": "343bbdb5-6032-46d5-9f70-58b60cd4bea0",
                "map_id": "fa8b1e4d-f201-448a-afe9-d7e54215a8ec",
                "status": "vacancy"
            }
        },
        {
            "type": "Feature",
            "geometry": {
                "type": "Point",
                "coordinates": [
                    8.696857170428709,
                    50.12875065
                ]
            },
            "properties": {
                "id": "148dcab4-ad6b-4a3b-9f0e-e7ce303a0238",
                "created_at": "2021-03-10T13:39:50.387Z",
                "updated_at": "2024-08-20T23:25:57.438Z",
                "since": "2021-03-10T13:39:50.387Z",
                "title": "Leerstand Nordend",
                "slug": "leerstand-nordend",
                "published": true,
                "buildingType": null,
                "building_type": [],
                "owner": "city",
                "road": "Rohrbachstr. 38",
                "zip": "60389",
                "startdate": null,
                "enddate": null,
                "text": "2 große Wohnungen über der Kita sind frei. Dazu eine Wohnung im Hausmeistergebäude. Kein Wohnraum, keine Einnahmen für die Stadtkasse...",
                "featured": false,
                "shy": false,
                "user_id": "49f221de-23fe-4ae9-b5a4-8a133d0e4fbd",
                "map_id": "fa8b1e4d-f201-448a-afe9-d7e54215a8ec",
                "status": "vacancy"
            }
        },
        {
            "type": "Feature",
            "geometry": {
                "type": "Point",
                "coordinates": [
                    8.652525523385236,
                    50.15758255
                ]
            },
            "properties": {
                "id": "4495620a-99e1-4eb9-8882-fe15f3f0f483",
                "created_at": "2021-02-24T16:27:10.723Z",
                "updated_at": "2024-08-20T23:25:56.605Z",
                "since": "2021-02-24T16:27:10.723Z",
                "title": "Große Doppelhaushälfte",
                "slug": "grosse-doppelhaushalfte",
                "published": true,
                "buildingType": "locations.building_type_options.residential",
                "building_type": [
                    "locations.building_type_options.residential"
                ],
                "owner": "private",
                "road": "NIedwiesenstraße 5",
                "zip": "60431",
                "startdate": null,
                "enddate": null,
                "text": "2stöckige Doppelhaushälfte, sehr groß, mit Garten und Carport, steht seit Jahren leer.",
                "featured": false,
                "shy": false,
                "user_id": "bd09b9c9-b00d-496a-a9c4-4a7685c35798",
                "map_id": "fa8b1e4d-f201-448a-afe9-d7e54215a8ec",
                "status": "vacancy"
            }
        },
        {
            "type": "Feature",
            "geometry": {
                "type": "Point",
                "coordinates": [
                    8.699000103671972,
                    50.1246902
                ]
            },
            "properties": {
                "id": "f394364e-4085-4b3b-9647-98d22d6f3a5d",
                "created_at": "2021-02-22T12:42:44.216Z",
                "updated_at": "2024-08-20T23:25:56.383Z",
                "since": "2021-02-22T12:42:44.216Z",
                "title": "5-Geschossiges Mehrparteienhaus",
                "slug": "5-geschossiges-mehrparteienhaus",
                "published": true,
                "buildingType": "locations.building_type_options.residential",
                "building_type": [
                    "locations.building_type_options.residential"
                ],
                "owner": "locations.unknown",
                "road": "Burgstraße 56",
                "zip": "60316",
                "startdate": null,
                "enddate": null,
                "text": "5-geschossiges Altbau-Mehrparteienhaus in sehr nachgefragter Lage, renoviert und mit Balkonen etc. aufgewertet, steht seit mehreren Jahren leer.",
                "featured": false,
                "shy": false,
                "user_id": "700480dc-38fa-48fd-91ca-2ae7427f80f6",
                "map_id": "fa8b1e4d-f201-448a-afe9-d7e54215a8ec",
                "status": "vacancy"
            }
        },
        {
            "type": "Feature",
            "geometry": {
                "type": "Point",
                "coordinates": [
                    8.666164987106427,
                    50.1085668
                ]
            },
            "properties": {
                "id": "f7544e8f-5d2e-452d-bb9e-49e14b745fcd",
                "created_at": "2021-02-11T01:00:08.927Z",
                "updated_at": "2024-08-20T23:25:55.645Z",
                "since": "2021-02-11T01:00:08.927Z",
                "title": "Leeres Mehrfamilienhaus Innenstadt",
                "slug": "leeres-mehrfamilienhaus-innenstadt",
                "published": true,
                "buildingType": "locations.building_type_options.residential",
                "building_type": [
                    "locations.building_type_options.residential"
                ],
                "owner": null,
                "road": "Moselstrasse 32",
                "zip": "60329",
                "startdate": null,
                "enddate": null,
                "text": "Leeres Mehrfamilienhaus Innenstadt",
                "featured": false,
                "shy": false,
                "user_id": "e635809d-29a8-4e5f-9ee3-3a919402b64d",
                "map_id": "fa8b1e4d-f201-448a-afe9-d7e54215a8ec",
                "status": "vacancy"
            }
        },
        {
            "type": "Feature",
            "geometry": {
                "type": "Point",
                "coordinates": [
                    8.68898928165436,
                    50.11757013825761
                ]
            },
            "properties": {
                "id": "de819c63-f5fc-41b6-b774-f4dbc9ba1b85",
                "created_at": "2021-02-03T08:56:36.486Z",
                "updated_at": "2024-08-20T23:25:55.410Z",
                "since": "2021-02-03T08:56:36.486Z",
                "title": "Wöhlerschule",
                "slug": "wohlerschule",
                "published": true,
                "buildingType": "locations.building_type_options.public_work",
                "building_type": [
                    "locations.building_type_options.public_work"
                ],
                "owner": "city",
                "road": "Seilerstraße 36",
                "zip": "60313",
                "startdate": null,
                "enddate": null,
                "text": "Scheint überwiegend derzeit nicht genutzt zu werden",
                "featured": false,
                "shy": false,
                "user_id": "c9e343f7-8898-47e0-b561-bf87cac42966",
                "map_id": "fa8b1e4d-f201-448a-afe9-d7e54215a8ec",
                "status": "vacancy"
            }
        },
        {
            "type": "Feature",
            "geometry": {
                "type": "Point",
                "coordinates": [
                    8.649871,
                    50.12437
                ]
            },
            "properties": {
                "id": "4610af11-1d09-46fc-b4ba-c0ac48138d23",
                "created_at": "2014-01-04T20:11:47.000Z",
                "updated_at": "2024-09-26T13:09:22.540Z",
                "since": "2014-01-04T20:11:47.000Z",
                "title": "blanchardstraße 10",
                "slug": "blanchardstrasse-10",
                "published": true,
                "buildingType": "Wohngebäude",
                "building_type": [
                    "Wohngebäude"
                ],
                "owner": null,
                "road": "Blanchardstraße 10",
                "zip": "60487",
                "startdate": null,
                "enddate": null,
                "text": "Die wunderschöne Villa in einer der besten Wohngegenden steht seit längerem leer. Leider sieht man es ihr mittlerweile auch an. Weitere Infos zum Objekt habe ich leider nicht.",
                "featured": false,
                "shy": false,
                "user_id": "9efcf9ef-0907-4085-af22-4fb40ff0fb43",
                "map_id": "fa8b1e4d-f201-448a-afe9-d7e54215a8ec",
                "status": "vacancy"
            }
        },
        {
            "type": "Feature",
            "geometry": {
                "type": "Point",
                "coordinates": [
                    8.6897652,
                    50.1576406
                ]
            },
            "properties": {
                "id": "55c001f5-c67d-42eb-8522-a92d8276aff9",
                "created_at": "2012-01-23T10:32:59.000Z",
                "updated_at": "2024-09-26T13:09:22.502Z",
                "since": "2012-01-23T10:32:59.000Z",
                "title": "Homburger Landstraße 241",
                "slug": "homburger-landstrasse-241",
                "published": true,
                "buildingType": "Wohngebäude",
                "building_type": [
                    "Wohngebäude"
                ],
                "owner": "private",
                "road": "Homburger Landstraße 241",
                "zip": "60435",
                "startdate": null,
                "enddate": null,
                "text": "Gebäudeleerstand und -verwahrlosung.\r\nWeitere Informationen Ortsbeirat 10",
                "featured": false,
                "shy": false,
                "user_id": "2c988ac3-2a25-4b9f-85e5-1b2f540bd408",
                "map_id": "fa8b1e4d-f201-448a-afe9-d7e54215a8ec",
                "status": "vacancy"
            }
        },
        {
            "type": "Feature",
            "geometry": {
                "type": "Point",
                "coordinates": [
                    8.65244,
                    50.09283
                ]
            },
            "properties": {
                "id": "432434cb-1394-42a4-91c8-98e5a6a517b6",
                "created_at": "2012-03-18T19:38:29.000Z",
                "updated_at": "2024-09-26T13:09:22.455Z",
                "since": "2012-03-18T19:38:29.000Z",
                "title": "Staatliches Medizinal-, Lebensmittel- und Veterinäruntersuchungsamt Südhessen",
                "slug": "staatliches-medizinal-lebensmittel-und-veterinaruntersuchungsamt-sudhessen",
                "published": true,
                "buildingType": "Bürogebäude",
                "building_type": [
                    "Bürogebäude"
                ],
                "owner": "public",
                "road": "Deutschordenstraße 48",
                "zip": "60528",
                "startdate": null,
                "enddate": null,
                "text": "An der Eingangstür hängt ein Schreiben des Staatlichen Untersuchungsamtes Hessen aus dem Jahr 2001, dass im Gebäude keine Proben mehr angenommen werden und im Rahmen der Reorganisationsprozesse der Hessischen Untersuchungsämter diese Aussenstelle geschlossen wurde. Das Gebäude steht also seit über 10 Jahren leer. Dem äußeren Anschein nach muss in den achtziger Jahren noch ein Aufbau oben errichtet worden sein - der postmoderne Stil ist unverkennbar.\r\n ",
                "featured": false,
                "shy": false,
                "user_id": "601a4baa-d58b-49c3-86a7-c13f6e63695e",
                "map_id": "fa8b1e4d-f201-448a-afe9-d7e54215a8ec",
                "status": "damage"
            }
        },
        {
            "type": "Feature",
            "geometry": {
                "type": "Point",
                "coordinates": [
                    8.6931,
                    50.09831
                ]
            },
            "properties": {
                "id": "5ce81341-6ec3-48c8-b764-1eef760a96a2",
                "created_at": "2011-09-28T17:32:52.000Z",
                "updated_at": "2024-09-26T13:09:22.399Z",
                "since": "2011-09-28T17:32:52.000Z",
                "title": "Kneipdruck",
                "slug": "kneipdruck",
                "published": true,
                "buildingType": "Gewerbegebäude",
                "building_type": [
                    "Gewerbegebäude"
                ],
                "owner": "private",
                "road": "Hainer Weg 46",
                "zip": "60599",
                "startdate": null,
                "enddate": null,
                "text": "Das ehemals für das Druckereihaus Kneipdruck genutzte Gelände mit Gewerbe- und Bürogebäuden steht komplett leer. Es gab bereits Entwürfe für eine neue Bebauung...",
                "featured": false,
                "shy": false,
                "user_id": "601a4baa-d58b-49c3-86a7-c13f6e63695e",
                "map_id": "fa8b1e4d-f201-448a-afe9-d7e54215a8ec",
                "status": "damage"
            }
        },
        {
            "type": "Feature",
            "geometry": {
                "type": "Point",
                "coordinates": [
                    8.643330907490506,
                    50.1584639
                ]
            },
            "properties": {
                "id": "69ae9b46-cf29-49ea-9c29-1278f3c52e07",
                "created_at": "2020-12-18T16:09:01.550Z",
                "updated_at": "2024-08-20T23:25:54.204Z",
                "since": "2020-12-18T16:09:01.550Z",
                "title": "Mehrfamilienhaus",
                "slug": "mehrfamilienhaus-69ae9b46-cf29-49ea-9c29-1278f3c52e07",
                "published": true,
                "buildingType": "locations.building_type_options.residential",
                "building_type": [
                    "locations.building_type_options.residential"
                ],
                "owner": "private",
                "road": "Habelstraße 23",
                "zip": "60439",
                "startdate": null,
                "enddate": null,
                "text": null,
                "featured": false,
                "shy": false,
                "user_id": "208d45dd-266e-4a3a-9aef-e2f61f6f87ae",
                "map_id": "fa8b1e4d-f201-448a-afe9-d7e54215a8ec",
                "status": "vacancy"
            }
        },
        {
            "type": "Feature",
            "geometry": {
                "type": "Point",
                "coordinates": [
                    8.748479442809987,
                    50.132734
                ]
            },
            "properties": {
                "id": "1b087f1c-3f4c-48a0-a624-54ce822e9ed9",
                "created_at": "2020-10-23T09:06:35.228Z",
                "updated_at": "2024-08-20T23:25:51.568Z",
                "since": "2020-10-23T09:06:35.228Z",
                "title": "Leerstehendes Wohnhaus",
                "slug": "leerstehendes-wohnhaus-1b087f1c-3f4c-48a0-a624-54ce822e9ed9",
                "published": true,
                "buildingType": "locations.building_type_options.residential",
                "building_type": [
                    "locations.building_type_options.residential"
                ],
                "owner": "locations.unknown",
                "road": "Wächtersbacher Straße 74",
                "zip": "60386",
                "startdate": null,
                "enddate": null,
                "text": "Leerstehendes Wohnhaus mit ggf. Gewerbenutzung seit circa. 2014-2016",
                "featured": false,
                "shy": false,
                "user_id": "bcc17321-a049-4280-8560-f54b5ff560db",
                "map_id": "fa8b1e4d-f201-448a-afe9-d7e54215a8ec",
                "status": "vacancy"
            }
        },
        {
            "type": "Feature",
            "geometry": {
                "type": "Point",
                "coordinates": [
                    8.67832463252688,
                    50.12799025
                ]
            },
            "properties": {
                "id": "932a96a6-fc0d-47e2-b1c1-d77f62ec467e",
                "created_at": "2019-01-26T20:07:28.255Z",
                "updated_at": "2024-09-26T13:09:21.747Z",
                "since": "2019-01-26T20:07:28.255Z",
                "title": "Mehrfamilienhaus",
                "slug": "mehrfamilienhaus-932a96a6-fc0d-47e2-b1c1-d77f62ec467e",
                "published": true,
                "buildingType": "locations.building_type_options.residential",
                "building_type": [
                    "locations.building_type_options.residential"
                ],
                "owner": null,
                "road": "Klettenbergstraße 8",
                "zip": "60322",
                "startdate": null,
                "enddate": null,
                "text": null,
                "featured": false,
                "shy": false,
                "user_id": "0fe590e2-f760-4df3-a44b-66d0f6b82027",
                "map_id": "fa8b1e4d-f201-448a-afe9-d7e54215a8ec",
                "status": "vacancy"
            }
        },
        {
            "type": "Feature",
            "geometry": {
                "type": "Point",
                "coordinates": [
                    8.6765219390625,
                    50.1289534
                ]
            },
            "properties": {
                "id": "4c110224-9a23-45f9-8930-846dfb929d2d",
                "created_at": "2019-01-26T19:57:27.840Z",
                "updated_at": "2024-09-26T13:09:21.700Z",
                "since": "2019-01-26T19:57:27.840Z",
                "title": "Mehrfamilienhaus",
                "slug": "mehrfamilienhaus-4c110224-9a23-45f9-8930-846dfb929d2d",
                "published": true,
                "buildingType": "locations.building_type_options.residential",
                "building_type": [
                    "locations.building_type_options.residential"
                ],
                "owner": null,
                "road": "Eysseneckstraße 22",
                "zip": "60322",
                "startdate": null,
                "enddate": null,
                "text": null,
                "featured": false,
                "shy": false,
                "user_id": "0fe590e2-f760-4df3-a44b-66d0f6b82027",
                "map_id": "fa8b1e4d-f201-448a-afe9-d7e54215a8ec",
                "status": "vacancy"
            }
        },
        {
            "type": "Feature",
            "geometry": {
                "type": "Point",
                "coordinates": [
                    8.75319616409697,
                    50.1004856
                ]
            },
            "properties": {
                "id": "9d989a04-a46b-4e1f-a0d5-00317d84d20c",
                "created_at": "2020-09-15T07:50:37.949Z",
                "updated_at": "2024-08-20T23:25:49.914Z",
                "since": "2020-09-15T07:50:37.949Z",
                "title": "Villa leer seit Jahren",
                "slug": "villa-leer-seit-jahren",
                "published": true,
                "buildingType": "locations.building_type_options.historical",
                "building_type": [
                    "locations.building_type_options.historical"
                ],
                "owner": "private",
                "road": "Tulpenhofstraße 31",
                "zip": "63067",
                "startdate": null,
                "enddate": null,
                "text": "Gründerzeitvilla im Westend",
                "featured": false,
                "shy": false,
                "user_id": "4b62964a-37e2-416a-be4d-db56e3d9848f",
                "map_id": "fa8b1e4d-f201-448a-afe9-d7e54215a8ec",
                "status": "vacancy"
            }
        },
        {
            "type": "Feature",
            "geometry": {
                "type": "Point",
                "coordinates": [
                    8.658668,
                    50.1568254
                ]
            },
            "properties": {
                "id": "976b026c-1a28-4bbe-a94c-f95d6749cea0",
                "created_at": "2014-01-08T12:08:53.000Z",
                "updated_at": "2024-09-26T13:09:21.045Z",
                "since": "2014-01-08T12:08:53.000Z",
                "title": "Brachgrundstück hinter der Rhaban-Fröhlich-Straße 11",
                "slug": "brachgrundstuck-hinter-der-rhaban-frohlich-strasse-11",
                "published": true,
                "buildingType": "Brachgrundstück, ehemaige Wagenhalle Frankfurter Lokalbahn",
                "building_type": [
                    "Brachgrundstück, ehemaige Wagenhalle Frankfurter Lokalbahn"
                ],
                "owner": null,
                "road": "Rhaban-Fröhlich-Straße 11",
                "zip": "60433",
                "startdate": null,
                "enddate": null,
                "text": "Hinter dem Parkplatz der Eschersheimer Landstraße 548 bzw. hinter dem Haus der Rhaban-Fröhlich-Straße 11, liegt ein etwas größeres Brachgrundstück. Es ist schon seit ich mich erinnern kann verwildert und teils zugemüllt. Zudem liegt in dem Gebiet auch noch die ehemalige Wagenhalle der Frankfurter Lokalbahn. Auch diese ist heruntergekommen und steht leer. Das Grundstück ist meines Erachtens für eine Wohnbebauung geeignet. ",
                "featured": false,
                "shy": false,
                "user_id": "9efcf9ef-0907-4085-af22-4fb40ff0fb43",
                "map_id": "fa8b1e4d-f201-448a-afe9-d7e54215a8ec",
                "status": "vacancy"
            }
        },
        {
            "type": "Feature",
            "geometry": {
                "type": "Point",
                "coordinates": [
                    8.688601154645003,
                    50.1249809
                ]
            },
            "properties": {
                "id": "5db99560-234e-498d-8eca-53eae22d867f",
                "created_at": "2020-06-07T19:48:13.623Z",
                "updated_at": "2024-08-20T23:25:46.244Z",
                "since": "2020-06-07T19:48:13.623Z",
                "title": "Sanierter Altbau",
                "slug": "sanierter-altbau",
                "published": true,
                "buildingType": "locations.building_type_options.residential",
                "building_type": [
                    "locations.building_type_options.residential"
                ],
                "owner": "locations.unknown",
                "road": "Wielandstraße 34",
                "zip": "",
                "startdate": null,
                "enddate": null,
                "text": "Jahrelang saniert, und nun seit drei Jahren in saniertem Zustand leerstehend. Erste Bäume und Sträucher wachsen im Vorgarten.",
                "featured": false,
                "shy": false,
                "user_id": "a82e1953-16f1-4b1e-8a88-1938495c859e",
                "map_id": "fa8b1e4d-f201-448a-afe9-d7e54215a8ec",
                "status": "vacancy"
            }
        },
        {
            "type": "Feature",
            "geometry": {
                "type": "Point",
                "coordinates": [
                    8.671113592084563,
                    50.18573845
                ]
            },
            "properties": {
                "id": "61f0c255-96dc-4a15-907e-eab3c758cea7",
                "created_at": "2020-06-07T06:08:56.421Z",
                "updated_at": "2024-08-20T23:25:45.676Z",
                "since": "2020-06-07T06:08:56.421Z",
                "title": "Reihenhaus",
                "slug": "reihenhaus-61f0c255-96dc-4a15-907e-eab3c758cea7",
                "published": true,
                "buildingType": "locations.building_type_options.residential",
                "building_type": [
                    "locations.building_type_options.residential"
                ],
                "owner": "private",
                "road": "Seulberger Straße 52",
                "zip": "60437",
                "startdate": null,
                "enddate": null,
                "text": "seit mind. 15 Jahren leerstehend",
                "featured": false,
                "shy": false,
                "user_id": "90674151-2571-4f8e-bd43-5932234b6ee7",
                "map_id": "fa8b1e4d-f201-448a-afe9-d7e54215a8ec",
                "status": "vacancy"
            }
        },
        {
            "type": "Feature",
            "geometry": {
                "type": "Point",
                "coordinates": [
                    8.699483657895282,
                    50.0868363
                ]
            },
            "properties": {
                "id": "af5c3157-021d-4cfa-ae06-07874b267797",
                "created_at": "2020-02-07T15:49:52.995Z",
                "updated_at": "2024-08-20T23:25:41.976Z",
                "since": "2020-02-07T15:49:52.995Z",
                "title": "Leerstand in beliebtem Wohngebiet",
                "slug": "leerstand-in-beliebtem-wohngebiet",
                "published": true,
                "buildingType": "locations.building_type_options.residential",
                "building_type": [
                    "locations.building_type_options.residential"
                ],
                "owner": "private",
                "road": "Bernhard-Mannfeld-Weg 9",
                "zip": "60599",
                "startdate": null,
                "enddate": null,
                "text": "Mehrfamilienhaus seit 7 Jahren leer!",
                "featured": false,
                "shy": false,
                "user_id": "01371495-f8a8-4138-9ca9-dda78ae106bb",
                "map_id": "fa8b1e4d-f201-448a-afe9-d7e54215a8ec",
                "status": "vacancy"
            }
        },
        {
            "type": "Feature",
            "geometry": {
                "type": "Point",
                "coordinates": [
                    8.7230613,
                    50.1711825
                ]
            },
            "properties": {
                "id": "8ddd6bbd-ddd9-4ead-82ce-249ff15cb185",
                "created_at": "2020-01-02T13:45:23.762Z",
                "updated_at": "2024-08-20T23:25:41.154Z",
                "since": "2020-01-02T13:45:23.762Z",
                "title": "Wahnsinn",
                "slug": "wahnsinn",
                "published": true,
                "buildingType": "locations.building_type_options.residential",
                "building_type": [
                    "locations.building_type_options.residential"
                ],
                "owner": "private",
                "road": "Friedensstr 49",
                "zip": "61118",
                "startdate": null,
                "enddate": null,
                "text": null,
                "featured": false,
                "shy": false,
                "user_id": "5b75a447-a796-4fa4-b07c-48b764094328",
                "map_id": "fa8b1e4d-f201-448a-afe9-d7e54215a8ec",
                "status": "vacancy"
            }
        },
        {
            "type": "Feature",
            "geometry": {
                "type": "Point",
                "coordinates": [
                    8.6968038386502,
                    50.1331274
                ]
            },
            "properties": {
                "id": "1bec8201-87cb-404d-82af-045a1ed07395",
                "created_at": "2019-12-03T15:33:18.292Z",
                "updated_at": "2024-08-20T23:25:39.037Z",
                "since": "2019-12-03T15:33:18.292Z",
                "title": "BG Bau Hochhaus",
                "slug": "bg-bau-hochhaus",
                "published": true,
                "buildingType": "locations.building_type_options.commercial",
                "building_type": [
                    "locations.building_type_options.commercial"
                ],
                "owner": "business",
                "road": "Hungener Str. 6",
                "zip": "60387",
                "startdate": null,
                "enddate": null,
                "text": "ca. 8500 m² Leerstand",
                "featured": false,
                "shy": false,
                "user_id": "73350c08-0dc0-4aaf-9a38-1c4bb5d46d5b",
                "map_id": "fa8b1e4d-f201-448a-afe9-d7e54215a8ec",
                "status": "vacancy"
            }
        },
        {
            "type": "Feature",
            "geometry": {
                "type": "Point",
                "coordinates": [
                    8.6259842,
                    50.1638691
                ]
            },
            "properties": {
                "id": "2dcdc87a-0b26-4e7e-97ae-3e51f7a2b65f",
                "created_at": "2019-10-31T12:37:01.015Z",
                "updated_at": "2024-08-20T23:25:38.173Z",
                "since": "2019-10-31T12:37:01.015Z",
                "title": "Unbewohntes Mehrfamilienhaus",
                "slug": "unbewohntes-mehrfamilienhaus",
                "published": true,
                "buildingType": "locations.building_type_options.residential",
                "building_type": [
                    "locations.building_type_options.residential"
                ],
                "owner": "locations.unknown",
                "road": "Oswaltstraße 46",
                "zip": "60439",
                "startdate": null,
                "enddate": null,
                "text": "Siehe Foto",
                "featured": false,
                "shy": false,
                "user_id": "9d82e8af-fa8c-45d7-895e-c732e357704d",
                "map_id": "fa8b1e4d-f201-448a-afe9-d7e54215a8ec",
                "status": "vacancy"
            }
        },
        {
            "type": "Feature",
            "geometry": {
                "type": "Point",
                "coordinates": [
                    8.6820917,
                    50.1106444
                ]
            },
            "properties": {
                "id": "ef33a522-6e27-44fe-b7f4-e8c7857384b5",
                "created_at": "2019-10-29T15:53:56.695Z",
                "updated_at": "2024-08-20T23:25:38.133Z",
                "since": "2019-10-29T15:53:56.695Z",
                "title": "Gerichtsgebäude",
                "slug": "gerichtsgebaude",
                "published": true,
                "buildingType": null,
                "building_type": [],
                "owner": "public",
                "road": "Schuhmanstr-Straße 2",
                "zip": "60325",
                "startdate": null,
                "enddate": null,
                "text": "Ehem Gericht, steht ca. 10 Jahre leer\nAlle Jahr ein wenig Bauarbeiten, dann wieder Leerstand.\n5 Etagen  jeweils ca 250m2 oder mehr",
                "featured": false,
                "shy": false,
                "user_id": "e254edb1-1ead-4268-a0d8-d9e79717e7e7",
                "map_id": "fa8b1e4d-f201-448a-afe9-d7e54215a8ec",
                "status": "vacancy"
            }
        },
        {
            "type": "Feature",
            "geometry": {
                "type": "Point",
                "coordinates": [
                    8.65935100980309,
                    50.12299595
                ]
            },
            "properties": {
                "id": "d7ef6923-5765-4e4d-8aee-2c33244932f3",
                "created_at": "2019-09-30T08:08:49.887Z",
                "updated_at": "2024-08-20T23:25:37.670Z",
                "since": "2019-09-30T08:08:49.887Z",
                "title": "Villa im Grüneburgweg",
                "slug": "villa-im-gruneburgweg",
                "published": true,
                "buildingType": "locations.building_type_options.residential",
                "building_type": [
                    "locations.building_type_options.residential"
                ],
                "owner": null,
                "road": "Grüneburgweg 147",
                "zip": "60323",
                "startdate": null,
                "enddate": null,
                "text": null,
                "featured": false,
                "shy": false,
                "user_id": "b7dc47a1-7986-498e-b0e8-2875b1e12a4b",
                "map_id": "fa8b1e4d-f201-448a-afe9-d7e54215a8ec",
                "status": "vacancy"
            }
        },
        {
            "type": "Feature",
            "geometry": {
                "type": "Point",
                "coordinates": [
                    8.61416798105922,
                    50.1230437
                ]
            },
            "properties": {
                "id": "07afb074-ab63-4ab7-91d1-06525dfc9468",
                "created_at": "2019-08-31T20:51:01.639Z",
                "updated_at": "2024-09-26T13:09:18.826Z",
                "since": "2019-08-31T20:51:01.639Z",
                "title": "Leerstand",
                "slug": "leerstand-07afb074-ab63-4ab7-91d1-06525dfc9468",
                "published": true,
                "buildingType": null,
                "building_type": [],
                "owner": "locations.unknown",
                "road": "inselgäßchen 8",
                "zip": "60311",
                "startdate": null,
                "enddate": null,
                "text": null,
                "featured": false,
                "shy": false,
                "user_id": "e254edb1-1ead-4268-a0d8-d9e79717e7e7",
                "map_id": "fa8b1e4d-f201-448a-afe9-d7e54215a8ec",
                "status": "vacancy"
            }
        },
        {
            "type": "Feature",
            "geometry": {
                "type": "Point",
                "coordinates": [
                    8.6866137,
                    50.1138798
                ]
            },
            "properties": {
                "id": "ff408d9b-4f48-4512-be35-bee459d7e72d",
                "created_at": "2019-08-22T09:22:30.551Z",
                "updated_at": "2024-08-20T23:25:36.388Z",
                "since": "2019-08-22T09:22:30.551Z",
                "title": "Leeres Wohnhaus mit Ladenlokal",
                "slug": "leeres-wohnhaus-mit-ladenlokal",
                "published": true,
                "buildingType": "locations.building_type_options.residential",
                "building_type": [
                    "locations.building_type_options.residential"
                ],
                "owner": null,
                "road": "An der Staufenmauer 11",
                "zip": "60311",
                "startdate": null,
                "enddate": null,
                "text": null,
                "featured": false,
                "shy": false,
                "user_id": "59338230-360c-4b62-a066-e33355901517",
                "map_id": "fa8b1e4d-f201-448a-afe9-d7e54215a8ec",
                "status": "vacancy"
            }
        },
        {
            "type": "Feature",
            "geometry": {
                "type": "Point",
                "coordinates": [
                    8.70291583994263,
                    50.09674955
                ]
            },
            "properties": {
                "id": "e3c243b6-03f7-4f9a-9f35-f004e9359780",
                "created_at": "2019-07-12T17:03:21.498Z",
                "updated_at": "2024-09-26T13:09:18.596Z",
                "since": "2019-07-12T17:03:21.498Z",
                "title": "1 Zimmer Studentenwohnung nach Sanierung",
                "slug": "1-zimmer-studentenwohnung-nach-sanierung",
                "published": true,
                "buildingType": "locations.building_type_options.residential",
                "building_type": [
                    "locations.building_type_options.residential"
                ],
                "owner": "business",
                "road": "Lettigkautweg 39",
                "zip": "60599",
                "startdate": null,
                "enddate": null,
                "text": "Nach erfolgter Sanierung steht die 1 Zimmer Wohnung im EG seit mindestens 6 Monaten leer. Mieter dürften sich schnell und leicht finden lassen.",
                "featured": false,
                "shy": false,
                "user_id": "0b8e3ffa-512d-47c4-a755-9d6e132bcc1d",
                "map_id": "fa8b1e4d-f201-448a-afe9-d7e54215a8ec",
                "status": "vacancy"
            }
        },
        {
            "type": "Feature",
            "geometry": {
                "type": "Point",
                "coordinates": [
                    8.60652820000001,
                    50.14283355
                ]
            },
            "properties": {
                "id": "63bb4c00-8483-4f34-acdf-b33f4e4f01d4",
                "created_at": "2019-07-13T07:14:06.227Z",
                "updated_at": "2024-08-20T23:25:34.899Z",
                "since": "2019-07-13T07:14:06.227Z",
                "title": "Reihenhaus",
                "slug": "reihenhaus-63bb4c00-8483-4f34-acdf-b33f4e4f01d4",
                "published": true,
                "buildingType": "locations.building_type_options.residential",
                "building_type": [
                    "locations.building_type_options.residential"
                ],
                "owner": null,
                "road": "Camillo-Sitte-Weg 53",
                "zip": "60488",
                "startdate": null,
                "enddate": null,
                "text": null,
                "featured": false,
                "shy": false,
                "user_id": "cbed3a8f-14de-4093-8510-93b4b901080d",
                "map_id": "fa8b1e4d-f201-448a-afe9-d7e54215a8ec",
                "status": "vacancy"
            }
        },
        {
            "type": "Feature",
            "geometry": {
                "type": "Point",
                "coordinates": [
                    8.68945082349517,
                    50.16716425
                ]
            },
            "properties": {
                "id": "0ef9453d-7813-4234-a2ca-6d0c1aa03c99",
                "created_at": "2019-07-12T17:16:12.735Z",
                "updated_at": "2024-08-20T23:25:34.851Z",
                "since": "2019-07-12T17:16:12.735Z",
                "title": "Ungenutzte Dachgeschosswohnungen",
                "slug": "ungenutzte-dachgeschosswohnungen",
                "published": true,
                "buildingType": "locations.building_type_options.residential",
                "building_type": [
                    "locations.building_type_options.residential"
                ],
                "owner": "business",
                "road": "Am Neuenberg 10",
                "zip": "60435",
                "startdate": null,
                "enddate": null,
                "text": "Die Siedlung besteht aus 13 Blöcken mit jeweils 3 Eingängen. \nLediglich in 3 Blöcken wurden die bei Errichtung bereits ausgebauten Dachgechosswohnungen umfänglich saniert und vermietet. In den verbleibenden 10 Blöcken stehen die Dachgeschosswohnungen seit 1995 leer. \nAuf den Satelitenbildern ist erkennbar welche Wohnungen ausgebaut sind.",
                "featured": false,
                "shy": false,
                "user_id": "0b8e3ffa-512d-47c4-a755-9d6e132bcc1d",
                "map_id": "fa8b1e4d-f201-448a-afe9-d7e54215a8ec",
                "status": "vacancy"
            }
        },
        {
            "type": "Feature",
            "geometry": {
                "type": "Point",
                "coordinates": [
                    8.69050855,
                    50.1267424
                ]
            },
            "properties": {
                "id": "3cbd6d46-d571-44e9-952d-6e31c5e95d3c",
                "created_at": "2019-06-17T18:03:20.075Z",
                "updated_at": "2024-08-20T23:25:34.130Z",
                "since": "2019-06-17T18:03:20.075Z",
                "title": "Beste Lage - 3 Wohnungen leer",
                "slug": "beste-lage-3-wohnungen-leer",
                "published": true,
                "buildingType": "locations.building_type_options.residential",
                "building_type": [
                    "locations.building_type_options.residential"
                ],
                "owner": "private",
                "road": "Lortzingstrasse 14a",
                "zip": "60318 Frankfurt",
                "startdate": null,
                "enddate": null,
                "text": "3 Altbauwohnungen ca. 90 qm stehen seit Sept 2018, Feb 2019, bzw. April 2019 leer.",
                "featured": false,
                "shy": false,
                "user_id": "91c64310-e543-4516-a9fc-362c85ae33b0",
                "map_id": "fa8b1e4d-f201-448a-afe9-d7e54215a8ec",
                "status": "vacancy"
            }
        },
        {
            "type": "Feature",
            "geometry": {
                "type": "Point",
                "coordinates": [
                    9.031255245208742,
                    50.292876183673215
                ]
            },
            "properties": {
                "id": "4c9308e4-ad4f-4497-811e-642a768e456b",
                "created_at": "2019-06-12T16:33:13.213Z",
                "updated_at": "2024-08-20T23:25:33.886Z",
                "since": "2019-06-12T16:33:13.213Z",
                "title": "Wünscht keine neuheiten",
                "slug": "wunscht-keine-neuheiten",
                "published": true,
                "buildingType": "locations.building_type_options.commercial",
                "building_type": [
                    "locations.building_type_options.commercial"
                ],
                "owner": "private",
                "road": "Zum Seemenbach 7",
                "zip": "63654",
                "startdate": null,
                "enddate": null,
                "text": "Engstierniger Vermieter möchte keinen Laden welcher moderne Artikel vertreibt",
                "featured": false,
                "shy": false,
                "user_id": "85239fe5-994a-4382-9f00-8d6c5bd4b9c9",
                "map_id": "fa8b1e4d-f201-448a-afe9-d7e54215a8ec",
                "status": "vacancy"
            }
        },
        {
            "type": "Feature",
            "geometry": {
                "type": "Point",
                "coordinates": [
                    8.9433100308948,
                    50.2852271
                ]
            },
            "properties": {
                "id": "78eb51d3-9a53-47f8-a795-f7ba50ff6172",
                "created_at": "2019-06-12T16:29:13.726Z",
                "updated_at": "2024-08-20T23:25:33.847Z",
                "since": "2019-06-12T16:29:13.726Z",
                "title": "Kein Interesse an Vermietung",
                "slug": "kein-interesse-an-vermietung-78eb51d3-9a53-47f8-a795-f7ba50ff6172",
                "published": true,
                "buildingType": "locations.building_type_options.commercial",
                "building_type": [
                    "locations.building_type_options.commercial"
                ],
                "owner": "private",
                "road": "Vogelsbergstraße 17",
                "zip": "63674",
                "startdate": null,
                "enddate": null,
                "text": "Vermieterin lehnt alle Bewerber ab egal welches Gewerbe",
                "featured": false,
                "shy": false,
                "user_id": "85239fe5-994a-4382-9f00-8d6c5bd4b9c9",
                "map_id": "fa8b1e4d-f201-448a-afe9-d7e54215a8ec",
                "status": "vacancy"
            }
        },
        {
            "type": "Feature",
            "geometry": {
                "type": "Point",
                "coordinates": [
                    9.11045551300049,
                    50.29145390315705
                ]
            },
            "properties": {
                "id": "d1e8e007-3846-4826-b0e3-89ea9e559658",
                "created_at": "2019-06-12T16:24:29.153Z",
                "updated_at": "2024-08-20T23:25:33.801Z",
                "since": "2019-06-12T16:24:29.153Z",
                "title": "Kein Interesse an Vermietung",
                "slug": "kein-interesse-an-vermietung",
                "published": true,
                "buildingType": "locations.building_type_options.commercial",
                "building_type": [
                    "locations.building_type_options.commercial"
                ],
                "owner": "private",
                "road": "Bahnhofstraße ",
                "zip": "63654",
                "startdate": null,
                "enddate": null,
                "text": null,
                "featured": false,
                "shy": false,
                "user_id": "85239fe5-994a-4382-9f00-8d6c5bd4b9c9",
                "map_id": "fa8b1e4d-f201-448a-afe9-d7e54215a8ec",
                "status": "vacancy"
            }
        },
        {
            "type": "Feature",
            "geometry": {
                "type": "Point",
                "coordinates": [
                    8.69745969772339,
                    50.09733502234695
                ]
            },
            "properties": {
                "id": "947fe143-6ea0-4524-85e0-da6686710296",
                "created_at": "2019-05-10T09:06:05.168Z",
                "updated_at": "2024-08-20T23:25:31.966Z",
                "since": "2019-05-10T09:06:05.168Z",
                "title": "Villa Schubert",
                "slug": "villa-schubert",
                "published": true,
                "buildingType": "locations.building_type_options.historical",
                "building_type": [
                    "locations.building_type_options.historical"
                ],
                "owner": "business",
                "road": "Wendelsweg 70",
                "zip": "60599",
                "startdate": null,
                "enddate": null,
                "text": "Die Villa wird bald wohl abgerissen. Auf dem Grundstück sollen dann 3 Stadtvillen mit Park entstehen (https://www.stadtgaerten-henninger-turm.de/de/Stadtgaerten-Gesamtuebersicht). Mal sehen wie öffenlich dieser Park dann sein wird. \nIm Internet finden sich jedenfalls eine Menge Berichte zur Bebauung, zur Villa und zum ehemaligen Eigentümer der Villa (https://www.fr.de/frankfurt/fdp-org26312/schubert-villa-wird-abgerissen-11196211.html). Warum ist es auf dem riesigen Parkgelände nie zu einer Zeischennutzung gekommen?\nWarum wurde der Denkmalschutz aufgehoben?",
                "featured": false,
                "shy": false,
                "user_id": "601a4baa-d58b-49c3-86a7-c13f6e63695e",
                "map_id": "fa8b1e4d-f201-448a-afe9-d7e54215a8ec",
                "status": "vacancy"
            }
        },
        {
            "type": "Feature",
            "geometry": {
                "type": "Point",
                "coordinates": [
                    8.67515335,
                    50.0939665
                ]
            },
            "properties": {
                "id": "306f0fef-cae8-4db3-893f-c51269fa6668",
                "created_at": "2019-05-08T10:25:53.730Z",
                "updated_at": "2024-08-20T23:25:31.781Z",
                "since": "2019-05-08T10:25:53.730Z",
                "title": "Kleines Haus in Sachsenhausen",
                "slug": "kleines-haus-in-sachsenhausen",
                "published": true,
                "buildingType": "locations.building_type_options.residential",
                "building_type": [
                    "locations.building_type_options.residential"
                ],
                "owner": null,
                "road": "Tiroler Straße 81",
                "zip": "60596",
                "startdate": null,
                "enddate": null,
                "text": "Das zweigeschossige Haus steht offensichtlich Leer. Es hat vermutlich 4-5 Zimmer und eine Garage nebendran. \nGegenüber ist die Riedhofschule.",
                "featured": false,
                "shy": false,
                "user_id": "601a4baa-d58b-49c3-86a7-c13f6e63695e",
                "map_id": "fa8b1e4d-f201-448a-afe9-d7e54215a8ec",
                "status": "vacancy"
            }
        },
        {
            "type": "Feature",
            "geometry": {
                "type": "Point",
                "coordinates": [
                    8.68719473511906,
                    50.1224613
                ]
            },
            "properties": {
                "id": "0588457d-9fcd-493f-844e-33fe15783a5c",
                "created_at": "2019-04-02T20:46:25.990Z",
                "updated_at": "2024-09-26T13:09:17.410Z",
                "since": "2019-04-02T20:46:25.990Z",
                "title": "Rappstr. 6",
                "slug": "rappstr-6",
                "published": true,
                "buildingType": "locations.building_type_options.residential",
                "building_type": [
                    "locations.building_type_options.residential"
                ],
                "owner": "private",
                "road": "Rappstr. 6",
                "zip": "60322",
                "startdate": null,
                "enddate": null,
                "text": "4 WE stehen seit Jahren leer",
                "featured": false,
                "shy": false,
                "user_id": "e254edb1-1ead-4268-a0d8-d9e79717e7e7",
                "map_id": "fa8b1e4d-f201-448a-afe9-d7e54215a8ec",
                "status": "vacancy"
            }
        },
        {
            "type": "Feature",
            "geometry": {
                "type": "Point",
                "coordinates": [
                    8.8073187,
                    50.0911494
                ]
            },
            "properties": {
                "id": "ddddee69-1315-4dfb-8e15-21ac3d88aa41",
                "created_at": "2019-03-31T13:32:21.290Z",
                "updated_at": "2024-08-20T23:25:29.997Z",
                "since": "2019-03-31T13:32:21.290Z",
                "title": "Denkmalgeschützter Bahnhof",
                "slug": "denkmalgeschutzter-bahnhof",
                "published": true,
                "buildingType": "locations.building_type_options.historical",
                "building_type": [
                    "locations.building_type_options.historical"
                ],
                "owner": "private",
                "road": "Poststraße 11",
                "zip": "63073",
                "startdate": null,
                "enddate": null,
                "text": "Besitzer lässt das denkmalgeschützte Haus wegen baurechtl. Vorgaben verfallen",
                "featured": false,
                "shy": false,
                "user_id": "82ede0b4-bde6-49df-8264-20f91a71f172",
                "map_id": "fa8b1e4d-f201-448a-afe9-d7e54215a8ec",
                "status": "vacancy"
            }
        },
        {
            "type": "Feature",
            "geometry": {
                "type": "Point",
                "coordinates": [
                    8.69068432943723,
                    50.1056278
                ]
            },
            "properties": {
                "id": "87db1fb4-db28-41dc-8e42-042ef2b539e2",
                "created_at": "2019-04-11T10:51:04.466Z",
                "updated_at": "2024-08-20T23:25:29.403Z",
                "since": "2019-04-11T10:51:04.466Z",
                "title": "Hist. Fachwerkhaus",
                "slug": "hist-fachwerkhaus",
                "published": true,
                "buildingType": "locations.building_type_options.historical",
                "building_type": [
                    "locations.building_type_options.historical"
                ],
                "owner": "business",
                "road": "Kleine Rittergasse 13",
                "zip": "60594",
                "startdate": null,
                "enddate": null,
                "text": null,
                "featured": false,
                "shy": false,
                "user_id": "d9b4fc01-266c-46de-ac24-79f4aad73fb8",
                "map_id": "fa8b1e4d-f201-448a-afe9-d7e54215a8ec",
                "status": "vacancy"
            }
        },
        {
            "type": "Feature",
            "geometry": {
                "type": "Point",
                "coordinates": [
                    8.6706861,
                    50.1079415
                ]
            },
            "properties": {
                "id": "d62f917a-d7dc-4767-a09a-2db28b559b64",
                "created_at": "2019-04-09T13:04:45.153Z",
                "updated_at": "2024-08-20T23:25:30.408Z",
                "since": "2019-04-09T13:04:45.153Z",
                "title": "Büro/Wohngebäude leer seit 5 Jahren",
                "slug": "buro-wohngebaude-leer-seit-5-jahren",
                "published": true,
                "buildingType": "locations.building_type_options.commercial",
                "building_type": [
                    "locations.building_type_options.commercial"
                ],
                "owner": "locations.unknown",
                "road": "Münchener Str. 17",
                "zip": "60329",
                "startdate": null,
                "enddate": null,
                "text": "Unten die beiden Restaurants laufen. Da drüber sind seit 5 Jahren seit dem ich in Frankfurt wohne 4 Stockwerke leerstehende Räume. Alle paar Monate sind ein paar Bauarbeiter zu sehen, dann passiert wieder nichts.",
                "featured": false,
                "shy": false,
                "user_id": "6e7e13d5-abf8-4a38-8165-09920b9707b0",
                "map_id": "fa8b1e4d-f201-448a-afe9-d7e54215a8ec",
                "status": "vacancy"
            }
        },
        {
            "type": "Feature",
            "geometry": {
                "type": "Point",
                "coordinates": [
                    8.69172383778813,
                    50.12821175
                ]
            },
            "properties": {
                "id": "3a7b56db-0395-4135-9d7d-f4584ea0e478",
                "created_at": "2019-04-02T00:05:19.692Z",
                "updated_at": "2024-08-20T23:25:30.070Z",
                "since": "2019-04-02T00:05:19.692Z",
                "title": "Schwarzburgstr. 3 komplettes Haus",
                "slug": "schwarzburgstr-3-komplettes-haus",
                "published": true,
                "buildingType": "locations.building_type_options.residential",
                "building_type": [
                    "locations.building_type_options.residential"
                ],
                "owner": "business",
                "road": "Schwarzburgstr. 3",
                "zip": "60322",
                "startdate": null,
                "enddate": null,
                "text": "komplettes Haus",
                "featured": false,
                "shy": false,
                "user_id": "e254edb1-1ead-4268-a0d8-d9e79717e7e7",
                "map_id": "fa8b1e4d-f201-448a-afe9-d7e54215a8ec",
                "status": "vacancy"
            }
        },
        {
            "type": "Feature",
            "geometry": {
                "type": "Point",
                "coordinates": [
                    8.70123475,
                    50.1239945
                ]
            },
            "properties": {
                "id": "6b6d834a-5894-4673-99d5-cab07adf47b7",
                "created_at": "2019-04-02T00:01:19.708Z",
                "updated_at": "2024-08-20T23:25:30.029Z",
                "since": "2019-04-02T00:01:19.708Z",
                "title": "Wohnhaus Höhenstr. 24",
                "slug": "wohnhaus-hohenstr-24",
                "published": true,
                "buildingType": "locations.building_type_options.residential",
                "building_type": [
                    "locations.building_type_options.residential"
                ],
                "owner": "private",
                "road": "Höhenstr.24",
                "zip": "60322",
                "startdate": null,
                "enddate": null,
                "text": "ca. 400m², 5 Wohnungen, 3 Etagen stehen leer",
                "featured": false,
                "shy": false,
                "user_id": "e254edb1-1ead-4268-a0d8-d9e79717e7e7",
                "map_id": "fa8b1e4d-f201-448a-afe9-d7e54215a8ec",
                "status": "vacancy"
            }
        },
        {
            "type": "Feature",
            "geometry": {
                "type": "Point",
                "coordinates": [
                    8.68638030619587,
                    50.1212095
                ]
            },
            "properties": {
                "id": "bd2f84a0-a5fd-4809-ad6b-768ceef139f7",
                "created_at": "2019-03-27T11:48:01.588Z",
                "updated_at": "2024-08-20T23:25:29.656Z",
                "since": "2019-03-27T11:48:01.588Z",
                "title": "Mietshaus",
                "slug": "mietshaus-bd2f84a0-a5fd-4809-ad6b-768ceef139f7",
                "published": true,
                "buildingType": "locations.building_type_options.residential",
                "building_type": [
                    "locations.building_type_options.residential"
                ],
                "owner": "business",
                "road": "Eckenheimer Landstr. 24",
                "zip": "60318",
                "startdate": null,
                "enddate": null,
                "text": "Leerstand 6 von 10 WE",
                "featured": false,
                "shy": false,
                "user_id": "e254edb1-1ead-4268-a0d8-d9e79717e7e7",
                "map_id": "fa8b1e4d-f201-448a-afe9-d7e54215a8ec",
                "status": "vacancy"
            }
        },
        {
            "type": "Feature",
            "geometry": {
                "type": "Point",
                "coordinates": [
                    8.74941492871789,
                    50.11112745
                ]
            },
            "properties": {
                "id": "79e2b505-f9c2-4bf2-9123-503cacc85b04",
                "created_at": "2019-03-31T13:26:23.630Z",
                "updated_at": "2024-08-20T23:25:29.956Z",
                "since": "2019-03-31T13:26:23.630Z",
                "title": "Leerstand Gewerbefläche",
                "slug": "leerstand-gewerbeflache",
                "published": true,
                "buildingType": "locations.building_type_options.commercial",
                "building_type": [
                    "locations.building_type_options.commercial"
                ],
                "owner": "private",
                "road": "Ludwigstraße 187",
                "zip": "63067",
                "startdate": null,
                "enddate": null,
                "text": "EG, Gewerbeimmobilie, war mal eine Pizzeria",
                "featured": false,
                "shy": false,
                "user_id": "82ede0b4-bde6-49df-8264-20f91a71f172",
                "map_id": "fa8b1e4d-f201-448a-afe9-d7e54215a8ec",
                "status": "vacancy"
            }
        },
        {
            "type": "Feature",
            "geometry": {
                "type": "Point",
                "coordinates": [
                    8.64827918666746,
                    50.11809745
                ]
            },
            "properties": {
                "id": "ec496f5a-4e3d-4cd5-a238-fcd6f49c5f8a",
                "created_at": "2019-03-28T19:32:37.611Z",
                "updated_at": "2024-08-20T23:25:29.877Z",
                "since": "2019-03-28T19:32:37.611Z",
                "title": "Kiesstr. 18",
                "slug": "kiesstr-18",
                "published": true,
                "buildingType": "locations.building_type_options.residential",
                "building_type": [
                    "locations.building_type_options.residential"
                ],
                "owner": "private",
                "road": "Kiesstr. 18",
                "zip": "60486",
                "startdate": null,
                "enddate": null,
                "text": "DG 2 Zi-Wohnung leer seit mind. Sommer 2012, seither nur für 1 Jahr mal vollvermietet (2017) !",
                "featured": false,
                "shy": false,
                "user_id": "94db993e-4f64-4f99-87a6-285b0ac66b15",
                "map_id": "fa8b1e4d-f201-448a-afe9-d7e54215a8ec",
                "status": "vacancy"
            }
        },
        {
            "type": "Feature",
            "geometry": {
                "type": "Point",
                "coordinates": [
                    8.6475043625496,
                    50.11836465
                ]
            },
            "properties": {
                "id": "8ec328e7-8ca0-4556-aeb4-e311ca3e3e29",
                "created_at": "2019-03-28T19:24:53.593Z",
                "updated_at": "2024-08-20T23:25:29.832Z",
                "since": "2019-03-28T19:24:53.593Z",
                "title": "Altbau (Historismus) Pseudoname an den Klingelschildern: Einsmann",
                "slug": "altbau-historismus-pseudoname-an-den-klingelschildern-einsmann",
                "published": true,
                "buildingType": "locations.building_type_options.residential",
                "building_type": [
                    "locations.building_type_options.residential"
                ],
                "owner": "private",
                "road": "Jungstr. 24",
                "zip": "60486",
                "startdate": null,
                "enddate": null,
                "text": "Zweites OG + Drittes OG + DG und ein ausgebautes darüberliegendes DG, d.h. mind.4 Wohnungen (ca. 2 - 2,5 ZI Wohnungen)",
                "featured": false,
                "shy": false,
                "user_id": "94db993e-4f64-4f99-87a6-285b0ac66b15",
                "map_id": "fa8b1e4d-f201-448a-afe9-d7e54215a8ec",
                "status": "vacancy"
            }
        },
        {
            "type": "Feature",
            "geometry": {
                "type": "Point",
                "coordinates": [
                    8.70772000874433,
                    50.12148115
                ]
            },
            "properties": {
                "id": "2689b453-9cca-4472-a952-b99cc132a877",
                "created_at": "2019-03-19T18:00:23.534Z",
                "updated_at": "2024-08-20T23:25:29.279Z",
                "since": "2019-03-19T18:00:23.534Z",
                "title": "Linnestraße 31",
                "slug": "linnestrasse-31",
                "published": true,
                "buildingType": "locations.building_type_options.residential",
                "building_type": [
                    "locations.building_type_options.residential"
                ],
                "owner": "locations.unknown",
                "road": "Linnestraße 31",
                "zip": "60385",
                "startdate": null,
                "enddate": null,
                "text": "Dachgeschosswohnung",
                "featured": false,
                "shy": false,
                "user_id": "27dc7c65-b6b2-4957-95a9-508838e52499",
                "map_id": "fa8b1e4d-f201-448a-afe9-d7e54215a8ec",
                "status": "vacancy"
            }
        },
        {
            "type": "Feature",
            "geometry": {
                "type": "Point",
                "coordinates": [
                    8.7095056777631,
                    50.127102
                ]
            },
            "properties": {
                "id": "1367865a-844b-4606-b294-5c134ac66000",
                "created_at": "2013-09-30T10:40:47.000Z",
                "updated_at": "2024-09-26T13:09:16.837Z",
                "since": "2013-09-30T10:40:47.000Z",
                "title": "Berger Straße/Ringelstraße",
                "slug": "berger-strasse-ringelstrasse",
                "published": true,
                "buildingType": "brach liegende Fläche",
                "building_type": [
                    "brach liegende Fläche"
                ],
                "owner": null,
                "road": "Berger Straße 234-238",
                "zip": "60385",
                "startdate": null,
                "enddate": null,
                "text": "Das Grundstück liegt schon seit Jahren brach. Leider wird dort vermutlich ein Projekt verwirklicht das nicht wirklich an die ansässigen Bewohner gerichtet ist...",
                "featured": false,
                "shy": false,
                "user_id": "0499a6d1-cde9-4143-8b07-315d5197762b",
                "map_id": "fa8b1e4d-f201-448a-afe9-d7e54215a8ec",
                "status": "vacancy"
            }
        },
        {
            "type": "Feature",
            "geometry": {
                "type": "Point",
                "coordinates": [
                    8.67149553042553,
                    50.106992
                ]
            },
            "properties": {
                "id": "a67eaabe-7818-4e6e-898d-4b4908c54042",
                "created_at": "2019-03-03T19:07:41.155Z",
                "updated_at": "2024-08-20T23:25:27.598Z",
                "since": "2019-03-03T19:07:41.155Z",
                "title": "Altbau im Bahnhofsviertel",
                "slug": "altbau-im-bahnhofsviertel",
                "published": true,
                "buildingType": "locations.building_type_options.residential",
                "building_type": [
                    "locations.building_type_options.residential"
                ],
                "owner": null,
                "road": "Mainluststraße 16",
                "zip": "60329",
                "startdate": null,
                "enddate": null,
                "text": "Komplettes Haus steht seit Anfang 2017 leer. Bisher scheint nicht renoviert worden zu sein.",
                "featured": false,
                "shy": false,
                "user_id": "93456070-27db-4820-9a72-a6d26085fc96",
                "map_id": "fa8b1e4d-f201-448a-afe9-d7e54215a8ec",
                "status": "vacancy"
            }
        },
        {
            "type": "Feature",
            "geometry": {
                "type": "Point",
                "coordinates": [
                    8.5470973,
                    50.0990831
                ]
            },
            "properties": {
                "id": "70ff9770-3f14-4c36-8b46-87ade7905761",
                "created_at": "2019-03-03T07:40:59.757Z",
                "updated_at": "2024-08-20T23:25:27.559Z",
                "since": "2019-03-03T07:40:59.757Z",
                "title": "Wohnung",
                "slug": "wohnung-70ff9770-3f14-4c36-8b46-87ade7905761",
                "published": true,
                "buildingType": "locations.building_type_options.residential",
                "building_type": [
                    "locations.building_type_options.residential"
                ],
                "owner": "business",
                "road": "Bolongarostr, 174",
                "zip": "65929",
                "startdate": null,
                "enddate": null,
                "text": "2 Zimmer wohnung",
                "featured": false,
                "shy": false,
                "user_id": "a8ef7268-6704-4bef-91f3-e5d1239d8aa4",
                "map_id": "fa8b1e4d-f201-448a-afe9-d7e54215a8ec",
                "status": "vacancy"
            }
        },
        {
            "type": "Feature",
            "geometry": {
                "type": "Point",
                "coordinates": [
                    8.6407317,
                    50.1229282
                ]
            },
            "properties": {
                "id": "a25b5fee-1bbd-4d99-b639-a254db7797c4",
                "created_at": "2019-03-01T19:35:17.602Z",
                "updated_at": "2024-08-20T23:25:27.451Z",
                "since": "2019-03-01T19:35:17.602Z",
                "title": "Fachwerkhäuschen Innenstadt",
                "slug": "fachwerkhauschen-innenstadt",
                "published": true,
                "buildingType": "locations.building_type_options.historical",
                "building_type": [
                    "locations.building_type_options.historical"
                ],
                "owner": "private",
                "road": "Kleine Bockenheimer Str. 10-12",
                "zip": "60313",
                "startdate": null,
                "enddate": null,
                "text": "6 Zimmer , Küche, Bad",
                "featured": false,
                "shy": false,
                "user_id": "9b532bae-99a8-44e2-8126-254d00d941d5",
                "map_id": "fa8b1e4d-f201-448a-afe9-d7e54215a8ec",
                "status": "vacancy"
            }
        },
        {
            "type": "Feature",
            "geometry": {
                "type": "Point",
                "coordinates": [
                    8.64509255,
                    50.12769485
                ]
            },
            "properties": {
                "id": "fbcd1acb-4374-48eb-ab97-f21af12bd4ae",
                "created_at": "2018-02-03T14:24:46.117Z",
                "updated_at": "2024-09-26T13:09:14.955Z",
                "since": "2018-02-03T14:24:46.117Z",
                "title": "Altes Reihenhaus leer und verfallen",
                "slug": "altes-reihenhaus-leer-und-verfallen",
                "published": true,
                "buildingType": "locations.building_type_options.residential",
                "building_type": [
                    "locations.building_type_options.residential"
                ],
                "owner": "private",
                "road": "Georg-Speyer-Straße 74",
                "zip": "60487",
                "startdate": null,
                "enddate": null,
                "text": "Das hübsche, alte Reihenhaus steht leer und ist komplett dem Verfall ausgeliefert. Es handelt sich um 297m2 Wohnbaufläche. Das Haus gehört zu einem Ensemble, das die Stadt dringend schützen müsste.",
                "featured": false,
                "shy": false,
                "user_id": "b55e1893-c76e-4963-b888-751fd82bed43",
                "map_id": "fa8b1e4d-f201-448a-afe9-d7e54215a8ec",
                "status": "vacancy"
            }
        },
        {
            "type": "Feature",
            "geometry": {
                "type": "Point",
                "coordinates": [
                    8.67627871980654,
                    50.12637865
                ]
            },
            "properties": {
                "id": "e83d60b5-8f55-426d-95d7-b57047c2be72",
                "created_at": "2018-12-05T11:14:01.966Z",
                "updated_at": "2024-09-26T13:09:14.911Z",
                "since": "2018-12-05T11:14:01.966Z",
                "title": "Sanierte einseitig angebaute Jugendstilvilla",
                "slug": "sanierte-einseitig-angebaute-jugendstilvilla",
                "published": true,
                "buildingType": "locations.building_type_options.residential",
                "building_type": [
                    "locations.building_type_options.residential"
                ],
                "owner": "locations.unknown",
                "road": "vogtstraße 46",
                "zip": "40479",
                "startdate": null,
                "enddate": null,
                "text": "Das Objekt ist augenscheinlich kernsaniert. Das Grundstück ist allerdings stark verwuchert und seit längerem (mindestens 1 Jahr) nicht mehr bewohnt.",
                "featured": false,
                "shy": false,
                "user_id": "da92558a-da24-48a0-bbba-4f2c3ae0989a",
                "map_id": "fa8b1e4d-f201-448a-afe9-d7e54215a8ec",
                "status": "vacancy"
            }
        },
        {
            "type": "Feature",
            "geometry": {
                "type": "Point",
                "coordinates": [
                    8.6751917,
                    50.1312155
                ]
            },
            "properties": {
                "id": "501d7da1-116c-4f58-a3d0-b3385a217681",
                "created_at": "2018-10-05T05:56:07.774Z",
                "updated_at": "2024-09-26T13:09:14.870Z",
                "since": "2018-10-05T05:56:07.774Z",
                "title": "Mehrfamilienhaus",
                "slug": "mehrfamilienhaus-501d7da1-116c-4f58-a3d0-b3385a217681",
                "published": true,
                "buildingType": "locations.building_type_options.residential",
                "building_type": [
                    "locations.building_type_options.residential"
                ],
                "owner": "locations.unknown",
                "road": "Eysseneckstraße 22",
                "zip": "60322",
                "startdate": null,
                "enddate": null,
                "text": "Westend",
                "featured": false,
                "shy": false,
                "user_id": "0fe590e2-f760-4df3-a44b-66d0f6b82027",
                "map_id": "fa8b1e4d-f201-448a-afe9-d7e54215a8ec",
                "status": "vacancy"
            }
        },
        {
            "type": "Feature",
            "geometry": {
                "type": "Point",
                "coordinates": [
                    8.70027882008235,
                    50.12335795
                ]
            },
            "properties": {
                "id": "f1b31f08-2011-4a33-8415-7ae28a39743c",
                "created_at": "2018-11-28T15:21:12.088Z",
                "updated_at": "2024-08-20T23:25:25.260Z",
                "since": "2018-11-28T15:21:12.088Z",
                "title": "Leerstand im Nordend",
                "slug": "leerstand-im-nordend",
                "published": true,
                "buildingType": "locations.building_type_options.residential",
                "building_type": [
                    "locations.building_type_options.residential"
                ],
                "owner": "business",
                "road": "Leibnizstraße 12",
                "zip": "60316",
                "startdate": null,
                "enddate": null,
                "text": "2-3 schöne Wohnungen in Mehrfamilienhaus (Altbau) im Frankfurter Nordend-Ost stehen leer nach Eigentümerwechsel",
                "featured": false,
                "shy": false,
                "user_id": "e53d806a-0016-4e3f-97cb-3ed111bb6e40",
                "map_id": "fa8b1e4d-f201-448a-afe9-d7e54215a8ec",
                "status": "vacancy"
            }
        },
        {
            "type": "Feature",
            "geometry": {
                "type": "Point",
                "coordinates": [
                    8.67466630436282,
                    50.12419395
                ]
            },
            "properties": {
                "id": "d1552b24-32fa-44ff-a46a-f738789670bd",
                "created_at": "2018-05-29T08:25:59.876Z",
                "updated_at": "2024-09-26T13:09:11.041Z",
                "since": "2018-05-29T08:25:59.876Z",
                "title": "Wolfsgangstr. 76",
                "slug": "wolfsgangstr-76",
                "published": true,
                "buildingType": "locations.building_type_options.residential",
                "building_type": [
                    "locations.building_type_options.residential"
                ],
                "owner": null,
                "road": "Wolfsgangstr. 76",
                "zip": "60322",
                "startdate": null,
                "enddate": null,
                "text": "Alle Wohnungen im Haus stehen leer.\n(Wird momentan saniert)",
                "featured": false,
                "shy": false,
                "user_id": "5cb36a1a-c016-4168-892d-4f6b3a7585f3",
                "map_id": "fa8b1e4d-f201-448a-afe9-d7e54215a8ec",
                "status": "vacancy"
            }
        },
        {
            "type": "Feature",
            "geometry": {
                "type": "Point",
                "coordinates": [
                    8.65179047662602,
                    50.1225526
                ]
            },
            "properties": {
                "id": "0245db66-0112-4dfa-a8c6-ef0e60cbabd0",
                "created_at": "2018-02-03T14:43:13.600Z",
                "updated_at": "2024-08-20T23:25:08.855Z",
                "since": "2018-02-03T14:43:13.600Z",
                "title": "5-ZKB-Altbauwohnung leer",
                "slug": "5-zkb-altbauwohnung-leer",
                "published": true,
                "buildingType": "locations.building_type_options.residential",
                "building_type": [
                    "locations.building_type_options.residential"
                ],
                "owner": "private",
                "road": "Sophienstraße 22",
                "zip": "60587",
                "startdate": null,
                "enddate": null,
                "text": "Die geräumige Altbauwohnug wird seit dem Auszug des letzten Mieters vor rund 5 Jahren einfach leer gelassen. Der Eigentümer, die R\u0026R Liegenschaftsverwaltung, hat derzeit kein Interesse, diesen Wohnraum zu vermieten. Die anderen Wohnungen werden noch genutzt.",
                "featured": false,
                "shy": false,
                "user_id": "b55e1893-c76e-4963-b888-751fd82bed43",
                "map_id": "fa8b1e4d-f201-448a-afe9-d7e54215a8ec",
                "status": "vacancy"
            }
        },
        {
            "type": "Feature",
            "geometry": {
                "type": "Point",
                "coordinates": [
                    8.6478841,
                    50.1165258
                ]
            },
            "properties": {
                "id": "35860087-80bd-49ea-91b1-4c1b5020a8eb",
                "created_at": "2013-05-13T07:09:37.000Z",
                "updated_at": "2024-09-26T13:09:07.673Z",
                "since": "2013-05-13T07:09:37.000Z",
                "title": "3 - 4 Zimmerwohnung",
                "slug": "3-4-zimmerwohnung",
                "published": true,
                "buildingType": "Wohngebäude",
                "building_type": [
                    "Wohngebäude"
                ],
                "owner": null,
                "road": "Varrentrappstraße 71",
                "zip": "60486",
                "startdate": null,
                "enddate": null,
                "text": "",
                "featured": false,
                "shy": false,
                "user_id": "342bbb40-e55c-4013-9598-3434b8f6ed49",
                "map_id": "fa8b1e4d-f201-448a-afe9-d7e54215a8ec",
                "status": "vacancy"
            }
        },
        {
            "type": "Feature",
            "geometry": {
                "type": "Point",
                "coordinates": [
                    8.66638,
                    50.10847
                ]
            },
            "properties": {
                "id": "d13af5f7-c3dc-4b91-ae17-e0a3865b0ee8",
                "created_at": "2013-05-06T12:43:02.000Z",
                "updated_at": "2024-09-26T13:09:07.551Z",
                "since": "2013-05-06T12:43:02.000Z",
                "title": "Herrenhaus in der Moselstraße",
                "slug": "herrenhaus-in-der-moselstrasse",
                "published": true,
                "buildingType": "Wohngebäude",
                "building_type": [
                    "Wohngebäude"
                ],
                "owner": "private",
                "road": "Moselstraße 32",
                "zip": "60329",
                "startdate": null,
                "enddate": null,
                "text": "Ein 115 Jahre altes, sehr schönes ehemaliges Herrenhaus in der Moselstraße direkt am Kaisersack.\r\n\r\nDas Haus, früher wohl ein sehr gefragtes Wohnhaus wurde, für größeren Profit von den Eigentümern in ein Bordell umfunktioniert. Seitdem die Stadt Frankfurt den Bordellbetrieb untersagte, nämlich im Jahr 1984 (!!!) steht das Haus komplett leer bis auf das Untergeschoss, in dem lange Zeit eine Strip-Bar untergebracht war. Seit kurzem wird das leere Untergeschoss sporadisch von einem (eher heruntergewirtschafteten - aber das ist Geschmackssache) Techno-Club genutzt.\r\n\r\nDas letzte, was 2007 über die Pläne der Eigentümer an die Öffentlichkeit drang, war eine Nutzung des Gebäudes als Hotel.\r\n\r\nEs ist allerdings müßig, davon auszugehen, die eigentümer hätten wirkliche Pläne - nach über 20 Jahren des Leerstands ist es glasklar, dass sich ein ungenutztes Haus wohl genauso, wenn nicht noch mehr finanziell für die Eigentümer lohnt.",
                "featured": false,
                "shy": false,
                "user_id": "72fdb207-0b42-4e68-ba58-984d0b10185d",
                "map_id": "fa8b1e4d-f201-448a-afe9-d7e54215a8ec",
                "status": "vacancy"
            }
        },
        {
            "type": "Feature",
            "geometry": {
                "type": "Point",
                "coordinates": [
                    8.7050793,
                    50.12155565
                ]
            },
            "properties": {
                "id": "a0f0d8d6-6864-424a-8a0f-b3e41f652932",
                "created_at": "2018-01-04T10:35:25.596Z",
                "updated_at": "2024-08-20T23:25:07.909Z",
                "since": "2018-01-04T10:35:25.596Z",
                "title": "komplettes Wohnhaus",
                "slug": "komplettes-wohnhaus-a0f0d8d6-6864-424a-8a0f-b3e41f652932",
                "published": true,
                "buildingType": "locations.building_type_options.residential",
                "building_type": [
                    "locations.building_type_options.residential"
                ],
                "owner": "locations.unknown",
                "road": "Scheidswaldstraße 28",
                "zip": "60385",
                "startdate": null,
                "enddate": null,
                "text": "wird zeitweilig an Bauarbeiter vermiette, ist aber seit langem schon entmietet, seitdem im Hinterhaus die \"Eastend Lofts\" entstanden sind.",
                "featured": false,
                "shy": false,
                "user_id": "d4debe55-2aa5-49da-9b71-af6e11f6132e",
                "map_id": "fa8b1e4d-f201-448a-afe9-d7e54215a8ec",
                "status": "vacancy"
            }
        },
        {
            "type": "Feature",
            "geometry": {
                "type": "Point",
                "coordinates": [
                    8.684241771697998,
                    50.126431812734666
                ]
            },
            "properties": {
                "id": "6dc36b10-19ea-46c4-8b3a-d5ae556e5734",
                "created_at": "2017-09-29T20:51:00.784Z",
                "updated_at": "2024-08-20T23:25:05.078Z",
                "since": "2017-09-29T20:51:00.784Z",
                "title": "Altbau Glauburgstraße",
                "slug": "altbau-glauburgstrasse",
                "published": true,
                "buildingType": "locations.building_type_options.residential",
                "building_type": [
                    "locations.building_type_options.residential"
                ],
                "owner": "private",
                "road": "Glauburgstraße 74",
                "zip": "60318",
                "startdate": null,
                "enddate": null,
                "text": "Cafe und die unteren drei Stockwerke stehen seit ca. 1/2 leer.",
                "featured": false,
                "shy": false,
                "user_id": "b169f00f-5718-4936-ace2-ec004fd1f34d",
                "map_id": "fa8b1e4d-f201-448a-afe9-d7e54215a8ec",
                "status": "vacancy"
            }
        },
        {
            "type": "Feature",
            "geometry": {
                "type": "Point",
                "coordinates": [
                    8.62356,
                    50.11931
                ]
            },
            "properties": {
                "id": "16cccd84-1c7e-4f93-aac0-66d4aeeea208",
                "created_at": "2012-04-09T18:01:46.000Z",
                "updated_at": "2024-09-26T13:09:00.322Z",
                "since": "2012-04-09T18:01:46.000Z",
                "title": "Ludwig-Landmann-Straße 405",
                "slug": "ludwig-landmann-strasse-405",
                "published": true,
                "buildingType": "Bürogebäude",
                "building_type": [
                    "Bürogebäude"
                ],
                "owner": "private",
                "road": "Ludwig-Landmann-Straße 405",
                "zip": "60486",
                "startdate": null,
                "enddate": null,
                "text": "Viel Platz vorhaden. Weitgehend leer seit langem. Ein riesiges Bürogebäude. \r\nNachts sind die beiden oberen Geschosse bunt beleuchtet.",
                "featured": false,
                "shy": false,
                "user_id": "5e957df7-36fd-40e5-9a25-bf356c21978f",
                "map_id": "fa8b1e4d-f201-448a-afe9-d7e54215a8ec",
                "status": "vacancy"
            }
        },
        {
            "type": "Feature",
            "geometry": {
                "type": "Point",
                "coordinates": [
                    8.6570379,
                    50.1116346
                ]
            },
            "properties": {
                "id": "c7564b33-0133-4762-9f33-93d6db4df386",
                "created_at": "2013-05-30T15:29:41.000Z",
                "updated_at": "2024-09-26T13:09:00.282Z",
                "since": "2013-05-30T15:29:41.000Z",
                "title": "Friedrich-Ebert-Anlage 32",
                "slug": "friedrich-ebert-anlage-32",
                "published": true,
                "buildingType": "Bürogebäude",
                "building_type": [
                    "Bürogebäude"
                ],
                "owner": "private",
                "road": "Friedrich-Ebert-Anlage 32",
                "zip": "60325",
                "startdate": null,
                "enddate": null,
                "text": "Das Gebäude ist seit vielen Monaten von einem Bauzaun umgeben. NIchts tut sich. Voller Leerstand.",
                "featured": false,
                "shy": false,
                "user_id": "2c988ac3-2a25-4b9f-85e5-1b2f540bd408",
                "map_id": "fa8b1e4d-f201-448a-afe9-d7e54215a8ec",
                "status": "vacancy"
            }
        },
        {
            "type": "Feature",
            "geometry": {
                "type": "Point",
                "coordinates": [
                    8.6522925,
                    50.1078745
                ]
            },
            "properties": {
                "id": "793a5629-7a6f-49f5-bcc4-8db52b7c6d2b",
                "created_at": "2013-09-16T06:28:15.000Z",
                "updated_at": "2024-09-26T13:09:00.240Z",
                "since": "2013-09-16T06:28:15.000Z",
                "title": "Frankenallee 2 - 4",
                "slug": "frankenallee-2-4",
                "published": true,
                "buildingType": "Bürogebäude",
                "building_type": [
                    "Bürogebäude"
                ],
                "owner": "private",
                "road": "Frankenallee 2",
                "zip": "60327",
                "startdate": null,
                "enddate": null,
                "text": "Büroleerstand",
                "featured": false,
                "shy": false,
                "user_id": "2c988ac3-2a25-4b9f-85e5-1b2f540bd408",
                "map_id": "fa8b1e4d-f201-448a-afe9-d7e54215a8ec",
                "status": "vacancy"
            }
        },
        {
            "type": "Feature",
            "geometry": {
                "type": "Point",
                "coordinates": [
                    8.733922,
                    50.119017
                ]
            },
            "properties": {
                "id": "ddd62135-de03-441c-90bc-b62212aab556",
                "created_at": "2013-08-29T14:10:24.000Z",
                "updated_at": "2024-09-26T13:08:48.402Z",
                "since": "2013-08-29T14:10:24.000Z",
                "title": "Ex-Autohaus",
                "slug": "ex-autohaus",
                "published": true,
                "buildingType": "Gewerbegebäude",
                "building_type": [
                    "Gewerbegebäude"
                ],
                "owner": "private",
                "road": "Hanauer Landstraße 292",
                "zip": "60314",
                "startdate": null,
                "enddate": null,
                "text": "Maximal verkehrsgünstige Lage - aber vermutlich etwas laut.\r\nZum Wohnen eher nicht geeignet, aber für ein Bürohochhaus wäre genug Platz.",
                "featured": false,
                "shy": false,
                "user_id": "5e957df7-36fd-40e5-9a25-bf356c21978f",
                "map_id": "fa8b1e4d-f201-448a-afe9-d7e54215a8ec",
                "status": "vacancy"
            }
        },
        {
            "type": "Feature",
            "geometry": {
                "type": "Point",
                "coordinates": [
                    8.58922,
                    50.09984
                ]
            },
            "properties": {
                "id": "d08222d3-afa9-479c-aeee-7dcc1e0b5891",
                "created_at": "2015-03-04T11:44:10.000Z",
                "updated_at": "2024-09-26T13:08:53.763Z",
                "since": "2015-03-04T11:44:10.000Z",
                "title": "ProMarkt",
                "slug": "promarkt",
                "published": true,
                "buildingType": "Gewerbegebäude",
                "building_type": [
                    "Gewerbegebäude"
                ],
                "owner": null,
                "road": "Mainzer Landstraße 681",
                "zip": "65933",
                "startdate": null,
                "enddate": null,
                "text": "Es wäre wunderbar, wenn man dieses Gebäude nutzen könnte, entweder um den Stadtteil zu beleben (temporäre Ausstellungen etc), oder um z.B. ein Deerberg Outlet für ein paar Wochen zu haben (die suchen immer!).",
                "featured": false,
                "shy": false,
                "user_id": "04592cf7-da78-4cca-81fc-5ec56afaaaaf",
                "map_id": "fa8b1e4d-f201-448a-afe9-d7e54215a8ec",
                "status": "vacancy"
            }
        },
        {
            "type": "Feature",
            "geometry": {
                "type": "Point",
                "coordinates": [
                    8.740046,
                    50.1348061
                ]
            },
            "properties": {
                "id": "827a07ba-d4ec-48c0-a004-124160372965",
                "created_at": "2013-12-09T17:26:59.000Z",
                "updated_at": "2024-09-26T13:08:53.329Z",
                "since": "2013-12-09T17:26:59.000Z",
                "title": "ZIMMER Werksgelände",
                "slug": "zimmer-werksgelande",
                "published": true,
                "buildingType": "Gewerbegebäude",
                "building_type": [
                    "Gewerbegebäude"
                ],
                "owner": null,
                "road": "Gwinnerstraße 3",
                "zip": "60388",
                "startdate": null,
                "enddate": null,
                "text": "Werksgelände wird nur noch von Pförtner bewohnt, der Rest der Verwaltungsgebäude und Hallen wirken verwaist.",
                "featured": false,
                "shy": false,
                "user_id": "ecc0a8c8-2634-4cc8-abe7-113d40a9b1be",
                "map_id": "fa8b1e4d-f201-448a-afe9-d7e54215a8ec",
                "status": "damage"
            }
        },
        {
            "type": "Feature",
            "geometry": {
                "type": "Point",
                "coordinates": [
                    8.6505306,
                    50.1593379
                ]
            },
            "properties": {
                "id": "3d7e8f7c-27bb-4723-b9dc-cd0f7070fa6b",
                "created_at": "2017-03-14T12:21:44.673Z",
                "updated_at": "2024-08-20T23:24:56.687Z",
                "since": "2017-03-14T12:21:44.673Z",
                "title": "Große Wohnung",
                "slug": "grosse-wohnung",
                "published": true,
                "buildingType": "locations.building_type_options.residential",
                "building_type": [
                    "locations.building_type_options.residential"
                ],
                "owner": "private",
                "road": "Heddernheimer Landstraße 4",
                "zip": "60439",
                "startdate": null,
                "enddate": null,
                "text": "Eine Maisonettewohnung mit fast 150 qm steht seit April 2015 leer. Die früheren Bewohner wurden hinausgeekelt und massiv unter Druck gesetzt. Sollte ab August 2016 angeblich neu vermietet werden, steht aber immer noch leer.",
                "featured": false,
                "shy": false,
                "user_id": "60ae805d-7df1-41af-a0c4-e4bfa1eeca5b",
                "map_id": "fa8b1e4d-f201-448a-afe9-d7e54215a8ec",
                "status": "vacancy"
            }
        },
        {
            "type": "Feature",
            "geometry": {
                "type": "Point",
                "coordinates": [
                    8.5388869,
                    50.1105911
                ]
            },
            "properties": {
                "id": "452d16df-25a5-41c5-bd17-243ae89b194e",
                "created_at": "2012-01-02T09:01:02.000Z",
                "updated_at": "2024-09-26T13:08:51.515Z",
                "since": "2012-01-02T09:01:02.000Z",
                "title": "Wohnhaus Königsteiner Str. 116",
                "slug": "wohnhaus-konigsteiner-str-116",
                "published": true,
                "buildingType": "Wohngebäude",
                "building_type": [
                    "Wohngebäude"
                ],
                "owner": "private",
                "road": "Königsteiner Straße 116",
                "zip": "65929",
                "startdate": null,
                "enddate": null,
                "text": "Das Wohnhaus steht lange leer.  Foto noch einstellen.\r\nWeitere Informationen zum Haus in der FNP 2.1.2012:\r\nhttp://www.fnp.de/fnp/region/lokales/frankfurt/schandfleck-erhitzt-gemueter_rmn01.c.9482536.de.html",
                "featured": false,
                "shy": false,
                "user_id": "2c988ac3-2a25-4b9f-85e5-1b2f540bd408",
                "map_id": "fa8b1e4d-f201-448a-afe9-d7e54215a8ec",
                "status": "damage"
            }
        },
        {
            "type": "Feature",
            "geometry": {
                "type": "Point",
                "coordinates": [
                    8.69166666792561,
                    50.10458815
                ]
            },
            "properties": {
                "id": "d21b1e69-7604-4a23-8db1-5e7f3e5a5512",
                "created_at": "2017-02-04T18:37:29.071Z",
                "updated_at": "2024-08-20T23:24:55.348Z",
                "since": "2017-02-04T18:37:29.071Z",
                "title": "Mehrfamilienhaus",
                "slug": "mehrfamilienhaus-d21b1e69-7604-4a23-8db1-5e7f3e5a5512",
                "published": true,
                "buildingType": "locations.building_type_options.residential",
                "building_type": [
                    "locations.building_type_options.residential"
                ],
                "owner": "business",
                "road": "Dreieichstr. 34",
                "zip": "60594",
                "startdate": null,
                "enddate": null,
                "text": "5 Stockwerke mit je 130 qm",
                "featured": false,
                "shy": false,
                "user_id": "d91ea7f1-73f4-433b-8352-56de28e6ef5f",
                "map_id": "fa8b1e4d-f201-448a-afe9-d7e54215a8ec",
                "status": "vacancy"
            }
        },
        {
            "type": "Feature",
            "geometry": {
                "type": "Point",
                "coordinates": [
                    8.557147979736328,
                    50.122669283897004
                ]
            },
            "properties": {
                "id": "25e7d676-c7d2-4f50-93a0-d9b21e33bc64",
                "created_at": "2016-12-28T08:53:28.063Z",
                "updated_at": "2024-08-20T23:24:53.267Z",
                "since": "2016-12-28T08:53:28.063Z",
                "title": "Wohnhaus",
                "slug": "wohnhaus-25e7d676-c7d2-4f50-93a0-d9b21e33bc64",
                "published": true,
                "buildingType": "locations.building_type_options.residential",
                "building_type": [
                    "locations.building_type_options.residential"
                ],
                "owner": "locations.unknown",
                "road": "Im Tiefen Weg ",
                "zip": "65936",
                "startdate": null,
                "enddate": null,
                "text": "Im tiefen Weg befindet sich ein freistehendes Wohnhaus, welches seit Jahren nicht bewohnt zu sein scheint. Es hat jedoch wohl noch einen Besitzer zu haben, denn seit etwa 1,5 Jahren hängt ein Zettel am Eingangstor, dass dieses Anwesend Videoüberwacht wird.",
                "featured": false,
                "shy": false,
                "user_id": "24b87a4d-b731-4e2d-a99a-a1c9e5949692",
                "map_id": "fa8b1e4d-f201-448a-afe9-d7e54215a8ec",
                "status": "vacancy"
            }
        },
        {
            "type": "Feature",
            "geometry": {
                "type": "Point",
                "coordinates": [
                    8.69866583179348,
                    50.12084045
                ]
            },
            "properties": {
                "id": "4d948e97-c70b-4104-ace7-993583c147c6",
                "created_at": "2016-08-30T09:03:34.618Z",
                "updated_at": "2024-09-26T13:08:47.387Z",
                "since": "2016-08-30T09:03:34.618Z",
                "title": "Altbau, ganzes Haus",
                "slug": "altbau-ganzes-haus",
                "published": true,
                "buildingType": "locations.building_type_options.residential",
                "building_type": [
                    "locations.building_type_options.residential"
                ],
                "owner": "locations.unknown",
                "road": "Musikantenweg 68",
                "zip": "60316",
                "startdate": null,
                "enddate": null,
                "text": null,
                "featured": false,
                "shy": false,
                "user_id": "c0008169-7ad3-4922-abb6-0ef02ea1ed1a",
                "map_id": "fa8b1e4d-f201-448a-afe9-d7e54215a8ec",
                "status": "vacancy"
            }
        },
        {
            "type": "Feature",
            "geometry": {
                "type": "Point",
                "coordinates": [
                    8.6705603,
                    50.1070728
                ]
            },
            "properties": {
                "id": "9844e4fc-521c-4970-ae5a-f9d25d7933fa",
                "created_at": "2012-01-20T19:04:47.000Z",
                "updated_at": "2024-09-26T13:08:46.163Z",
                "since": "2012-01-20T19:04:47.000Z",
                "title": "Gutleutstraße 21",
                "slug": "gutleutstrasse-21",
                "published": true,
                "buildingType": "Wohngebäude",
                "building_type": [
                    "Wohngebäude"
                ],
                "owner": "private",
                "road": "Gutleutstraße 21",
                "zip": "60329",
                "startdate": null,
                "enddate": null,
                "text": "Das sehr große Gründerzeitgebäude mit gepflegter Fassade zeigt keine erkennbare Nutzung. Der Eingangsbereich wirkt ungepflegt, hat weder Klingeln noch Namen.",
                "featured": false,
                "shy": false,
                "user_id": "2c988ac3-2a25-4b9f-85e5-1b2f540bd408",
                "map_id": "fa8b1e4d-f201-448a-afe9-d7e54215a8ec",
                "status": "vacancy"
            }
        },
        {
            "type": "Feature",
            "geometry": {
                "type": "Point",
                "coordinates": [
                    8.6677875,
                    50.1102446
                ]
            },
            "properties": {
                "id": "cb5adb41-f8a2-49c7-b5ed-90dd57bd594a",
                "created_at": "2012-01-06T18:41:31.000Z",
                "updated_at": "2024-09-26T13:08:40.886Z",
                "since": "2012-01-06T18:41:31.000Z",
                "title": "Bürokomplex Weserstr. 43",
                "slug": "burokomplex-weserstr-43",
                "published": true,
                "buildingType": "Bürogebäude",
                "building_type": [
                    "Bürogebäude"
                ],
                "owner": "private",
                "road": "Weserstraße 43",
                "zip": "60329",
                "startdate": null,
                "enddate": null,
                "text": "Dieses große Bürogebäude steht leer oder fast leer. Wer weiß Näheres?",
                "featured": false,
                "shy": false,
                "user_id": "2c988ac3-2a25-4b9f-85e5-1b2f540bd408",
                "map_id": "fa8b1e4d-f201-448a-afe9-d7e54215a8ec",
                "status": "vacancy"
            }
        },
        {
            "type": "Feature",
            "geometry": {
                "type": "Point",
                "coordinates": [
                    8.6669616,
                    50.1049114
                ]
            },
            "properties": {
                "id": "8d5b364b-bef5-46d7-b69b-294514e1aa99",
                "created_at": "2014-10-30T21:17:53.000Z",
                "updated_at": "2024-09-26T13:08:40.465Z",
                "since": "2014-10-30T21:17:53.000Z",
                "title": "Ehemaliges IBM-Gebäude",
                "slug": "ehemaliges-ibm-gebaude",
                "published": true,
                "buildingType": "Bürogebäude",
                "building_type": [
                    "Bürogebäude"
                ],
                "owner": "private",
                "road": "Gutleutstraße 71",
                "zip": "60329",
                "startdate": null,
                "enddate": null,
                "text": "Schöner Leerstand zwischen Gutleut- und Wilhelm-Leuschner-Straße: das ehemalige IBM-Gebäude besteht aus einem zweigeschossigem Büropavillon und einem Bürohochhaus und steht komplett leer. Im Architektur-Forum wird gemutmaßt, dass das Gebäude mit dem angrenzenden Hotelprojekt zu tun haben könnte...\r\nhttp://www.deutsches-architektur-forum.de/forum/showthread.php?p=393212",
                "featured": false,
                "shy": false,
                "user_id": "12c472c3-c569-486d-a54d-2767e4b0cfa3",
                "map_id": "fa8b1e4d-f201-448a-afe9-d7e54215a8ec",
                "status": "damage"
            }
        },
        {
            "type": "Feature",
            "geometry": {
                "type": "Point",
                "coordinates": [
                    8.67028575,
                    50.1094856
                ]
            },
            "properties": {
                "id": "dc7829a8-5096-49f4-b499-47df4299b6e7",
                "created_at": "2016-08-14T08:28:07.989Z",
                "updated_at": "2024-08-20T23:24:47.656Z",
                "since": "2016-08-14T08:28:07.989Z",
                "title": "Stadtvilla / Bürofläche",
                "slug": "stadtvilla-buroflache-dc7829a8-5096-49f4-b499-47df4299b6e7",
                "published": true,
                "buildingType": "locations.building_type_options.commercial",
                "building_type": [
                    "locations.building_type_options.commercial"
                ],
                "owner": "business",
                "road": "Neckarstrasse 7",
                "zip": "60329",
                "startdate": null,
                "enddate": null,
                "text": "von Commerzbank ( 3 Stk. in Reihe -leer)",
                "featured": false,
                "shy": false,
                "user_id": "d8f8199c-507f-4112-954c-c747db206ad8",
                "map_id": "fa8b1e4d-f201-448a-afe9-d7e54215a8ec",
                "status": "vacancy"
            }
        },
        {
            "type": "Feature",
            "geometry": {
                "type": "Point",
                "coordinates": [
                    8.67009944524244,
                    50.109436
                ]
            },
            "properties": {
                "id": "d936484f-a5ed-4643-9837-72f802a90f00",
                "created_at": "2016-08-14T08:26:33.754Z",
                "updated_at": "2024-08-20T23:24:47.610Z",
                "since": "2016-08-14T08:26:33.754Z",
                "title": "Stadtvilla / Bürofläche",
                "slug": "stadtvilla-buroflache-d936484f-a5ed-4643-9837-72f802a90f00",
                "published": true,
                "buildingType": "locations.building_type_options.commercial",
                "building_type": [
                    "locations.building_type_options.commercial"
                ],
                "owner": "business",
                "road": "Neckarstrasse 9",
                "zip": "60329",
                "startdate": null,
                "enddate": null,
                "text": "von Commerzbank ( 3 Stk. in Reihe -leer)",
                "featured": false,
                "shy": false,
                "user_id": "d8f8199c-507f-4112-954c-c747db206ad8",
                "map_id": "fa8b1e4d-f201-448a-afe9-d7e54215a8ec",
                "status": "vacancy"
            }
        },
        {
            "type": "Feature",
            "geometry": {
                "type": "Point",
                "coordinates": [
                    8.6713134,
                    50.1099297
                ]
            },
            "properties": {
                "id": "18d9e29a-b1d5-4982-ba12-5f6e5fd50760",
                "created_at": "2016-08-14T08:19:39.573Z",
                "updated_at": "2024-08-20T23:24:47.578Z",
                "since": "2016-08-14T08:19:39.573Z",
                "title": "Stadtvilla / Bürofläche",
                "slug": "stadtvilla-buroflache",
                "published": true,
                "buildingType": "locations.building_type_options.commercial",
                "building_type": [
                    "locations.building_type_options.commercial"
                ],
                "owner": "business",
                "road": "Neckarstrasse 11-13",
                "zip": "60329",
                "startdate": null,
                "enddate": null,
                "text": "von Commerzbank ( 3 Stk. in Reihe -leer)",
                "featured": false,
                "shy": false,
                "user_id": "d8f8199c-507f-4112-954c-c747db206ad8",
                "map_id": "fa8b1e4d-f201-448a-afe9-d7e54215a8ec",
                "status": "vacancy"
            }
        },
        {
            "type": "Feature",
            "geometry": {
                "type": "Point",
                "coordinates": [
                    8.6406556,
                    50.1155997
                ]
            },
            "properties": {
                "id": "150e7e0c-d777-4d57-80aa-fc4173c11e74",
                "created_at": "2012-03-14T10:06:48.000Z",
                "updated_at": "2024-09-26T13:08:39.599Z",
                "since": "2012-03-14T10:06:48.000Z",
                "title": "Brache an der Lise-Meitner-Straße",
                "slug": "brache-an-der-lise-meitner-strasse",
                "published": true,
                "buildingType": "Brachfläche",
                "building_type": [
                    "Brachfläche"
                ],
                "owner": null,
                "road": "Lise-Meitner-Straße ",
                "zip": "60486",
                "startdate": null,
                "enddate": null,
                "text": "Eingerahmt von einem Hotel, einer Schule und der Commerzbank liegt diese Fläche schon seit rund 10 Jahren brach. Das Bankgebäude schirmt den Lärm der Theodor-Heuss-Allee gut ab, so dass hier Wohnbebauung sehr sinnvoll wäre.\r\nDas Leerstandssymbol lässt sich nicht auf die Fläche ziehen, weil hier offenbar noch keine Hausnummern hinterlegt sind. Aber im Luftbild erkennt man die Brache westlich vom Symbol zwischen Pfingstbrunnenstraße, Lise-Meitner-Straße und Kuhwaldstraße auf einen Blick.\r\n",
                "featured": false,
                "shy": false,
                "user_id": "601a4baa-d58b-49c3-86a7-c13f6e63695e",
                "map_id": "fa8b1e4d-f201-448a-afe9-d7e54215a8ec",
                "status": "vacancy"
            }
        },
        {
            "type": "Feature",
            "geometry": {
                "type": "Point",
                "coordinates": [
                    8.6551826,
                    50.1130894
                ]
            },
            "properties": {
                "id": "6fc758bd-7898-4d49-9dcf-f2fca5601300",
                "created_at": "2012-04-05T15:21:18.000Z",
                "updated_at": "2024-09-26T13:08:39.555Z",
                "since": "2012-04-05T15:21:18.000Z",
                "title": "Villa Clara",
                "slug": "villa-clara",
                "published": true,
                "buildingType": "Bürogebäude",
                "building_type": [
                    "Bürogebäude"
                ],
                "owner": "private",
                "road": "Schumannstraße 2",
                "zip": "60325",
                "startdate": null,
                "enddate": null,
                "text": "Das Haus steht schon eine Weile leer. Demnächst soll hier ein Hotel entstehen.\r\nDiskutiert wird es hier:\r\nhttp://www.deutsches-architektur-forum.de/forum/showthread.php?p=281140\r\n\r\nWas aus dem Haus werden soll steht hier:\r\nhttp://franken-architekten.de/index.php?pagetype=projectdetail\u0026lang=de\u0026cat=-1\u0026param=overview\u0026param2=1149\u0026param3=0\u0026\r\nMan beachte den Text auf der Seite, der den Umbau beschreibt!!!\r\nEs soll architektonische Anspielungen auf Bourgeoisie und Frankfurter Häuserkampf geben, die \"zu einem multitemporären Design\" verschmelzen.\r\nBedeutet das: Häuserkampf als Touristenattraktion? \r\nInteressant!\r\n",
                "featured": false,
                "shy": false,
                "user_id": "089638ac-aae1-4cd6-b678-519578f1e011",
                "map_id": "fa8b1e4d-f201-448a-afe9-d7e54215a8ec",
                "status": "vacancy"
            }
        },
        {
            "type": "Feature",
            "geometry": {
                "type": "Point",
                "coordinates": [
                    8.6931187,
                    50.1525488
                ]
            },
            "properties": {
                "id": "01c64637-53cf-4f2f-ba48-e936b50e5b3f",
                "created_at": "2013-02-19T07:15:34.000Z",
                "updated_at": "2024-09-26T13:08:38.496Z",
                "since": "2013-02-19T07:15:34.000Z",
                "title": "Jaspertstrasse 9",
                "slug": "jaspertstrasse-9",
                "published": true,
                "buildingType": "Wohngebäude",
                "building_type": [
                    "Wohngebäude"
                ],
                "owner": "public",
                "road": "Jaspertstraße 9",
                "zip": "60435",
                "startdate": null,
                "enddate": null,
                "text": "Das Haus der Wohnheim GmbH soll abgerissen werden. \r\nEntsteht danach sozialer Wohnungsbau?\r\n\r\nmehr in der fnp 19.2.2013:\r\nhttp://www.fnp.de/fnp/region/lokales/frankfurt/narben-des-verfalls_rmn01.c.10477988.de.html",
                "featured": false,
                "shy": false,
                "user_id": "2c988ac3-2a25-4b9f-85e5-1b2f540bd408",
                "map_id": "fa8b1e4d-f201-448a-afe9-d7e54215a8ec",
                "status": "damage"
            }
        },
        {
            "type": "Feature",
            "geometry": {
                "type": "Point",
                "coordinates": [
                    8.66915,
                    50.1054
                ]
            },
            "properties": {
                "id": "4e923783-752a-47bb-ab2f-cf74056f41c0",
                "created_at": "2011-09-30T11:49:04.000Z",
                "updated_at": "2024-09-26T13:07:29.748Z",
                "since": "2011-09-30T11:49:04.000Z",
                "title": "Wilhelm-Leuschner-Straße 30 ",
                "slug": "wilhelm-leuschner-strasse-30",
                "published": true,
                "buildingType": "Bürogebäude",
                "building_type": [
                    "Bürogebäude"
                ],
                "owner": "private",
                "road": "Wilhelm-Leuschner-Straße 30",
                "zip": "60329",
                "startdate": null,
                "enddate": null,
                "text": "An der Ecke Windmühlenstr./Wilhelm-Leuschnerstr., in der Nähe des Hauptbahnhofs steht das ab 1961 errichtete ehemalige Bürogebäude der Deutschen Hypothekenbank auf leer.",
                "featured": false,
                "shy": false,
                "user_id": "601a4baa-d58b-49c3-86a7-c13f6e63695e",
                "map_id": "fa8b1e4d-f201-448a-afe9-d7e54215a8ec",
                "status": "vacancy"
            }
        },
        {
            "type": "Feature",
            "geometry": {
                "type": "Point",
                "coordinates": [
                    8.62932,
                    50.13325
                ]
            },
            "properties": {
                "id": "7a7ef174-0072-4cd1-a1ee-ede85e6377d3",
                "created_at": "2011-10-05T09:37:48.000Z",
                "updated_at": "2024-09-26T13:07:41.332Z",
                "since": "2011-10-05T09:37:48.000Z",
                "title": "Grundstück Nelkenstraße",
                "slug": "grundstuck-nelkenstrasse",
                "published": true,
                "buildingType": "Wohngebäude",
                "building_type": [
                    "Wohngebäude"
                ],
                "owner": "private",
                "road": "Große Nelkenstraße 42",
                "zip": "60488",
                "startdate": null,
                "enddate": null,
                "text": "Das Baulückenkataster der Stadt Frankfurt weist das Grundstück an der Großen Nelkenstraße als Baugrundstück für geschätzte drei Wohneinheiten aus. Durch die links angrenzende Brandwand wäre aber vermutlich eine dichtere Bebauung für mehr Wohnungen denkbar (kann man beim Anklicken von Streetview gut sehen). \r\nDas Grundstück ist etwa 500 qm groß. Das Haus auf dem Nachbargrundstück rechts mit drei Wohnungen steht auch leer.",
                "featured": false,
                "shy": false,
                "user_id": "601a4baa-d58b-49c3-86a7-c13f6e63695e",
                "map_id": "fa8b1e4d-f201-448a-afe9-d7e54215a8ec",
                "status": "vacancy"
            }
        },
        {
            "type": "Feature",
            "geometry": {
                "type": "Point",
                "coordinates": [
                    8.6656457,
                    50.111318
                ]
            },
            "properties": {
                "id": "536069fd-4f78-4d6f-aeac-6422daaf95cd",
                "created_at": "2012-01-08T10:39:04.000Z",
                "updated_at": "2024-09-26T13:07:52.560Z",
                "since": "2012-01-08T10:39:04.000Z",
                "title": "Bürogebäude Mainzer Landstr. 27 - 31",
                "slug": "burogebaude-mainzer-landstr-27-31",
                "published": true,
                "buildingType": "Bürogebäude",
                "building_type": [
                    "Bürogebäude"
                ],
                "owner": "private",
                "road": "Mainzer Landstraße 27",
                "zip": "60329",
                "startdate": null,
                "enddate": null,
                "text": "Ein Teilleerstand der Büroflächen in den insgesamt 8 Etagen ist zu registrieren. Noch sind Versicherungsunternehmen usw. im Haus. Am Haus wirbt \"HDI\", der Gerling-Konzern, der in Ffm und Umgebung dezentrale Niederlassungen hat, aber nicht (mehr?) unter der obigen Adresse firmiert.\r\nWeitere Informationen zum Leerstand auf http://www.allebusinesscenter.de/suche-buero/businesscenter/Deutschland/Hessen/Frankfurt/Frankfurt_Innenstadt/buero-261",
                "featured": false,
                "shy": false,
                "user_id": "2c988ac3-2a25-4b9f-85e5-1b2f540bd408",
                "map_id": "fa8b1e4d-f201-448a-afe9-d7e54215a8ec",
                "status": "vacancy"
            }
        },
        {
            "type": "Feature",
            "geometry": {
                "type": "Point",
                "coordinates": [
                    8.6733675,
                    50.1147104
                ]
            },
            "properties": {
                "id": "de120872-1e5a-438d-aa3f-3f1243749b28",
                "created_at": "2012-01-22T16:44:37.000Z",
                "updated_at": "2024-09-26T13:06:39.214Z",
                "since": "2012-01-22T16:44:37.000Z",
                "title": "Große Bockenheimer Straße 45",
                "slug": "grosse-bockenheimer-strasse-45",
                "published": true,
                "buildingType": "Bürogebäude",
                "building_type": [
                    "Bürogebäude"
                ],
                "owner": "private",
                "road": "Große Bockenheimer Straße 45",
                "zip": "60313",
                "startdate": null,
                "enddate": null,
                "text": "Seitdem die Commerzbank aus diesem Gebäude ausgezogen ist, steht das Erdgeschoß sowie weitere Etagen leer. ",
                "featured": false,
                "shy": false,
                "user_id": "2c988ac3-2a25-4b9f-85e5-1b2f540bd408",
                "map_id": "fa8b1e4d-f201-448a-afe9-d7e54215a8ec",
                "status": "vacancy"
            }
        },
        {
            "type": "Feature",
            "geometry": {
                "type": "Point",
                "coordinates": [
                    8.6830631,
                    50.113379
                ]
            },
            "properties": {
                "id": "805f41ae-4771-49b4-8283-6276f8ee339b",
                "created_at": "2012-01-25T18:44:37.000Z",
                "updated_at": "2024-09-26T13:06:40.126Z",
                "since": "2012-01-25T18:44:37.000Z",
                "title": "Töngesgasse 34 - 36",
                "slug": "tongesgasse-34-36",
                "published": true,
                "buildingType": "Bürogebäude",
                "building_type": [
                    "Bürogebäude"
                ],
                "owner": null,
                "road": "Töngesgasse 34",
                "zip": "60311",
                "startdate": null,
                "enddate": null,
                "text": "Das Gebäude gehört der Sparkasse, insofern der öffentlichen Hand. Das Bürogebäude an der Straße und das separate Bürogebäude im Hof stehen leer. Einem Abriß des nicht in die Töngesgasse eingepaßten Gebäudes weint sicher niemand hinterher. Einer Umwandlung und Bebauung mit preisgünstigem, barrierefreiem Wohnraum sollte der Vorzug gegeben werden. Im Nachbarhaus Nr. 32 sind Wohnungen mit Balkons als gutes Beispiel (Foto 5).\r\n\r\n Im Hof befindet sich das Stoltze-Museum im denkmalgeschützten Turm. Der ebenfalls denkmalgeschützte Wohntrakt, der im Hof sichtbar ist, hat eventuell eine Nutzung(Fotos 2 und 3).",
                "featured": false,
                "shy": false,
                "user_id": "2c988ac3-2a25-4b9f-85e5-1b2f540bd408",
                "map_id": "fa8b1e4d-f201-448a-afe9-d7e54215a8ec",
                "status": "vacancy"
            }
        },
        {
            "type": "Feature",
            "geometry": {
                "type": "Point",
                "coordinates": [
                    8.551979,
                    50.1035678
                ]
            },
            "properties": {
                "id": "6ac96fe7-1f3a-40fc-bac6-7a3b2bbc2ce2",
                "created_at": "2012-03-21T10:54:06.000Z",
                "updated_at": "2024-09-26T13:07:22.537Z",
                "since": "2012-03-21T10:54:06.000Z",
                "title": "Zuckschwerdtstraße 10",
                "slug": "zuckschwerdtstrasse-10",
                "published": true,
                "buildingType": "Wohngebäude",
                "building_type": [
                    "Wohngebäude"
                ],
                "owner": null,
                "road": "Zuckschwerdtstraße 28",
                "zip": "65929",
                "startdate": null,
                "enddate": null,
                "text": "Im Erdgeschoss war wohl mal eine gewerbliche Nutzung, der obere Bereich könnte zum Wohnen geeignet sein, auch wenn die Straße in diesem Bereich relativ stark befahren ist und die Bahnlinie südlich verläuft...\r\nOder soll auf dem gesamten Areal etwas Neues entstehen?",
                "featured": false,
                "shy": false,
                "user_id": "601a4baa-d58b-49c3-86a7-c13f6e63695e",
                "map_id": "fa8b1e4d-f201-448a-afe9-d7e54215a8ec",
                "status": "vacancy"
            }
        },
        {
            "type": "Feature",
            "geometry": {
                "type": "Point",
                "coordinates": [
                    8.67019,
                    50.10476
                ]
            },
            "properties": {
                "id": "4e7eaac7-168b-4f71-b523-413f1995a01e",
                "created_at": "2012-05-20T06:05:17.000Z",
                "updated_at": "2024-09-26T13:07:42.153Z",
                "since": "2012-05-20T06:05:17.000Z",
                "title": "Untermainkai 34",
                "slug": "untermainkai-34",
                "published": true,
                "buildingType": "Wohngebäude",
                "building_type": [
                    "Wohngebäude"
                ],
                "owner": null,
                "road": "Untermainkai 34",
                "zip": "60329",
                "startdate": null,
                "enddate": null,
                "text": "Die Fenster sind zugemauert. Stacheldraht verwehrt ebenfalls den Zugang.\r\nEin desolater Anblick und Dauerzustand. Warum schafft das Planungsderzernat dort keine Rechtsgrundlage, das Gebäude als Wohngebäude zu erhalten und endlich bewohnbar zu machen?",
                "featured": false,
                "shy": false,
                "user_id": "2c988ac3-2a25-4b9f-85e5-1b2f540bd408",
                "map_id": "fa8b1e4d-f201-448a-afe9-d7e54215a8ec",
                "status": "vacancy"
            }
        },
        {
            "type": "Feature",
            "geometry": {
                "type": "Point",
                "coordinates": [
                    8.605327,
                    50.1266568
                ]
            },
            "properties": {
                "id": "2115ec59-4523-4fbe-805f-5aaa621638bd",
                "created_at": "2012-10-23T19:07:32.000Z",
                "updated_at": "2024-09-26T13:07:22.722Z",
                "since": "2012-10-23T19:07:32.000Z",
                "title": "Bürogebäude Breitlacher Straße 94",
                "slug": "burogebaude-breitlacher-strasse-94",
                "published": true,
                "buildingType": "Bürogebäude",
                "building_type": [
                    "Bürogebäude"
                ],
                "owner": "private",
                "road": "Breitlacherstraße 94",
                "zip": "60489",
                "startdate": null,
                "enddate": null,
                "text": "Zuletzt war hier Büroraum der AOK Systems drin. Aber seit einigen Monaten steht es wieder leer.",
                "featured": false,
                "shy": false,
                "user_id": "089638ac-aae1-4cd6-b678-519578f1e011",
                "map_id": "fa8b1e4d-f201-448a-afe9-d7e54215a8ec",
                "status": "vacancy"
            }
        },
        {
            "type": "Feature",
            "geometry": {
                "type": "Point",
                "coordinates": [
                    8.6630172,
                    50.112987
                ]
            },
            "properties": {
                "id": "939e387d-fd72-4e4d-bd00-37ede6b5eb72",
                "created_at": "2013-08-09T18:14:32.000Z",
                "updated_at": "2024-09-26T13:06:38.119Z",
                "since": "2013-08-09T18:14:32.000Z",
                "title": "Rüsterstrasse 13",
                "slug": "rusterstrasse-13",
                "published": true,
                "buildingType": "Bürogebäude",
                "building_type": [
                    "Bürogebäude"
                ],
                "owner": "private",
                "road": "Rüsterstraße 13",
                "zip": "60325",
                "startdate": null,
                "enddate": null,
                "text": "Vor dem Bürogebäude steht ein Vermietungsschild.",
                "featured": false,
                "shy": false,
                "user_id": "2c988ac3-2a25-4b9f-85e5-1b2f540bd408",
                "map_id": "fa8b1e4d-f201-448a-afe9-d7e54215a8ec",
                "status": "vacancy"
            }
        },
        {
            "type": "Feature",
            "geometry": {
                "type": "Point",
                "coordinates": [
                    8.6401305,
                    50.1231798
                ]
            },
            "properties": {
                "id": "26418b05-5c65-4433-8f64-dfd1dbc58604",
                "created_at": "2014-01-08T11:57:26.000Z",
                "updated_at": "2024-08-20T23:22:22.295Z",
                "since": "2014-01-08T11:57:26.000Z",
                "title": "Kleine Seestraße 7",
                "slug": "kleine-seestrasse-7",
                "published": true,
                "buildingType": "Brachgrundstück",
                "building_type": [
                    "Brachgrundstück"
                ],
                "owner": null,
                "road": "Kleine Seestraße 7",
                "zip": "60486",
                "startdate": null,
                "enddate": null,
                "text": "Das leerstehende Gebäude wurde abgerissen, mittlerweile ist dort nur noch ein leeres Grundstück. Ob/was dort geplant ist weiß ich nicht.",
                "featured": false,
                "shy": false,
                "user_id": "9efcf9ef-0907-4085-af22-4fb40ff0fb43",
                "map_id": "fa8b1e4d-f201-448a-afe9-d7e54215a8ec",
                "status": "vacancy"
            }
        },
        {
            "type": "Feature",
            "geometry": {
                "type": "Point",
                "coordinates": [
                    8.67311693203972,
                    50.12552615
                ]
            },
            "properties": {
                "id": "fe68d0c8-5eaf-4869-90bb-eb721c330ac0",
                "created_at": "2016-05-26T08:31:57.989Z",
                "updated_at": "2024-08-20T23:24:44.895Z",
                "since": "2016-05-26T08:31:57.989Z",
                "title": "grosse Villa – Bürogebäude",
                "slug": "grosse-villa-burogebaude",
                "published": true,
                "buildingType": "locations.building_type_options.historical",
                "building_type": [
                    "locations.building_type_options.historical"
                ],
                "owner": "locations.unknown",
                "road": "Hansaallee 30-32",
                "zip": "60322",
                "startdate": null,
                "enddate": null,
                "text": "Lange Zeit von grossen Werbeagenturen als repräsentative Bürogebäude benutzt, jetzt schon lange leer.",
                "featured": false,
                "shy": false,
                "user_id": "d01e8614-1c8d-4d55-a799-186f679f1425",
                "map_id": "fa8b1e4d-f201-448a-afe9-d7e54215a8ec",
                "status": "vacancy"
            }
        },
        {
            "type": "Feature",
            "geometry": {
                "type": "Point",
                "coordinates": [
                    8.70558,
                    50.12384
                ]
            },
            "properties": {
                "id": "61183a84-6405-4bff-867a-5f0d78242b67",
                "created_at": "2015-09-16T18:04:38.000Z",
                "updated_at": "2024-08-20T23:21:01.059Z",
                "since": "2015-09-16T18:04:38.000Z",
                "title": "Stauffenbergschule Sporthalle",
                "slug": "stauffenbergschule-sporthalle",
                "published": true,
                "buildingType": "Sporthalle",
                "building_type": [
                    "Sporthalle"
                ],
                "owner": "public",
                "road": "Arnsburger Straße 44",
                "zip": "60385",
                "startdate": null,
                "enddate": null,
                "text": "",
                "featured": false,
                "shy": false,
                "user_id": "78e89fc7-37b8-4965-994f-d9bba7e4100a",
                "map_id": "fa8b1e4d-f201-448a-afe9-d7e54215a8ec",
                "status": "vacancy"
            }
        },
        {
            "type": "Feature",
            "geometry": {
                "type": "Point",
                "coordinates": [
                    8.6470844,
                    50.1175535
                ]
            },
            "properties": {
                "id": "4f94c8d7-fad4-4b4a-a450-7ee6fcea71c5",
                "created_at": "2015-08-31T18:41:42.000Z",
                "updated_at": "2024-08-20T23:21:03.498Z",
                "since": "2015-08-31T18:41:42.000Z",
                "title": "Jungstraße 6  - Dachgeschoss",
                "slug": "jungstrasse-6-dachgeschoss",
                "published": true,
                "buildingType": "Wohngebäude",
                "building_type": [
                    "Wohngebäude"
                ],
                "owner": "private",
                "road": "Jungstraße 6",
                "zip": "60486",
                "startdate": null,
                "enddate": null,
                "text": "Das Dachgeschoss in der Jungstraße 6 scheint ebenfalls ausgebaut zu sein und leer zu stehen. Ab und zu gibt es Licht - aber dauerhaft bewohnt ist es nicht. - Könnte sein, dass hier auch Wohnraum temporär an Messegäste vermietet wird.  ",
                "featured": false,
                "shy": false,
                "user_id": "105a6d87-0708-4738-b582-393570bd8c5c",
                "map_id": "fa8b1e4d-f201-448a-afe9-d7e54215a8ec",
                "status": "vacancy"
            }
        },
        {
            "type": "Feature",
            "geometry": {
                "type": "Point",
                "coordinates": [
                    8.6471466,
                    50.1176332
                ]
            },
            "properties": {
                "id": "fc761ff1-be42-4f68-a0dc-b33bcee31399",
                "created_at": "2015-08-31T18:25:08.000Z",
                "updated_at": "2024-08-20T23:21:03.634Z",
                "since": "2015-08-31T18:25:08.000Z",
                "title": "Jungstraße 8  - Dachgeschoss",
                "slug": "jungstrasse-8-dachgeschoss",
                "published": true,
                "buildingType": "Wohngebäude",
                "building_type": [
                    "Wohngebäude"
                ],
                "owner": "private",
                "road": "Jungstraße 8",
                "zip": "60486",
                "startdate": null,
                "enddate": null,
                "text": "Gegenüber von uns wurde vor ein paar Jahren eine Dachgeschosswohnung ausgebaut (Bauarbeiten und Vergrößerung der Fenster), die augenscheinlich nicht bewohnt ist. Evt. könnten zur Buchmesse Kurzzeitmieter einziehen - ist aber nicht klar. Ca, 80 - 90% des Jahres ist die Wohnung nicht genutzt.",
                "featured": false,
                "shy": false,
                "user_id": "105a6d87-0708-4738-b582-393570bd8c5c",
                "map_id": "fa8b1e4d-f201-448a-afe9-d7e54215a8ec",
                "status": "vacancy"
            }
        },
        {
            "type": "Feature",
            "geometry": {
                "type": "Point",
                "coordinates": [
                    8.6909082,
                    50.1287117
                ]
            },
            "properties": {
                "id": "d8dd330b-7b41-4011-b57a-7694f279a8ed",
                "created_at": "2015-05-20T20:21:16.000Z",
                "updated_at": "2024-08-20T23:21:25.073Z",
                "since": "2015-05-20T20:21:16.000Z",
                "title": "Spohrstraße",
                "slug": "spohrstrasse",
                "published": true,
                "buildingType": "Wohngebäude",
                "building_type": [
                    "Wohngebäude"
                ],
                "owner": "public",
                "road": "Spohrstraße 38",
                "zip": "60318",
                "startdate": null,
                "enddate": null,
                "text": "Zum Juli 2014 wurde das Haus mit sechs Mietparteien an eine AG verkauft. Der vorherige private Besitzer sowie eine weitere Partei sind sofort ausgezogen, sodass zwei Wohnungen seither leer stehen. Die AG hat die verbleibenden Bewohner unter Druck gesetzt bis ein weiterer zum März 2015 ausgezogen ist. Im Mai 2015 wurde das Haus dann erneut an eine GmbH verkauft und sofort zum Luxussanieren eingerüstet. Noch kann die Stadt mit ihrem Vorkaufsrecht intervenieren!",
                "featured": false,
                "shy": false,
                "user_id": "e0837223-ce22-48e4-8776-84c255cae1e4",
                "map_id": "fa8b1e4d-f201-448a-afe9-d7e54215a8ec",
                "status": "vacancy"
            }
        },
        {
            "type": "Feature",
            "geometry": {
                "type": "Point",
                "coordinates": [
                    8.6944164,
                    50.129938
                ]
            },
            "properties": {
                "id": "79c2d59c-9681-46e6-b370-0bf2a7d0953d",
                "created_at": "2015-03-01T09:59:10.000Z",
                "updated_at": "2024-08-20T23:21:32.549Z",
                "since": "2015-03-01T09:59:10.000Z",
                "title": "Shell Friedberger Landstraße 152",
                "slug": "shell-friedberger-landstrasse-152",
                "published": true,
                "buildingType": "Gewerbegebäude",
                "building_type": [
                    "Gewerbegebäude"
                ],
                "owner": null,
                "road": "Friedberger Landstraße 152",
                "zip": "60389",
                "startdate": null,
                "enddate": null,
                "text": "Das gesamte Gebäude über der Shell Tankstelle auf der Friedberger Landstraße steht seit längerem leer.\r\n\r\nIst aber vielleicht auf nicht schlecht\r\n\r\nhttp://www.focus.de/politik/deutschland/tankstellen-dicke-luft-im-haus_aid_145644.html",
                "featured": false,
                "shy": false,
                "user_id": "b2964295-5e08-41d2-812d-4eca7f8f8261",
                "map_id": "fa8b1e4d-f201-448a-afe9-d7e54215a8ec",
                "status": "vacancy"
            }
        },
        {
            "type": "Feature",
            "geometry": {
                "type": "Point",
                "coordinates": [
                    8.68134,
                    50.11386
                ]
            },
            "properties": {
                "id": "16232210-c2e8-4a40-824b-009ffc6413f7",
                "created_at": "2015-03-01T10:02:32.000Z",
                "updated_at": "2024-08-20T23:21:32.460Z",
                "since": "2015-03-01T10:02:32.000Z",
                "title": "Zeil 113-117 über Salamander, Tom Tailor, etc.",
                "slug": "zeil-113-117-uber-salamander-tom-tailor-etc",
                "published": true,
                "buildingType": "Gewerbegebäude",
                "building_type": [
                    "Gewerbegebäude"
                ],
                "owner": null,
                "road": "Zeil 113",
                "zip": "60313",
                "startdate": null,
                "enddate": null,
                "text": "Über den Geschäften Salamander, Tom Tailor, etc. sind viele Büro und Gewerbegebäude leer.",
                "featured": false,
                "shy": false,
                "user_id": "b2964295-5e08-41d2-812d-4eca7f8f8261",
                "map_id": "fa8b1e4d-f201-448a-afe9-d7e54215a8ec",
                "status": "vacancy"
            }
        },
        {
            "type": "Feature",
            "geometry": {
                "type": "Point",
                "coordinates": [
                    8.66891,
                    50.10595
                ]
            },
            "properties": {
                "id": "eed6ce50-c17b-4361-9c37-fcb20a9eb65a",
                "created_at": "2014-11-01T19:59:11.000Z",
                "updated_at": "2024-08-20T23:21:42.376Z",
                "since": "2014-11-01T19:59:11.000Z",
                "title": "Bürogebäude Gutleutstr. 45",
                "slug": "burogebaude-gutleutstr-45",
                "published": true,
                "buildingType": "Bürogebäude",
                "building_type": [
                    "Bürogebäude"
                ],
                "owner": "private",
                "road": "Gutleutstraße 45",
                "zip": "60329",
                "startdate": null,
                "enddate": null,
                "text": "Das siebengeschossige Bürogebäude steht komplett leer. Ein Maklerschild bietet Flächen an.",
                "featured": false,
                "shy": false,
                "user_id": "12c472c3-c569-486d-a54d-2767e4b0cfa3",
                "map_id": "fa8b1e4d-f201-448a-afe9-d7e54215a8ec",
                "status": "vacancy"
            }
        },
        {
            "type": "Feature",
            "geometry": {
                "type": "Point",
                "coordinates": [
                    8.6686312,
                    50.1059779
                ]
            },
            "properties": {
                "id": "f08f54c4-10f3-43f0-b9ae-5008fc9cfc44",
                "created_at": "2014-11-01T19:50:36.000Z",
                "updated_at": "2024-08-20T23:21:42.462Z",
                "since": "2014-11-01T19:50:36.000Z",
                "title": "Gutleutstr. 37-39",
                "slug": "gutleutstr-37-39",
                "published": true,
                "buildingType": "Wohngebäude",
                "building_type": [
                    "Wohngebäude"
                ],
                "owner": "private",
                "road": "Gutleutstraße 37",
                "zip": "60329",
                "startdate": null,
                "enddate": null,
                "text": "Das riesige gründerzeitliche Verwaltungsgebäude steht scheinbar komplett leer.\r\nWer weiß mehr?",
                "featured": false,
                "shy": false,
                "user_id": "12c472c3-c569-486d-a54d-2767e4b0cfa3",
                "map_id": "fa8b1e4d-f201-448a-afe9-d7e54215a8ec",
                "status": "vacancy"
            }
        },
        {
            "type": "Feature",
            "geometry": {
                "type": "Point",
                "coordinates": [
                    8.6564559,
                    50.1076221
                ]
            },
            "properties": {
                "id": "14b97812-3be8-402e-bf38-0218cd538150",
                "created_at": "2014-11-01T09:26:46.000Z",
                "updated_at": "2024-08-20T23:21:43.259Z",
                "since": "2014-11-01T09:26:46.000Z",
                "title": "Mainzer Landstraße 131",
                "slug": "mainzer-landstrasse-131",
                "published": true,
                "buildingType": "Bürogebäude",
                "building_type": [
                    "Bürogebäude"
                ],
                "owner": "private",
                "road": "Mainzer Landstraße 131",
                "zip": "60327",
                "startdate": null,
                "enddate": null,
                "text": "Das 8-stöckige Bürogebäude scheint größtenteils leer zu stehen.",
                "featured": false,
                "shy": false,
                "user_id": "12c472c3-c569-486d-a54d-2767e4b0cfa3",
                "map_id": "fa8b1e4d-f201-448a-afe9-d7e54215a8ec",
                "status": "vacancy"
            }
        },
        {
            "type": "Feature",
            "geometry": {
                "type": "Point",
                "coordinates": [
                    8.656258,
                    50.1075361
                ]
            },
            "properties": {
                "id": "8f31a1d0-7ac2-4d5e-8ac9-1c932fefae7d",
                "created_at": "2014-11-01T09:31:27.000Z",
                "updated_at": "2024-08-20T23:21:43.356Z",
                "since": "2014-11-01T09:31:27.000Z",
                "title": "Brache an der Mainzer Landstraße",
                "slug": "brache-an-der-mainzer-landstrasse",
                "published": true,
                "buildingType": "",
                "building_type": [
                    ""
                ],
                "owner": "private",
                "road": "Mainzer Landstraße 133",
                "zip": "60327",
                "startdate": null,
                "enddate": null,
                "text": "Die Baulücke liegt zentral in der Nähe des Hauptbahnhofs und würde sich gut für Nachverdichtung eignen.",
                "featured": false,
                "shy": false,
                "user_id": "12c472c3-c569-486d-a54d-2767e4b0cfa3",
                "map_id": "fa8b1e4d-f201-448a-afe9-d7e54215a8ec",
                "status": "vacancy"
            }
        },
        {
            "type": "Feature",
            "geometry": {
                "type": "Point",
                "coordinates": [
                    8.64342,
                    50.16886
                ]
            },
            "properties": {
                "id": "f0503ae5-4eda-49a8-aa64-21245249f415",
                "created_at": "2014-10-27T12:22:19.000Z",
                "updated_at": "2024-08-20T23:21:43.710Z",
                "since": "2014-10-27T12:22:19.000Z",
                "title": "Olof-Palme-Straße 13",
                "slug": "olof-palme-strasse-13",
                "published": true,
                "buildingType": "Bürogebäude",
                "building_type": [
                    "Bürogebäude"
                ],
                "owner": "private",
                "road": "Olof-Palme-Straße 13",
                "zip": "60439",
                "startdate": null,
                "enddate": null,
                "text": "Hier weist ein Maklergalgen auf Leerstand hin.",
                "featured": false,
                "shy": false,
                "user_id": "601a4baa-d58b-49c3-86a7-c13f6e63695e",
                "map_id": "fa8b1e4d-f201-448a-afe9-d7e54215a8ec",
                "status": "vacancy"
            }
        },
        {
            "type": "Feature",
            "geometry": {
                "type": "Point",
                "coordinates": [
                    8.6345887,
                    50.1229857
                ]
            },
            "properties": {
                "id": "6f261ff0-82f4-4d59-afc1-7fe02f2231dd",
                "created_at": "2014-10-27T11:40:19.000Z",
                "updated_at": "2024-08-20T23:21:43.794Z",
                "since": "2014-10-27T11:40:19.000Z",
                "title": "Salvador-Allende-Straße 11",
                "slug": "salvador-allende-strasse-11",
                "published": true,
                "buildingType": "Bürogebäude",
                "building_type": [
                    "Bürogebäude"
                ],
                "owner": "private",
                "road": "Salvador-Allende-Straße 11",
                "zip": "60487",
                "startdate": null,
                "enddate": null,
                "text": "In dem Gebäude an der Bahnlinie sind leere Büros per Plakat angezeigt.",
                "featured": false,
                "shy": false,
                "user_id": "601a4baa-d58b-49c3-86a7-c13f6e63695e",
                "map_id": "fa8b1e4d-f201-448a-afe9-d7e54215a8ec",
                "status": "vacancy"
            }
        },
        {
            "type": "Feature",
            "geometry": {
                "type": "Point",
                "coordinates": [
                    8.66362,
                    50.09726
                ]
            },
            "properties": {
                "id": "c14ea077-4744-4432-9644-940973836db6",
                "created_at": "2014-10-27T11:54:12.000Z",
                "updated_at": "2024-08-20T23:21:43.842Z",
                "since": "2014-10-27T11:54:12.000Z",
                "title": "Carl-von-Noorden-Platz 5",
                "slug": "carl-von-noorden-platz-5",
                "published": true,
                "buildingType": "Bürogebäude",
                "building_type": [
                    "Bürogebäude"
                ],
                "owner": "private",
                "road": "Carl-von-Noorden-Platz 5",
                "zip": "60596",
                "startdate": null,
                "enddate": null,
                "text": "Auch hier - eigentlich ein guter Standort, aber trotzdem Leerstand...",
                "featured": false,
                "shy": false,
                "user_id": "601a4baa-d58b-49c3-86a7-c13f6e63695e",
                "map_id": "fa8b1e4d-f201-448a-afe9-d7e54215a8ec",
                "status": "vacancy"
            }
        },
        {
            "type": "Feature",
            "geometry": {
                "type": "Point",
                "coordinates": [
                    8.6505759,
                    50.108898
                ]
            },
            "properties": {
                "id": "a63e8688-95e6-4247-a5fb-a9de4d31d67a",
                "created_at": "2014-09-17T13:19:42.000Z",
                "updated_at": "2024-08-20T23:21:47.438Z",
                "since": "2014-09-17T13:19:42.000Z",
                "title": "Faszinierender Leerstand mit Format",
                "slug": "faszinierender-leerstand-mit-format",
                "published": true,
                "buildingType": "Bürogebäude",
                "building_type": [
                    "Bürogebäude"
                ],
                "owner": "private",
                "road": "Europa-Allee 60",
                "zip": "60327",
                "startdate": null,
                "enddate": null,
                "text": "Zehnfache diamantene Platinauszeichnung für Nachhaltigkeit wurde diesem Gebäude in der Bauphase von der Deutschen Gesellschaft für Nachhaltigkeit bescheinigt. Aber diese Werbemaßnahme half nichts. Nun stehen diese Büros - immerhin mit Format - leer. Übrigens entgegen allen Grundsätzen nachhaltigen Bodenmanagements. Aber es gibt auch gute Nachrichen: es baut die Kassenärztliche Vereinigung ein paar Grundstücke weiter ihr neues Domizil und wird dann ihr Gebäude direkt südlich des Campus Bockenheim aufgeben. Aber das alles ist natürlich kein Grund von den festgesetzten Büroflächen, mit denen der Campus weiterhin bebaut werden soll, abzurücken. Neue Bürogebäude braucht Frankfurt ja weiterhin so dringend!",
                "featured": false,
                "shy": false,
                "user_id": "601a4baa-d58b-49c3-86a7-c13f6e63695e",
                "map_id": "fa8b1e4d-f201-448a-afe9-d7e54215a8ec",
                "status": "vacancy"
            }
        },
        {
            "type": "Feature",
            "geometry": {
                "type": "Point",
                "coordinates": [
                    8.65888,
                    50.11901
                ]
            },
            "properties": {
                "id": "f64e927c-2fb5-4aec-a1c2-bf72e0d63959",
                "created_at": "2014-09-17T13:02:09.000Z",
                "updated_at": "2024-08-20T23:21:47.481Z",
                "since": "2014-09-17T13:02:09.000Z",
                "title": "Bockenheimer Landstraße 83",
                "slug": "bockenheimer-landstrasse-83",
                "published": true,
                "buildingType": "Bürogebäude",
                "building_type": [
                    "Bürogebäude"
                ],
                "owner": "private",
                "road": "Bockenheimer Landstraße 83",
                "zip": "60325",
                "startdate": null,
                "enddate": null,
                "text": "Eine Werbetafel steht vor dem Gebäude - hier ist neuerdings ebenfalls leere Bürofläche zu finden. \r\n\r\nAber nicht weitersagen, denn ansonsten könnte man ja zu dem Schluss kommen, dass der gerade weiterhin geplante Neubau von noch mehr Büroflächen nebenan auf dem Campus Bockenheim grober Unfug wäre.",
                "featured": false,
                "shy": false,
                "user_id": "601a4baa-d58b-49c3-86a7-c13f6e63695e",
                "map_id": "fa8b1e4d-f201-448a-afe9-d7e54215a8ec",
                "status": "vacancy"
            }
        },
        {
            "type": "Feature",
            "geometry": {
                "type": "Point",
                "coordinates": [
                    8.68188,
                    50.11143
                ]
            },
            "properties": {
                "id": "13cfe7aa-724d-4af4-8232-2d2e8ec0d838",
                "created_at": "2014-09-03T01:43:22.000Z",
                "updated_at": "2024-09-26T13:08:20.505Z",
                "since": "2014-09-03T01:43:22.000Z",
                "title": "Wohn- und Geschäftshaus Neue Kräme",
                "slug": "wohn-und-geschaftshaus-neue-krame",
                "published": true,
                "buildingType": "Wohn- und Gewerbegebäude",
                "building_type": [
                    "Wohn- und Gewerbegebäude"
                ],
                "owner": "private",
                "road": "Neue Kräme 14",
                "zip": "60311",
                "startdate": null,
                "enddate": null,
                "text": "Seit einem Eigentümerwechsel 2013 werden Wohnungen bei Auszug eines Mieters nicht mehr neu vermietet. Ein Drittel der 18 Wohnungen ist bereits unbewohnt.\r\n\r\nUpdate 8/2015: Inzwischen wurden die leerstehenden Wohnungen kernsaniert und werden jetzt möbliert auf Zeit vermietet, stehen also dem normalen Mietmarkt nicht mehr zur Verfügung.",
                "featured": false,
                "shy": false,
                "user_id": "2ad56ebb-3484-4731-ade5-21581ed30527",
                "map_id": "fa8b1e4d-f201-448a-afe9-d7e54215a8ec",
                "status": "vacancy"
            }
        },
        {
            "type": "Feature",
            "geometry": {
                "type": "Point",
                "coordinates": [
                    8.667023,
                    50.1118247
                ]
            },
            "properties": {
                "id": "558758b2-a725-40ea-8639-63707ec56a66",
                "created_at": "2014-06-30T17:46:22.000Z",
                "updated_at": "2024-08-20T23:21:58.199Z",
                "since": "2014-06-30T17:46:22.000Z",
                "title": "Main Zero",
                "slug": "main-zero",
                "published": true,
                "buildingType": "Bürogebäude",
                "building_type": [
                    "Bürogebäude"
                ],
                "owner": "private",
                "road": "Mainzer Landstraße 15",
                "zip": "60329",
                "startdate": null,
                "enddate": null,
                "text": "Hier ist derzeit Umbruch angesagt. Immerhin wurde der Leerstand abgerissen und Neubau findet statt. http://www.deutsches-architektur-forum.de/forum/showpost.php?p=433085\u0026postcount=137\r\n\r\n",
                "featured": false,
                "shy": false,
                "user_id": "601a4baa-d58b-49c3-86a7-c13f6e63695e",
                "map_id": "fa8b1e4d-f201-448a-afe9-d7e54215a8ec",
                "status": "vacancy"
            }
        },
        {
            "type": "Feature",
            "geometry": {
                "type": "Point",
                "coordinates": [
                    8.63966,
                    50.11488
                ]
            },
            "properties": {
                "id": "5176e4ea-1689-4994-8529-e1bf64de9cd1",
                "created_at": "2014-06-30T16:48:02.000Z",
                "updated_at": "2024-08-20T23:21:58.433Z",
                "since": "2014-06-30T16:48:02.000Z",
                "title": "Goldenes Haus",
                "slug": "goldenes-haus",
                "published": true,
                "buildingType": "Bürogebäude",
                "building_type": [
                    "Bürogebäude"
                ],
                "owner": "private",
                "road": "Theodor-Heuss-Allee 80",
                "zip": "60486",
                "startdate": null,
                "enddate": null,
                "text": "Von außen sieht man es nicht, aber offenbar gibt es auch hier Leerstand,\r\nzumindest wird im Augenblick einige Fläche angeboten:\r\nwww.immobilienscout24.de/expose/74706982\r\n",
                "featured": false,
                "shy": false,
                "user_id": "601a4baa-d58b-49c3-86a7-c13f6e63695e",
                "map_id": "fa8b1e4d-f201-448a-afe9-d7e54215a8ec",
                "status": "vacancy"
            }
        },
        {
            "type": "Feature",
            "geometry": {
                "type": "Point",
                "coordinates": [
                    8.6670845,
                    50.1124502
                ]
            },
            "properties": {
                "id": "4299d728-8b07-48df-849f-980867503fa0",
                "created_at": "2014-06-30T17:13:42.000Z",
                "updated_at": "2024-08-20T23:21:58.327Z",
                "since": "2014-06-30T17:13:42.000Z",
                "title": "Trianon",
                "slug": "trianon",
                "published": true,
                "buildingType": "Bürogebäude",
                "building_type": [
                    "Bürogebäude"
                ],
                "owner": "private",
                "road": "Mainzer Landstraße 16",
                "zip": "60325",
                "startdate": null,
                "enddate": null,
                "text": "Wenn man der Annonce Glauben schenken darf, sind im Moment über 22.000 Quadratmeter frei:\r\nwww.immobilienscout24.de/expose/74838453",
                "featured": false,
                "shy": false,
                "user_id": "601a4baa-d58b-49c3-86a7-c13f6e63695e",
                "map_id": "fa8b1e4d-f201-448a-afe9-d7e54215a8ec",
                "status": "vacancy"
            }
        },
        {
            "type": "Feature",
            "geometry": {
                "type": "Point",
                "coordinates": [
                    8.66244,
                    50.19342
                ]
            },
            "properties": {
                "id": "d5dde61e-1928-4224-9c56-a78c344a1277",
                "created_at": "2014-06-30T17:04:16.000Z",
                "updated_at": "2024-08-20T23:21:58.362Z",
                "since": "2014-06-30T17:04:16.000Z",
                "title": "Arcadia Haus",
                "slug": "arcadia-haus",
                "published": true,
                "buildingType": "Bürogebäude",
                "building_type": [
                    "Bürogebäude"
                ],
                "owner": "private",
                "road": "Berner Straße 49",
                "zip": "60437",
                "startdate": null,
                "enddate": null,
                "text": "Hier mal 3.200 Quadratmeter\r\nhttp://www.immobilienscout24.de/expose/74943577",
                "featured": false,
                "shy": false,
                "user_id": "601a4baa-d58b-49c3-86a7-c13f6e63695e",
                "map_id": "fa8b1e4d-f201-448a-afe9-d7e54215a8ec",
                "status": "vacancy"
            }
        },
        {
            "type": "Feature",
            "geometry": {
                "type": "Point",
                "coordinates": [
                    8.58689,
                    50.05832
                ]
            },
            "properties": {
                "id": "85d602df-41d2-4ab7-b9ec-291613abff91",
                "created_at": "2014-06-30T16:52:29.000Z",
                "updated_at": "2024-08-20T23:21:58.399Z",
                "since": "2014-06-30T16:52:29.000Z",
                "title": "Unterschweinstiege 12",
                "slug": "unterschweinstiege-12",
                "published": true,
                "buildingType": "Bürogebäude",
                "building_type": [
                    "Bürogebäude"
                ],
                "owner": "private",
                "road": "Unterschweinstiege 12",
                "zip": "60549",
                "startdate": null,
                "enddate": null,
                "text": "Wenn die Einträge im Internet stimmen, sind hier 14.000 Quadratmeter frei\r\nwww.immobilienscout24.de/expose/74838581",
                "featured": false,
                "shy": false,
                "user_id": "601a4baa-d58b-49c3-86a7-c13f6e63695e",
                "map_id": "fa8b1e4d-f201-448a-afe9-d7e54215a8ec",
                "status": "vacancy"
            }
        },
        {
            "type": "Feature",
            "geometry": {
                "type": "Point",
                "coordinates": [
                    8.75265,
                    50.12573
                ]
            },
            "properties": {
                "id": "88c563fe-bd6f-4f63-894c-0949fe1f79c0",
                "created_at": "2014-06-30T16:43:49.000Z",
                "updated_at": "2024-09-26T13:06:09.400Z",
                "since": "2014-06-30T16:43:49.000Z",
                "title": "Hanauer Landstraße 360",
                "slug": "hanauer-landstrasse-360",
                "published": true,
                "buildingType": "Bürogebäude",
                "building_type": [
                    "Bürogebäude"
                ],
                "owner": "private",
                "road": "Hanauer Landstraße 360",
                "zip": "60386",
                "startdate": null,
                "enddate": null,
                "text": "Weiterer Leerstand an der Hanauer Landstraße - dieses Mal 15.000 Quadratmeter\r\nwww.immobilienscout24.de/expose/74492257",
                "featured": false,
                "shy": false,
                "user_id": "601a4baa-d58b-49c3-86a7-c13f6e63695e",
                "map_id": "fa8b1e4d-f201-448a-afe9-d7e54215a8ec",
                "status": "vacancy"
            }
        },
        {
            "type": "Feature",
            "geometry": {
                "type": "Point",
                "coordinates": [
                    8.6607885,
                    50.1864773
                ]
            },
            "properties": {
                "id": "ff358aed-de03-4485-ac6b-b804a8b4824c",
                "created_at": "2014-06-30T16:23:48.000Z",
                "updated_at": "2024-08-20T23:21:58.579Z",
                "since": "2014-06-30T16:23:48.000Z",
                "title": "Phoenix-Haus",
                "slug": "phoenix-haus",
                "published": true,
                "buildingType": "Bürogebäude",
                "building_type": [
                    "Bürogebäude"
                ],
                "owner": "private",
                "road": "Ben-Gurion-Ring 119",
                "zip": "60437",
                "startdate": null,
                "enddate": null,
                "text": "Hier der Hinweis auf den Leerstand von 1.400 qm\r\nhttp://www.immobilienscout24.de/expose/75031929",
                "featured": false,
                "shy": false,
                "user_id": "601a4baa-d58b-49c3-86a7-c13f6e63695e",
                "map_id": "fa8b1e4d-f201-448a-afe9-d7e54215a8ec",
                "status": "vacancy"
            }
        },
        {
            "type": "Feature",
            "geometry": {
                "type": "Point",
                "coordinates": [
                    8.6281246,
                    50.115557
                ]
            },
            "properties": {
                "id": "bc50e5e3-0641-4cc1-8d01-3e018e4923cb",
                "created_at": "2014-06-30T15:56:22.000Z",
                "updated_at": "2024-08-20T23:21:58.721Z",
                "since": "2014-06-30T15:56:22.000Z",
                "title": "St Martin Tower",
                "slug": "st-martin-tower",
                "published": true,
                "buildingType": "Bürogebäude",
                "building_type": [
                    "Bürogebäude"
                ],
                "owner": "private",
                "road": "Katharinenkreisel ",
                "zip": "60486",
                "startdate": null,
                "enddate": null,
                "text": "Warum man für das neue Gebäude den Heiligen St. Martin als Namensgeber gewählt hat, ist rätselhaft.\r\nIm Moment gibt es aber offensichtlich noch keinen Nutzer für dieses im Bau befindliche neue Bürogebäude.",
                "featured": false,
                "shy": false,
                "user_id": "601a4baa-d58b-49c3-86a7-c13f6e63695e",
                "map_id": "fa8b1e4d-f201-448a-afe9-d7e54215a8ec",
                "status": "vacancy"
            }
        },
        {
            "type": "Feature",
            "geometry": {
                "type": "Point",
                "coordinates": [
                    8.6753797,
                    50.1262184
                ]
            },
            "properties": {
                "id": "4ef80273-e1c8-4e28-9c81-d7a7eb2fcdae",
                "created_at": "2014-06-24T10:08:22.000Z",
                "updated_at": "2024-09-26T13:06:26.767Z",
                "since": "2014-06-24T10:08:22.000Z",
                "title": "Vogtstraße",
                "slug": "vogtstrasse",
                "published": true,
                "buildingType": "Wohngebäude",
                "building_type": [
                    "Wohngebäude"
                ],
                "owner": "private",
                "road": "Vogtstraße 62",
                "zip": "60322",
                "startdate": null,
                "enddate": null,
                "text": "Eine sehr schöne Villa, scheinbar umfänglich saniert, die seit ewigen Zeiten leer steht. Hin und wieder wurde vor Jahren daran geprödelt, aber seit langem nicht mehr. Sehr begehrte Wohnlage, daher wird viel unternommen, dass sich das ändert. Aber keine Bewegung zu erkennen.",
                "featured": false,
                "shy": false,
                "user_id": "631bf87a-9c27-4719-b132-7be60ece37e3",
                "map_id": "fa8b1e4d-f201-448a-afe9-d7e54215a8ec",
                "status": "vacancy"
            }
        },
        {
            "type": "Feature",
            "geometry": {
                "type": "Point",
                "coordinates": [
                    8.7134523,
                    50.097346
                ]
            },
            "properties": {
                "id": "6a9c686f-76ee-499e-9669-2a8cbdd1460f",
                "created_at": "2014-05-16T18:42:45.000Z",
                "updated_at": "2024-08-20T23:22:04.928Z",
                "since": "2014-05-16T18:42:45.000Z",
                "title": "Einfamilienhaus",
                "slug": "einfamilienhaus-6a9c686f-76ee-499e-9669-2a8cbdd1460f",
                "published": true,
                "buildingType": "Wohngebäude",
                "building_type": [
                    "Wohngebäude"
                ],
                "owner": "private",
                "road": "Alfred-Delp-Straße 33",
                "zip": "60599",
                "startdate": null,
                "enddate": null,
                "text": "Steht seit 2 Jahren leer, wie zwei weitere familiengerechte Häuser in der Siedlung. Echt ne Schande, wo so viele Leute Wohnraum suchen.",
                "featured": false,
                "shy": false,
                "user_id": "030a87af-6b25-44a2-a5d0-19edabf660d7",
                "map_id": "fa8b1e4d-f201-448a-afe9-d7e54215a8ec",
                "status": "vacancy"
            }
        },
        {
            "type": "Feature",
            "geometry": {
                "type": "Point",
                "coordinates": [
                    8.69732,
                    50.12999
                ]
            },
            "properties": {
                "id": "03e578ab-3870-41b2-bbdc-57e4d6380c89",
                "created_at": "2014-04-09T09:12:43.000Z",
                "updated_at": "2024-08-20T23:22:10.645Z",
                "since": "2014-04-09T09:12:43.000Z",
                "title": "Martin-Luther-Straße 67",
                "slug": "martin-luther-strasse-67",
                "published": true,
                "buildingType": "Wohngebäude",
                "building_type": [
                    "Wohngebäude"
                ],
                "owner": "private",
                "road": "Martin-Luther-Straße 67",
                "zip": "60389",
                "startdate": null,
                "enddate": null,
                "text": "3ZW ca. 70 qm. Seit Ende 2013 leer, wird nicht renoviert und auch nicht weitervermietet.",
                "featured": false,
                "shy": false,
                "user_id": "a04895f8-edbe-4c81-b017-95189f08bb38",
                "map_id": "fa8b1e4d-f201-448a-afe9-d7e54215a8ec",
                "status": "vacancy"
            }
        },
        {
            "type": "Feature",
            "geometry": {
                "type": "Point",
                "coordinates": [
                    8.67252,
                    50.13103
                ]
            },
            "properties": {
                "id": "0eb3e3f4-1a2e-41c3-9dae-e24374a4355a",
                "created_at": "2014-02-22T12:23:01.000Z",
                "updated_at": "2024-08-20T23:22:13.680Z",
                "since": "2014-02-22T12:23:01.000Z",
                "title": "Eschersheimer Landstraße 160",
                "slug": "eschersheimer-landstrasse-160",
                "published": true,
                "buildingType": "Bürogebäude",
                "building_type": [
                    "Bürogebäude"
                ],
                "owner": null,
                "road": "Eschersheimer Landstraße 160",
                "zip": "60322",
                "startdate": null,
                "enddate": null,
                "text": "Der ehemalige Modeladen im Erdgeschoss steht seit längerer Zeit leer. Es sind auch keine Renovierungsarbeiten o.ä. zu erkennen.",
                "featured": false,
                "shy": false,
                "user_id": "9efcf9ef-0907-4085-af22-4fb40ff0fb43",
                "map_id": "fa8b1e4d-f201-448a-afe9-d7e54215a8ec",
                "status": "vacancy"
            }
        },
        {
            "type": "Feature",
            "geometry": {
                "type": "Point",
                "coordinates": [
                    8.6386235,
                    50.1238539
                ]
            },
            "properties": {
                "id": "2544a0ae-af93-45d5-8e5f-75db44587a81",
                "created_at": "2014-01-21T13:27:30.000Z",
                "updated_at": "2024-08-20T23:22:20.967Z",
                "since": "2014-01-21T13:27:30.000Z",
                "title": "Friesengasse 16",
                "slug": "friesengasse-16",
                "published": true,
                "buildingType": "Wohngebäude",
                "building_type": [
                    "Wohngebäude"
                ],
                "owner": null,
                "road": "Friesengasse 16",
                "zip": "60487",
                "startdate": null,
                "enddate": null,
                "text": "Die Ladenfläche im Erdgeschoss ist wohl schon länger leer. Ob sie renoviert wird oder einfach nur verbarrikadiert ist konnte ich nicht erkennen.",
                "featured": false,
                "shy": false,
                "user_id": "9efcf9ef-0907-4085-af22-4fb40ff0fb43",
                "map_id": "fa8b1e4d-f201-448a-afe9-d7e54215a8ec",
                "status": "vacancy"
            }
        },
        {
            "type": "Feature",
            "geometry": {
                "type": "Point",
                "coordinates": [
                    8.6266911,
                    50.1259611
                ]
            },
            "properties": {
                "id": "81835893-9cf6-402b-9bfc-fbdc0f612630",
                "created_at": "2014-01-15T13:42:46.000Z",
                "updated_at": "2024-08-20T23:22:21.710Z",
                "since": "2014-01-15T13:42:46.000Z",
                "title": "Elbinger Straße 15",
                "slug": "elbinger-strasse-15",
                "published": true,
                "buildingType": "Bürogebäude",
                "building_type": [
                    "Bürogebäude"
                ],
                "owner": "private",
                "road": "Elbinger Straße 15",
                "zip": "60487",
                "startdate": null,
                "enddate": null,
                "text": "Und noch ein Leerstand in diesem Quartier. Bevor in Bockenheim neue Flächen für Büros ausgewiesen werden, sollten die bestehenden erstmal mobilisiert werden müssen.",
                "featured": false,
                "shy": false,
                "user_id": "601a4baa-d58b-49c3-86a7-c13f6e63695e",
                "map_id": "fa8b1e4d-f201-448a-afe9-d7e54215a8ec",
                "status": "vacancy"
            }
        },
        {
            "type": "Feature",
            "geometry": {
                "type": "Point",
                "coordinates": [
                    8.6389583,
                    50.124004
                ]
            },
            "properties": {
                "id": "7bf968c9-c84c-4f16-bdd9-3a7aba0fff6c",
                "created_at": "2014-01-17T08:54:58.000Z",
                "updated_at": "2024-09-26T13:07:00.274Z",
                "since": "2014-01-17T08:54:58.000Z",
                "title": "Hinterhof von Appelsgasse 1 \u0026 3 / Grempstraße 11 \u0026 13",
                "slug": "hinterhof-von-appelsgasse-1-3-grempstrasse-11-13",
                "published": true,
                "buildingType": "Grünfläche mit ein paar Mauerresten und einer teilweise überdachten Ruine",
                "building_type": [
                    "Grünfläche mit ein paar Mauerresten und einer teilweise überdachten Ruine"
                ],
                "owner": null,
                "road": "Appelsgasse 3",
                "zip": "60487",
                "startdate": null,
                "enddate": null,
                "text": "Die Fläche zwischen der Grempstraße und der Appelsgasse in Höhe der Hausnummer 11/13 der Grempstraße und Höhe Hausnummer 1/3 der Appelsgasse ist eine Brache. Dort stehen nur noch ein paar Mauerreste und die Fläche dient verschiedenen zielichtigen Gestalten als Treffpunkt/Übernachtungsort. Eine ordentliche Begrünung oder eine Bebauung würde hier mit Sicherheit Abhilfe schaffen.",
                "featured": false,
                "shy": false,
                "user_id": "9efcf9ef-0907-4085-af22-4fb40ff0fb43",
                "map_id": "fa8b1e4d-f201-448a-afe9-d7e54215a8ec",
                "status": "vacancy"
            }
        },
        {
            "type": "Feature",
            "geometry": {
                "type": "Point",
                "coordinates": [
                    8.65402,
                    50.11143
                ]
            },
            "properties": {
                "id": "f3b9d926-c910-49f0-b273-b1119838bfa4",
                "created_at": "2013-11-04T18:56:12.000Z",
                "updated_at": "2024-08-20T23:22:26.568Z",
                "since": "2013-11-04T18:56:12.000Z",
                "title": "Kastor",
                "slug": "kastor",
                "published": true,
                "buildingType": "Bürogebäude",
                "building_type": [
                    "Bürogebäude"
                ],
                "owner": "private",
                "road": "Platz der Einheit 1",
                "zip": "60327",
                "startdate": null,
                "enddate": null,
                "text": "Sowohl im benachbarten Pollux als auch hier im Kastor gibt es derzeit dieser Information nach offenbar Büroraum im Überfluss - in diesem Gebäude mal eben  23.000 Quadratmeter\r\nhttps://gewerbeimmobilien.joneslanglasalle.de/seiten/immobilien.aspx?ref=39018",
                "featured": false,
                "shy": false,
                "user_id": "5e957df7-36fd-40e5-9a25-bf356c21978f",
                "map_id": "fa8b1e4d-f201-448a-afe9-d7e54215a8ec",
                "status": "vacancy"
            }
        },
        {
            "type": "Feature",
            "geometry": {
                "type": "Point",
                "coordinates": [
                    8.6649633,
                    50.1113688
                ]
            },
            "properties": {
                "id": "344d97be-921d-4647-b391-34e625180a97",
                "created_at": "2013-11-04T19:04:32.000Z",
                "updated_at": "2024-09-26T13:06:47.971Z",
                "since": "2013-11-04T19:04:32.000Z",
                "title": "FBC",
                "slug": "fbc",
                "published": true,
                "buildingType": "Bürogebäude",
                "building_type": [
                    "Bürogebäude"
                ],
                "owner": "private",
                "road": "Mainzer Landstraße 46",
                "zip": "60329",
                "startdate": null,
                "enddate": null,
                "text": "Hier stand offenbar schon immer mal ein Teil leer:\r\nhttp://de.wikipedia.org/wiki/Frankfurter_B%C3%BCro_Center\r\nDerzeit sind es knapp 19.000 Quadratmeter:\r\nhttps://gewerbeimmobilien.joneslanglasalle.de/seiten/immobilien.aspx?ref=41291",
                "featured": false,
                "shy": false,
                "user_id": "5e957df7-36fd-40e5-9a25-bf356c21978f",
                "map_id": "fa8b1e4d-f201-448a-afe9-d7e54215a8ec",
                "status": "vacancy"
            }
        },
        {
            "type": "Feature",
            "geometry": {
                "type": "Point",
                "coordinates": [
                    8.5992542,
                    50.1271095
                ]
            },
            "properties": {
                "id": "5720a328-0c01-4e43-a4ac-0b040351ec2a",
                "created_at": "2013-10-23T20:17:15.000Z",
                "updated_at": "2024-08-20T23:22:27.788Z",
                "since": "2013-10-23T20:17:15.000Z",
                "title": "Wolf-Heidenheim-Straße 12",
                "slug": "wolf-heidenheim-strasse-12",
                "published": true,
                "buildingType": "Bürogebäude",
                "building_type": [
                    "Bürogebäude"
                ],
                "owner": "private",
                "road": "Wolf-Heidenheim-Straße 12",
                "zip": "60489",
                "startdate": null,
                "enddate": null,
                "text": "Ein fünfgeschossiges Bürogebäude mit 3100 qm steht leer. http://www.immobilienscout24.de/expose/37988031",
                "featured": false,
                "shy": false,
                "user_id": "601a4baa-d58b-49c3-86a7-c13f6e63695e",
                "map_id": "fa8b1e4d-f201-448a-afe9-d7e54215a8ec",
                "status": "vacancy"
            }
        },
        {
            "type": "Feature",
            "geometry": {
                "type": "Point",
                "coordinates": [
                    8.7629914,
                    50.1310881
                ]
            },
            "properties": {
                "id": "81920ee7-cf44-4c34-b7f3-ac574cd25e61",
                "created_at": "2013-10-23T20:12:56.000Z",
                "updated_at": "2024-08-20T23:22:27.877Z",
                "since": "2013-10-23T20:12:56.000Z",
                "title": "Hanauer Landstraße 523",
                "slug": "hanauer-landstrasse-523",
                "published": true,
                "buildingType": "Bürogebäude",
                "building_type": [
                    "Bürogebäude"
                ],
                "owner": "private",
                "road": "Hanauer Landstraße 523",
                "zip": "60314",
                "startdate": null,
                "enddate": null,
                "text": "Und nochmal über 1000 qm.\r\nhttp://www.immobilienscout24.de/expose/32193320",
                "featured": false,
                "shy": false,
                "user_id": "601a4baa-d58b-49c3-86a7-c13f6e63695e",
                "map_id": "fa8b1e4d-f201-448a-afe9-d7e54215a8ec",
                "status": "vacancy"
            }
        },
        {
            "type": "Feature",
            "geometry": {
                "type": "Point",
                "coordinates": [
                    8.650652,
                    50.1135291
                ]
            },
            "properties": {
                "id": "e106c47c-ac7b-409c-95a7-1f1f4a5761d9",
                "created_at": "2013-10-22T21:41:01.000Z",
                "updated_at": "2024-08-20T23:22:28.085Z",
                "since": "2013-10-22T21:41:01.000Z",
                "title": "Senckenberg Carré",
                "slug": "senckenberg-carre",
                "published": true,
                "buildingType": "Bürogebäude",
                "building_type": [
                    "Bürogebäude"
                ],
                "owner": "private",
                "road": "Ludwig-Erhard-Anlage ",
                "zip": null,
                "startdate": null,
                "enddate": null,
                "text": "Im Erdgeschoss befindet sich eine Postfiliale.\r\nAber darüber hinaus gibt es kaum eine Nutzung.\r\nAngeboten werden Flächen als Einzelbüros oder Gruppenbüros in Teil zwei dieser Annonce:\r\nhttp://www.immobilienscout24.de/expose/71499538\r\n",
                "featured": false,
                "shy": false,
                "user_id": "089638ac-aae1-4cd6-b678-519578f1e011",
                "map_id": "fa8b1e4d-f201-448a-afe9-d7e54215a8ec",
                "status": "vacancy"
            }
        },
        {
            "type": "Feature",
            "geometry": {
                "type": "Point",
                "coordinates": [
                    8.67307,
                    50.11341
                ]
            },
            "properties": {
                "id": "fce72314-7604-41cc-9742-221d2fd2ef63",
                "created_at": "2013-10-22T21:16:39.000Z",
                "updated_at": "2024-09-26T13:08:20.603Z",
                "since": "2013-10-22T21:16:39.000Z",
                "title": "Junghofstraße 18",
                "slug": "junghofstrasse-18",
                "published": true,
                "buildingType": "Bürogebäude",
                "building_type": [
                    "Bürogebäude"
                ],
                "owner": "private",
                "road": "Junghofstraße 18",
                "zip": "60311",
                "startdate": null,
                "enddate": null,
                "text": "Ganz eindeutig ist es nicht, wie viel hier leersteht. \r\nInsgesamt sicher ein großer Gebäudekomplex und viel neue leere Fläche - aber offenbar hat sich bei Immoscout jemand vertan, denn über 2 Mio. Quadratmeter hat selbst dieses Gebäude mit seinen sieben Etagen nicht.\r\nhttp://www.immobilienscout24.de/expose/69101193",
                "featured": false,
                "shy": false,
                "user_id": "089638ac-aae1-4cd6-b678-519578f1e011",
                "map_id": "fa8b1e4d-f201-448a-afe9-d7e54215a8ec",
                "status": "vacancy"
            }
        },
        {
            "type": "Feature",
            "geometry": {
                "type": "Point",
                "coordinates": [
                    8.67214,
                    50.11254
                ]
            },
            "properties": {
                "id": "d123289a-6b6d-4394-8e5e-12f25b8e7113",
                "created_at": "2013-10-22T21:46:47.000Z",
                "updated_at": "2024-09-26T13:08:20.560Z",
                "since": "2013-10-22T21:46:47.000Z",
                "title": "main tower",
                "slug": "main-tower",
                "published": true,
                "buildingType": "Bürogebäude",
                "building_type": [
                    "Bürogebäude"
                ],
                "owner": "private",
                "road": "Neue Mainzer Straße 52",
                "zip": "60311",
                "startdate": null,
                "enddate": null,
                "text": "Aus der Beschreibung wird nicht ganz deutlich, wieviel Leerstand hier besteht. \r\nInsgesamt hat das Gebäude wohl 34.500 Quadratmeter und es gibt Flächen ab 1150 Quadratmeter.\r\nAber komplett genutzt ist es jedenfalls auch nicht.\r\nhttp://www.immobilienscout24.de/expose/71461120\r\n",
                "featured": false,
                "shy": false,
                "user_id": "089638ac-aae1-4cd6-b678-519578f1e011",
                "map_id": "fa8b1e4d-f201-448a-afe9-d7e54215a8ec",
                "status": "vacancy"
            }
        },
        {
            "type": "Feature",
            "geometry": {
                "type": "Point",
                "coordinates": [
                    8.63627,
                    50.1152
                ]
            },
            "properties": {
                "id": "d50ec3a9-340c-4434-95c9-15f56a995d9d",
                "created_at": "2013-10-22T21:52:08.000Z",
                "updated_at": "2024-09-26T13:06:48.341Z",
                "since": "2013-10-22T21:52:08.000Z",
                "title": "Theodor-Heuss-Allee 98",
                "slug": "theodor-heuss-allee-98",
                "published": true,
                "buildingType": "Bürogebäude",
                "building_type": [
                    "Bürogebäude"
                ],
                "owner": "private",
                "road": "Theodor-Heuss-Allee 98",
                "zip": "60486",
                "startdate": null,
                "enddate": null,
                "text": "http://www.immobilienscout24.de/expose/71808059\r\nAuch grade mal 10 Jahre alt, stehen hier zwei kleinere Teilflächen und nochmal 32.000 Quadratmeter leer.\r\n",
                "featured": false,
                "shy": false,
                "user_id": "089638ac-aae1-4cd6-b678-519578f1e011",
                "map_id": "fa8b1e4d-f201-448a-afe9-d7e54215a8ec",
                "status": "vacancy"
            }
        },
        {
            "type": "Feature",
            "geometry": {
                "type": "Point",
                "coordinates": [
                    8.5918114,
                    50.0347198
                ]
            },
            "properties": {
                "id": "e25074bd-9f84-479f-ad1f-d715b6023266",
                "created_at": "2013-10-22T20:49:33.000Z",
                "updated_at": "2024-08-20T23:22:28.201Z",
                "since": "2013-10-22T20:49:33.000Z",
                "title": "Cargo City",
                "slug": "cargo-city",
                "published": true,
                "buildingType": "Gewerbegebäude",
                "building_type": [
                    "Gewerbegebäude"
                ],
                "owner": "private",
                "road": "Ellis Road 30",
                "zip": "60549",
                "startdate": null,
                "enddate": null,
                "text": "Frisch gebaut - gibts offenbar auch in der Cargo City mehr Flächen als gebraucht werden.\r\nhttp://www.immobilienscout24.de/expose/66076953",
                "featured": false,
                "shy": false,
                "user_id": "089638ac-aae1-4cd6-b678-519578f1e011",
                "map_id": "fa8b1e4d-f201-448a-afe9-d7e54215a8ec",
                "status": "vacancy"
            }
        },
        {
            "type": "Feature",
            "geometry": {
                "type": "Point",
                "coordinates": [
                    8.68518,
                    50.11437
                ]
            },
            "properties": {
                "id": "6787b9ba-d55f-46a3-a8eb-a6c90383c53b",
                "created_at": "2013-10-22T20:41:26.000Z",
                "updated_at": "2024-08-20T23:22:28.243Z",
                "since": "2013-10-22T20:41:26.000Z",
                "title": "Zeil 79",
                "slug": "zeil-79",
                "published": true,
                "buildingType": "Bürogebäude",
                "building_type": [
                    "Bürogebäude"
                ],
                "owner": "private",
                "road": "Zeil 79",
                "zip": "60313",
                "startdate": null,
                "enddate": null,
                "text": "Und nochmal knapp 2000 Quadratmeter in bester Lage.\r\nwww.immobilienscout24.de/expose/71832885",
                "featured": false,
                "shy": false,
                "user_id": "089638ac-aae1-4cd6-b678-519578f1e011",
                "map_id": "fa8b1e4d-f201-448a-afe9-d7e54215a8ec",
                "status": "vacancy"
            }
        },
        {
            "type": "Feature",
            "geometry": {
                "type": "Point",
                "coordinates": [
                    8.62675,
                    50.12638
                ]
            },
            "properties": {
                "id": "2dc79f0c-efbb-4d8a-b6d7-cadd134792ba",
                "created_at": "2013-10-22T20:27:55.000Z",
                "updated_at": "2024-08-20T23:22:28.290Z",
                "since": "2013-10-22T20:27:55.000Z",
                "title": "Bürohaus an der Neuen Börse",
                "slug": "burohaus-an-der-neuen-borse",
                "published": true,
                "buildingType": "Bürogebäude",
                "building_type": [
                    "Bürogebäude"
                ],
                "owner": "private",
                "road": "Elbinger Straße 7",
                "zip": "60487",
                "startdate": null,
                "enddate": null,
                "text": "Man könnte vermuten, dass der Leerstand hier eine Folge des Weggangs der Neuen Börse ist - oder auch nicht. Jedenfalls gibt es hier insgesamt rund 4000 Quadratmeter - sehr frisch und quadratisch:\r\nhttp://www.immobilienscout24.de/expose/71399373\r\n\r\nLaut Exposé der Unternehmensgruppe Contraco-Rinck ist das Objekt vermietet.\r\nhttp://www.contraco-rinck.de/uploads/media/Expose_Elbinger_neu_01.pdf\r\n\r\nUnd doch werden weiterhin Mieter gesucht. \r\nhttp://home.immobilienscout24.de/29zU8/expose/61820359  (13.08.2014)\r\n\r\n",
                "featured": false,
                "shy": false,
                "user_id": "089638ac-aae1-4cd6-b678-519578f1e011",
                "map_id": "fa8b1e4d-f201-448a-afe9-d7e54215a8ec",
                "status": "vacancy"
            }
        },
        {
            "type": "Feature",
            "geometry": {
                "type": "Point",
                "coordinates": [
                    8.6964754,
                    50.1178386
                ]
            },
            "properties": {
                "id": "fe05a678-6e18-4b34-9c89-8466b51a1c9d",
                "created_at": "2013-10-04T21:03:26.000Z",
                "updated_at": "2024-09-26T13:07:09.898Z",
                "since": "2013-10-04T21:03:26.000Z",
                "title": "Sandweg 27 Hinterhaus",
                "slug": "sandweg-27-hinterhaus",
                "published": true,
                "buildingType": "Wohngebäude",
                "building_type": [
                    "Wohngebäude"
                ],
                "owner": "private",
                "road": "Sandweg 27",
                "zip": "60316",
                "startdate": null,
                "enddate": null,
                "text": "Wohnraum ca. 140 qm in 1AA Wohnlage, seit 5 Jahren leer und wird vom Eigentumer \"renoviert \", seit 5 Jahren. Die Vermieterfamilie (...) ist sich uneins und kassiert von den übrigen Hausbewohnern nur noch ab, es passiert leider nichts.",
                "featured": false,
                "shy": false,
                "user_id": "78d19a49-bedd-4b18-b691-3c63077003a1",
                "map_id": "fa8b1e4d-f201-448a-afe9-d7e54215a8ec",
                "status": "vacancy"
            }
        },
        {
            "type": "Feature",
            "geometry": {
                "type": "Point",
                "coordinates": [
                    8.65596,
                    50.10781
                ]
            },
            "properties": {
                "id": "e8264548-21a2-42c5-bb6c-63e8b312b409",
                "created_at": "2013-09-16T06:20:47.000Z",
                "updated_at": "2024-08-20T23:22:33.170Z",
                "since": "2013-09-16T06:20:47.000Z",
                "title": "Güterplatz 6",
                "slug": "guterplatz-6",
                "published": true,
                "buildingType": "Bürogebäude",
                "building_type": [
                    "Bürogebäude"
                ],
                "owner": "private",
                "road": "Güterplatz 6",
                "zip": "60327",
                "startdate": null,
                "enddate": null,
                "text": "Vermietungsschild für Büroraum an der Hausfront ",
                "featured": false,
                "shy": false,
                "user_id": "2c988ac3-2a25-4b9f-85e5-1b2f540bd408",
                "map_id": "fa8b1e4d-f201-448a-afe9-d7e54215a8ec",
                "status": "vacancy"
            }
        },
        {
            "type": "Feature",
            "geometry": {
                "type": "Point",
                "coordinates": [
                    8.651414,
                    50.1075741
                ]
            },
            "properties": {
                "id": "d125038c-4c02-45ed-ae89-81c94b772c6e",
                "created_at": "2013-09-16T06:40:57.000Z",
                "updated_at": "2024-08-20T23:22:33.066Z",
                "since": "2013-09-16T06:40:57.000Z",
                "title": "Kölner Strasse 4",
                "slug": "kolner-strasse-4",
                "published": true,
                "buildingType": "Bürogebäude",
                "building_type": [
                    "Bürogebäude"
                ],
                "owner": "private",
                "road": "Kölner Straße 4",
                "zip": "60327",
                "startdate": null,
                "enddate": null,
                "text": "Büroleerstand. Container vor dem Gebäude deuten auf Sanierung.",
                "featured": false,
                "shy": false,
                "user_id": "2c988ac3-2a25-4b9f-85e5-1b2f540bd408",
                "map_id": "fa8b1e4d-f201-448a-afe9-d7e54215a8ec",
                "status": "vacancy"
            }
        },
        {
            "type": "Feature",
            "geometry": {
                "type": "Point",
                "coordinates": [
                    8.63259,
                    50.11559
                ]
            },
            "properties": {
                "id": "6f64360f-37ab-4355-ade6-b6d89de3fed7",
                "created_at": "2013-09-16T09:53:22.000Z",
                "updated_at": "2024-09-26T13:06:36.567Z",
                "since": "2013-09-16T09:53:22.000Z",
                "title": "theodor-heuss-allee 106, Frankfurt am main",
                "slug": "theodor-heuss-allee-106-frankfurt-am-main",
                "published": true,
                "buildingType": "Bürogebäude",
                "building_type": [
                    "Bürogebäude"
                ],
                "owner": "private",
                "road": "Theodor-Heuss-Allee 106",
                "zip": "60486",
                "startdate": null,
                "enddate": null,
                "text": "Um die 10 Jahre alt ist dieses Gebäude - und 10.000 \"hochwertige, exclusive, effiziente\" Quadratmeter stehen leer.\r\nDa braucht man im Stadtteil doch wirklich vorerst keine neuen Büroflächen auszuweisen.\r\n",
                "featured": false,
                "shy": false,
                "user_id": "601a4baa-d58b-49c3-86a7-c13f6e63695e",
                "map_id": "fa8b1e4d-f201-448a-afe9-d7e54215a8ec",
                "status": "vacancy"
            }
        },
        {
            "type": "Feature",
            "geometry": {
                "type": "Point",
                "coordinates": [
                    8.66383,
                    50.11322
                ]
            },
            "properties": {
                "id": "bbc6059a-ede6-450b-97a3-c63a27ccad43",
                "created_at": "2013-09-08T08:34:20.000Z",
                "updated_at": "2024-08-20T23:22:33.862Z",
                "since": "2013-09-08T08:34:20.000Z",
                "title": "Bundesbankwohnungen - Wohnanlage Rüsterstraße",
                "slug": "bundesbankwohnungen-wohnanlage-rusterstrasse",
                "published": true,
                "buildingType": "Wohngebäude",
                "building_type": [
                    "Wohngebäude"
                ],
                "owner": "public",
                "road": "Rüsterstraße 8",
                "zip": "60325",
                "startdate": null,
                "enddate": null,
                "text": "http://sozialinstitut.npage.de/mieterkomitee-bundesbankwohnungen.html - Hier weitere Informationen.\r\nDie Bundesbankwohnanlage Rüsterstr. 8-16 steht zu 30% leer. (Leerstand: 13 Mietwohnungen)",
                "featured": false,
                "shy": false,
                "user_id": "d2f31645-061c-46a4-a232-750fef9a35a7",
                "map_id": "fa8b1e4d-f201-448a-afe9-d7e54215a8ec",
                "status": "vacancy"
            }
        },
        {
            "type": "Feature",
            "geometry": {
                "type": "Point",
                "coordinates": [
                    8.66395,
                    50.11391
                ]
            },
            "properties": {
                "id": "af915d68-a9ef-480d-8bae-c2e23ce59d8c",
                "created_at": "2013-09-08T08:50:11.000Z",
                "updated_at": "2024-08-20T23:22:33.825Z",
                "since": "2013-09-08T08:50:11.000Z",
                "title": "Bundesbankwohnungen - Wohnanlage Guiollettstraße",
                "slug": "bundesbankwohnungen-wohnanlage-guiollettstrasse",
                "published": true,
                "buildingType": "Wohngebäude",
                "building_type": [
                    "Wohngebäude"
                ],
                "owner": "public",
                "road": "Guiollettstraße 43",
                "zip": "60325",
                "startdate": null,
                "enddate": null,
                "text": "http://sozialinstitut.npage.de/mieterkomitee-bundesbankwohnungen.html - Hier weitere Informationen.\r\nDie Bundesbankwohnanlage Guiollettstr. 37-43a steht zu 30% leer. (Leerstand: 21 Mietwohnungen)",
                "featured": false,
                "shy": false,
                "user_id": "d2f31645-061c-46a4-a232-750fef9a35a7",
                "map_id": "fa8b1e4d-f201-448a-afe9-d7e54215a8ec",
                "status": "vacancy"
            }
        },
        {
            "type": "Feature",
            "geometry": {
                "type": "Point",
                "coordinates": [
                    8.656696,
                    50.1487413
                ]
            },
            "properties": {
                "id": "dd0c8ec7-6371-48d1-9211-c7accd99035b",
                "created_at": "2013-09-08T07:28:39.000Z",
                "updated_at": "2024-08-20T23:22:33.901Z",
                "since": "2013-09-08T07:28:39.000Z",
                "title": "Kurhessenstrasse 95",
                "slug": "kurhessenstrasse-95",
                "published": true,
                "buildingType": "Gewerbegebäude",
                "building_type": [
                    "Gewerbegebäude"
                ],
                "owner": "private",
                "road": "Kurhessenstraße 95",
                "zip": "60431",
                "startdate": null,
                "enddate": null,
                "text": "Von dem dortigen Leerstand berichtet die FR am  6.9.2013 im Artikel \"Schild der Schande\" in Eschersheim.",
                "featured": false,
                "shy": false,
                "user_id": "2c988ac3-2a25-4b9f-85e5-1b2f540bd408",
                "map_id": "fa8b1e4d-f201-448a-afe9-d7e54215a8ec",
                "status": "vacancy"
            }
        },
        {
            "type": "Feature",
            "geometry": {
                "type": "Point",
                "coordinates": [
                    8.6457763,
                    50.162305
                ]
            },
            "properties": {
                "id": "5632872c-7ca2-40d9-bb02-70c69fb41eb8",
                "created_at": "2013-09-03T14:50:09.000Z",
                "updated_at": "2024-09-26T13:08:17.761Z",
                "since": "2013-09-03T14:50:09.000Z",
                "title": "Hessestraße 23",
                "slug": "hessestrasse-23",
                "published": true,
                "buildingType": "Wohngebäude",
                "building_type": [
                    "Wohngebäude"
                ],
                "owner": null,
                "road": "Hessestraße 23",
                "zip": "60439",
                "startdate": null,
                "enddate": null,
                "text": "Der sehr schöne, aber leider extrem heruntergekommene Altbau scheint seit längerem zumindest teilweise, evtl sogar komplett, leer zu stehen. Mittlerweile wurde teilweise ein Gerüst am Haus aufgebaut, vllt tut sich nun etwas. Dem Haus wäre es zu wünschen. Auch der Parkplatz dahinter scheint kaum/gar nicht genutzt zu werden und ist heruntergekommen. Hier wäre also Platz für einen Neubau oder einen Garten. ",
                "featured": false,
                "shy": false,
                "user_id": "9efcf9ef-0907-4085-af22-4fb40ff0fb43",
                "map_id": "fa8b1e4d-f201-448a-afe9-d7e54215a8ec",
                "status": "vacancy"
            }
        },
        {
            "type": "Feature",
            "geometry": {
                "type": "Point",
                "coordinates": [
                    8.75869,
                    50.13473
                ]
            },
            "properties": {
                "id": "e2485be0-186b-487b-92bb-7e98a643151b",
                "created_at": "2013-09-02T10:16:57.000Z",
                "updated_at": "2024-08-20T23:22:34.722Z",
                "since": "2013-09-02T10:16:57.000Z",
                "title": "Villa Cassella",
                "slug": "villa-cassella",
                "published": true,
                "buildingType": "Wohngebäude",
                "building_type": [
                    "Wohngebäude"
                ],
                "owner": "private",
                "road": "Birsteiner Straße 41",
                "zip": "60386",
                "startdate": null,
                "enddate": null,
                "text": "sehr schöner Backsteinbau von 1906",
                "featured": false,
                "shy": false,
                "user_id": "b9e90468-b21e-4f11-84c1-ce3699840022",
                "map_id": "fa8b1e4d-f201-448a-afe9-d7e54215a8ec",
                "status": "vacancy"
            }
        },
        {
            "type": "Feature",
            "geometry": {
                "type": "Point",
                "coordinates": [
                    8.5890945,
                    50.089958
                ]
            },
            "properties": {
                "id": "ef48a442-2d30-4a45-b57f-9c70dc3cb5f6",
                "created_at": "2013-08-30T14:30:50.000Z",
                "updated_at": "2024-09-26T13:07:14.262Z",
                "since": "2013-08-30T14:30:50.000Z",
                "title": "Stroofstrasse 50 am Main",
                "slug": "stroofstrasse-50-am-main",
                "published": true,
                "buildingType": "Bürogebäude",
                "building_type": [
                    "Bürogebäude"
                ],
                "owner": "private",
                "road": "Stroofstraße ",
                "zip": "65933",
                "startdate": null,
                "enddate": null,
                "text": "410 qm für kreative (anerkannt von Frankfurt über Radar) Gemeinschaft zum arbeiten und wohnen geeignet.\r\nAteliers im EG. Wohnen im OG.",
                "featured": false,
                "shy": false,
                "user_id": "a5a8ba8b-b65d-4f00-9e08-468ed13edcf9",
                "map_id": "fa8b1e4d-f201-448a-afe9-d7e54215a8ec",
                "status": "vacancy"
            }
        },
        {
            "type": "Feature",
            "geometry": {
                "type": "Point",
                "coordinates": [
                    8.58262,
                    50.12429
                ]
            },
            "properties": {
                "id": "51022b24-38e5-45fa-b662-faadeca3efab",
                "created_at": "2013-08-30T10:40:25.000Z",
                "updated_at": "2024-09-26T13:08:30.757Z",
                "since": "2013-08-30T10:40:25.000Z",
                "title": "Einfamilienhaus Betzdorferstraße",
                "slug": "einfamilienhaus-betzdorferstrasse",
                "published": true,
                "buildingType": "Wohngebäude",
                "building_type": [
                    "Wohngebäude"
                ],
                "owner": "private",
                "road": "Betzdorfer Straße 2",
                "zip": "65936",
                "startdate": null,
                "enddate": null,
                "text": "Es handelt sich bei dem Objekt um ein Einfamilienhaus mit großem Garten, das nunmehr seit über \"20 Jahren\" leer steht.",
                "featured": false,
                "shy": false,
                "user_id": "f9fcaddf-93a6-4b8e-85e9-e9db4879c3dd",
                "map_id": "fa8b1e4d-f201-448a-afe9-d7e54215a8ec",
                "status": "vacancy"
            }
        },
        {
            "type": "Feature",
            "geometry": {
                "type": "Point",
                "coordinates": [
                    8.74056,
                    50.12215
                ]
            },
            "properties": {
                "id": "a304d069-f0c4-498b-8353-75f6bd4b98f9",
                "created_at": "2013-08-29T14:16:23.000Z",
                "updated_at": "2024-08-20T23:22:34.917Z",
                "since": "2013-08-29T14:16:23.000Z",
                "title": "Kein Mangel an Büroflächen",
                "slug": "kein-mangel-an-buroflachen",
                "published": true,
                "buildingType": "Bürogebäude",
                "building_type": [
                    "Bürogebäude"
                ],
                "owner": "private",
                "road": "Hanauer Landstraße 330",
                "zip": "60314",
                "startdate": null,
                "enddate": null,
                "text": "Hier gibt es in verkehrsgünstiger Lage nach wie vor richtig viel Platz zum Büroarbeiten...",
                "featured": false,
                "shy": false,
                "user_id": "5e957df7-36fd-40e5-9a25-bf356c21978f",
                "map_id": "fa8b1e4d-f201-448a-afe9-d7e54215a8ec",
                "status": "vacancy"
            }
        },
        {
            "type": "Feature",
            "geometry": {
                "type": "Point",
                "coordinates": [
                    8.6935225,
                    50.1276131
                ]
            },
            "properties": {
                "id": "7bcf2bdc-81e9-4c8b-83dc-651542f1a4f4",
                "created_at": "2013-08-12T18:23:23.000Z",
                "updated_at": "2024-08-20T23:22:37.963Z",
                "since": "2013-08-12T18:23:23.000Z",
                "title": "Rohrbachstraße 47",
                "slug": "rohrbachstrasse-47",
                "published": true,
                "buildingType": "Wohngebäude",
                "building_type": [
                    "Wohngebäude"
                ],
                "owner": null,
                "road": "Rohrbachstraße 47",
                "zip": "60389",
                "startdate": null,
                "enddate": null,
                "text": "Der Laden im Erdgeschoss steht leer. Ob schon ein Nachmieter gefunden ist konnte ich nicht erkennen. ",
                "featured": false,
                "shy": false,
                "user_id": "9efcf9ef-0907-4085-af22-4fb40ff0fb43",
                "map_id": "fa8b1e4d-f201-448a-afe9-d7e54215a8ec",
                "status": "vacancy"
            }
        },
        {
            "type": "Feature",
            "geometry": {
                "type": "Point",
                "coordinates": [
                    8.6681605,
                    50.1181207
                ]
            },
            "properties": {
                "id": "386df1b4-cb62-4957-8356-01b137f6d051",
                "created_at": "2013-08-12T05:46:28.000Z",
                "updated_at": "2024-09-26T13:06:38.648Z",
                "since": "2013-08-12T05:46:28.000Z",
                "title": "Unterlindau 20 - 28",
                "slug": "unterlindau-20-28",
                "published": true,
                "buildingType": "Wohngebäude",
                "building_type": [
                    "Wohngebäude"
                ],
                "owner": "private",
                "road": "Unterlindau 20",
                "zip": "60323",
                "startdate": null,
                "enddate": null,
                "text": "Es handelt sich um zwei Wohnhäuser der 50er Jahre. Nr. 20 + 22 sind ein Wohnhaus, Nr. 24 - 28 sind das andere, langgestreckte  Wohnhaus. Das Vermietungsschild steht am Gebäude Nr. 20+22. Seit 2011 wird \"saniert\". Zur Zeit steht kein Baugerüst und die Gebäude sind \"enthüllt\". \r\n\r\nNur in der Nr. 26 sind noch alle Wohnungen belegt. Ursprünglich gehörten die Häuser zur Allianz und wurden an eine Privateigentümerin (siehe Vermietungsschild) verkauft. Die gegenüberliegenden Wohnhäuser in der Oberlindau gehören zum selben Komplex. Sie sind älter. Die Vermieterin soll inzwischen für die Altbauwohnung 11 Euro/qm verlangen. Das wäre Wucher.\r\n\r\nHier hätte die Stadt ein Vorkaufsrecht wahrnehmen müssen, damit sozialer Wohnungsbau erhalten bleibt. Es handelt sich um Erbpachtgrundstücke. Es sind Klagen anhängig.\r\n\r\nDer grüne Innenhof wurde durch Tiefgaragen zerstört und nicht wieder hergestellt.\r\n",
                "featured": false,
                "shy": false,
                "user_id": "2c988ac3-2a25-4b9f-85e5-1b2f540bd408",
                "map_id": "fa8b1e4d-f201-448a-afe9-d7e54215a8ec",
                "status": "vacancy"
            }
        },
        {
            "type": "Feature",
            "geometry": {
                "type": "Point",
                "coordinates": [
                    8.648212,
                    50.1166605
                ]
            },
            "properties": {
                "id": "132d44a1-37b3-4a3e-a982-bbbb2bebf624",
                "created_at": "2013-08-12T05:10:31.000Z",
                "updated_at": "2024-09-26T13:06:36.465Z",
                "since": "2013-08-12T05:10:31.000Z",
                "title": "Varrentrappstrasse 75",
                "slug": "varrentrappstrasse-75",
                "published": true,
                "buildingType": "Wohngebäude",
                "building_type": [
                    "Wohngebäude"
                ],
                "owner": null,
                "road": "Varrentrappstraße 75",
                "zip": "60486",
                "startdate": null,
                "enddate": null,
                "text": "Außer einem Kosmetik-Institut herrscht im Haus gähnende Leere.",
                "featured": false,
                "shy": false,
                "user_id": "2c988ac3-2a25-4b9f-85e5-1b2f540bd408",
                "map_id": "fa8b1e4d-f201-448a-afe9-d7e54215a8ec",
                "status": "vacancy"
            }
        },
        {
            "type": "Feature",
            "geometry": {
                "type": "Point",
                "coordinates": [
                    8.68953,
                    50.1316
                ]
            },
            "properties": {
                "id": "7b8f18b0-1679-4e38-bdb7-feb57c170e81",
                "created_at": "2013-08-12T05:36:14.000Z",
                "updated_at": "2024-08-20T23:22:38.184Z",
                "since": "2013-08-12T05:36:14.000Z",
                "title": "Rat-Beil-Strasse 55",
                "slug": "rat-beil-strasse-55",
                "published": true,
                "buildingType": "Wohnen und Büros",
                "building_type": [
                    "Wohnen und Büros"
                ],
                "owner": "private",
                "road": "Rat-Beil-Straße 55",
                "zip": "60318",
                "startdate": null,
                "enddate": null,
                "text": "Am Fenster hängt ein Vermietungsschild.",
                "featured": false,
                "shy": false,
                "user_id": "2c988ac3-2a25-4b9f-85e5-1b2f540bd408",
                "map_id": "fa8b1e4d-f201-448a-afe9-d7e54215a8ec",
                "status": "vacancy"
            }
        },
        {
            "type": "Feature",
            "geometry": {
                "type": "Point",
                "coordinates": [
                    8.6655499,
                    50.1149345
                ]
            },
            "properties": {
                "id": "7bc678e4-cfd5-4802-9dea-49c5c8a00f08",
                "created_at": "2013-07-30T07:02:06.000Z",
                "updated_at": "2024-08-20T23:22:40.231Z",
                "since": "2013-07-30T07:02:06.000Z",
                "title": "Ulmenstrasse 18",
                "slug": "ulmenstrasse-18",
                "published": true,
                "buildingType": "Bürogebäude",
                "building_type": [
                    "Bürogebäude"
                ],
                "owner": "private",
                "road": "Ulmenstraße 18",
                "zip": "60325",
                "startdate": null,
                "enddate": null,
                "text": "Vor der Gründerzeit-Villa ist ein Vermietungsschild.\r\nBewohnbar.",
                "featured": false,
                "shy": false,
                "user_id": "2c988ac3-2a25-4b9f-85e5-1b2f540bd408",
                "map_id": "fa8b1e4d-f201-448a-afe9-d7e54215a8ec",
                "status": "vacancy"
            }
        },
        {
            "type": "Feature",
            "geometry": {
                "type": "Point",
                "coordinates": [
                    8.68514,
                    50.12807
                ]
            },
            "properties": {
                "id": "3cdfbeb7-e9af-4fec-abb7-d53e041c3ce5",
                "created_at": "2013-07-23T07:38:13.000Z",
                "updated_at": "2024-08-20T23:22:40.455Z",
                "since": "2013-07-23T07:38:13.000Z",
                "title": "Nordendstraße 65",
                "slug": "nordendstrasse-65",
                "published": true,
                "buildingType": "Bürogebäude",
                "building_type": [
                    "Bürogebäude"
                ],
                "owner": null,
                "road": "Nordendstraße 65",
                "zip": "60318",
                "startdate": null,
                "enddate": null,
                "text": "In dem Haus steht die linke Ladenfläche, ehemals Zahnkosemtikstudio, leer. Laut dem Schild im Laden ist die Fläche zu vermieten.",
                "featured": false,
                "shy": false,
                "user_id": "9efcf9ef-0907-4085-af22-4fb40ff0fb43",
                "map_id": "fa8b1e4d-f201-448a-afe9-d7e54215a8ec",
                "status": "vacancy"
            }
        },
        {
            "type": "Feature",
            "geometry": {
                "type": "Point",
                "coordinates": [
                    8.6336622,
                    50.1152216
                ]
            },
            "properties": {
                "id": "557dccad-dbb8-4ec3-88e2-9e76697d81c9",
                "created_at": "2013-07-16T15:05:45.000Z",
                "updated_at": "2024-09-26T13:06:48.388Z",
                "since": "2013-07-16T15:05:45.000Z",
                "title": "Theodor-Heuss-Allee 100",
                "slug": "theodor-heuss-allee-100",
                "published": true,
                "buildingType": "Bürogebäude",
                "building_type": [
                    "Bürogebäude"
                ],
                "owner": "private",
                "road": "Theodor-Heuss-Allee 100",
                "zip": "60486",
                "startdate": null,
                "enddate": null,
                "text": "Noch keine zehn Jahre ist das Gebäude alt, aber es gab nun offenbar eine neuere und zentralere Alternative. Die Bank ist umgezogen in Richtung Ludwig-Erhard-Anlage in ein frisch saniertes Gebäude. Nun steht hier einiges an Flächen leer.",
                "featured": false,
                "shy": false,
                "user_id": "601a4baa-d58b-49c3-86a7-c13f6e63695e",
                "map_id": "fa8b1e4d-f201-448a-afe9-d7e54215a8ec",
                "status": "vacancy"
            }
        },
        {
            "type": "Feature",
            "geometry": {
                "type": "Point",
                "coordinates": [
                    8.6532945,
                    50.1167429
                ]
            },
            "properties": {
                "id": "6f683678-8017-42ff-bf47-85e8696dda9d",
                "created_at": "2013-06-20T11:24:33.000Z",
                "updated_at": "2024-09-26T13:07:08.803Z",
                "since": "2013-06-20T11:24:33.000Z",
                "title": "Ex-IVI",
                "slug": "ex-ivi",
                "published": true,
                "buildingType": "",
                "building_type": [
                    ""
                ],
                "owner": "private",
                "road": "Kettenhofweg 130",
                "zip": "60325",
                "startdate": null,
                "enddate": null,
                "text": "Und - was passiert jetzt mit dem Gebäude?",
                "featured": false,
                "shy": false,
                "user_id": "601a4baa-d58b-49c3-86a7-c13f6e63695e",
                "map_id": "fa8b1e4d-f201-448a-afe9-d7e54215a8ec",
                "status": "vacancy"
            }
        },
        {
            "type": "Feature",
            "geometry": {
                "type": "Point",
                "coordinates": [
                    8.624074,
                    50.127637
                ]
            },
            "properties": {
                "id": "45b7dc1e-6117-4304-9eb6-8d1f01c83fdb",
                "created_at": "2013-05-31T16:52:18.000Z",
                "updated_at": "2024-08-20T23:22:45.990Z",
                "since": "2013-05-31T16:52:18.000Z",
                "title": "Königsberger Strasse 27",
                "slug": "konigsberger-strasse-27",
                "published": true,
                "buildingType": "Bürogebäude",
                "building_type": [
                    "Bürogebäude"
                ],
                "owner": "private",
                "road": "Königsberger Straße 27",
                "zip": "60487",
                "startdate": null,
                "enddate": null,
                "text": "Vor dem Bürogebäude im Industriehof steht ein Maklerschild, daß Büros zu vermieten sind.",
                "featured": false,
                "shy": false,
                "user_id": "2c988ac3-2a25-4b9f-85e5-1b2f540bd408",
                "map_id": "fa8b1e4d-f201-448a-afe9-d7e54215a8ec",
                "status": "vacancy"
            }
        },
        {
            "type": "Feature",
            "geometry": {
                "type": "Point",
                "coordinates": [
                    8.6262,
                    50.12884
                ]
            },
            "properties": {
                "id": "f3587d05-b82a-40f0-849e-9b1af8627338",
                "created_at": "2013-05-31T16:56:00.000Z",
                "updated_at": "2024-08-20T23:22:46.034Z",
                "since": "2013-05-31T16:56:00.000Z",
                "title": "Tilsiter Strasse 2",
                "slug": "tilsiter-strasse-2",
                "published": true,
                "buildingType": "Gewerbegebäude",
                "building_type": [
                    "Gewerbegebäude"
                ],
                "owner": "private",
                "road": "Tilsiter Straße 2",
                "zip": "60487",
                "startdate": null,
                "enddate": null,
                "text": "Die Gaststätte steht leer.",
                "featured": false,
                "shy": false,
                "user_id": "2c988ac3-2a25-4b9f-85e5-1b2f540bd408",
                "map_id": "fa8b1e4d-f201-448a-afe9-d7e54215a8ec",
                "status": "vacancy"
            }
        },
        {
            "type": "Feature",
            "geometry": {
                "type": "Point",
                "coordinates": [
                    8.64244,
                    50.11474
                ]
            },
            "properties": {
                "id": "438a9a06-5cee-4898-8048-d30505c2f089",
                "created_at": "2013-06-03T05:22:16.000Z",
                "updated_at": "2024-09-26T13:07:06.525Z",
                "since": "2013-06-03T05:22:16.000Z",
                "title": "Hochhaus an der Theodor-Heusss-Allee",
                "slug": "hochhaus-an-der-theodor-heusss-allee",
                "published": true,
                "buildingType": "Bürogebäude",
                "building_type": [
                    "Bürogebäude"
                ],
                "owner": "private",
                "road": "Theodor-Heuss-Allee 70",
                "zip": "60486",
                "startdate": null,
                "enddate": null,
                "text": "Das Gebäude ist wie so viele in Frankfurt seit es gebaut wurde nicht vollständig genutzt worden.\r\nHier ist der Leerstand inzwischen offenbar so weit vorangeschritten, dass vor der Eingangstür ein großes Schild auf zu vermietende Büroflächen hinweist.",
                "featured": false,
                "shy": false,
                "user_id": "601a4baa-d58b-49c3-86a7-c13f6e63695e",
                "map_id": "fa8b1e4d-f201-448a-afe9-d7e54215a8ec",
                "status": "vacancy"
            }
        },
        {
            "type": "Feature",
            "geometry": {
                "type": "Point",
                "coordinates": [
                    8.6565108,
                    50.1119697
                ]
            },
            "properties": {
                "id": "b682aecc-d0d0-41d5-accc-e67e96265890",
                "created_at": "2013-05-30T15:24:00.000Z",
                "updated_at": "2024-08-20T23:22:46.234Z",
                "since": "2013-05-30T15:24:00.000Z",
                "title": "Friedrich-Ebert-Anlage 36",
                "slug": "friedrich-ebert-anlage-36",
                "published": true,
                "buildingType": "Bürogebäude",
                "building_type": [
                    "Bürogebäude"
                ],
                "owner": "private",
                "road": "Friedrich-Ebert-Anlage 36",
                "zip": "60325",
                "startdate": null,
                "enddate": null,
                "text": "Im EG steht ein Vermietungsschild am Fenster.",
                "featured": false,
                "shy": false,
                "user_id": "2c988ac3-2a25-4b9f-85e5-1b2f540bd408",
                "map_id": "fa8b1e4d-f201-448a-afe9-d7e54215a8ec",
                "status": "vacancy"
            }
        },
        {
            "type": "Feature",
            "geometry": {
                "type": "Point",
                "coordinates": [
                    8.66032,
                    50.11867
                ]
            },
            "properties": {
                "id": "d726d7c6-0c3e-42d4-9e39-8c6d515373b6",
                "created_at": "2013-05-30T15:17:50.000Z",
                "updated_at": "2024-08-20T23:22:46.205Z",
                "since": "2013-05-30T15:17:50.000Z",
                "title": "Bockenheimer Landstrasse 79 - 81 Westend Suites",
                "slug": "bockenheimer-landstrasse-79-81-westend-suites",
                "published": true,
                "buildingType": "Wohngebäude",
                "building_type": [
                    "Wohngebäude"
                ],
                "owner": "private",
                "road": "Bockenheimer Landstraße 79",
                "zip": "60325",
                "startdate": null,
                "enddate": null,
                "text": "Das grundsanierte Gebäude mit teuren Eigentumswohnungen steht sehr leer. Deshalb hat der Eigentümer ein Schild im Garten und weist darauf hin.",
                "featured": false,
                "shy": false,
                "user_id": "2c988ac3-2a25-4b9f-85e5-1b2f540bd408",
                "map_id": "fa8b1e4d-f201-448a-afe9-d7e54215a8ec",
                "status": "vacancy"
            }
        },
        {
            "type": "Feature",
            "geometry": {
                "type": "Point",
                "coordinates": [
                    8.6142986,
                    50.1461145
                ]
            },
            "properties": {
                "id": "89a717a2-c4ac-4f9b-9008-fdcb68bf4cf0",
                "created_at": "2013-05-13T10:28:33.000Z",
                "updated_at": "2024-08-20T23:22:47.577Z",
                "since": "2013-05-13T10:28:33.000Z",
                "title": "Damaschkeanger 150",
                "slug": "damaschkeanger-150",
                "published": true,
                "buildingType": "Wohngebäude",
                "building_type": [
                    "Wohngebäude"
                ],
                "owner": "private",
                "road": "Damaschkeanger 150",
                "zip": "60488",
                "startdate": null,
                "enddate": null,
                "text": "",
                "featured": false,
                "shy": false,
                "user_id": "acbe5e78-faa0-42f1-834d-3402b6cea7f3",
                "map_id": "fa8b1e4d-f201-448a-afe9-d7e54215a8ec",
                "status": "vacancy"
            }
        },
        {
            "type": "Feature",
            "geometry": {
                "type": "Point",
                "coordinates": [
                    8.6794526,
                    50.0913238
                ]
            },
            "properties": {
                "id": "22c05e31-4576-4fb0-b003-19a10e8fbaf5",
                "created_at": "2013-04-24T06:07:09.000Z",
                "updated_at": "2024-08-20T23:22:50.372Z",
                "since": "2013-04-24T06:07:09.000Z",
                "title": "Büroleerstand",
                "slug": "buroleerstand",
                "published": true,
                "buildingType": "Bürogebäude",
                "building_type": [
                    "Bürogebäude"
                ],
                "owner": "private",
                "road": "Ziegelhüttenweg 43",
                "zip": "60598",
                "startdate": null,
                "enddate": null,
                "text": "Zur Abwechslung mal wieder Büroleerstand...",
                "featured": false,
                "shy": false,
                "user_id": "5e957df7-36fd-40e5-9a25-bf356c21978f",
                "map_id": "fa8b1e4d-f201-448a-afe9-d7e54215a8ec",
                "status": "vacancy"
            }
        },
        {
            "type": "Feature",
            "geometry": {
                "type": "Point",
                "coordinates": [
                    8.68366,
                    50.12098
                ]
            },
            "properties": {
                "id": "e787d5a9-7917-4583-95d0-968577fa7067",
                "created_at": "2013-04-20T18:19:54.000Z",
                "updated_at": "2024-08-20T23:22:50.545Z",
                "since": "2013-04-20T18:19:54.000Z",
                "title": "Schleidenstraße 28",
                "slug": "schleidenstrasse-28",
                "published": true,
                "buildingType": "Wohngebäude",
                "building_type": [
                    "Wohngebäude"
                ],
                "owner": "private",
                "road": "Schleidenstraße 28",
                "zip": "60318",
                "startdate": null,
                "enddate": null,
                "text": "Wohnung im vierten Stock steht seit Ende 2009 leer, es sind ca. 105 qm. 4,5 Zimmer,  Küche, Bad",
                "featured": false,
                "shy": false,
                "user_id": "9bb69bd6-6bae-48aa-ba47-e70a0e128b9c",
                "map_id": "fa8b1e4d-f201-448a-afe9-d7e54215a8ec",
                "status": "vacancy"
            }
        },
        {
            "type": "Feature",
            "geometry": {
                "type": "Point",
                "coordinates": [
                    8.6951987,
                    50.1090632
                ]
            },
            "properties": {
                "id": "6abc69e2-8953-44a3-8ce6-8c6bd58d9cf8",
                "created_at": "2013-03-30T10:45:16.000Z",
                "updated_at": "2024-09-26T13:08:20.370Z",
                "since": "2013-03-30T10:45:16.000Z",
                "title": "Oskar-von-Miller-Strasse 10",
                "slug": "oskar-von-miller-strasse-10",
                "published": true,
                "buildingType": "Gewerbegebäude",
                "building_type": [
                    "Gewerbegebäude"
                ],
                "owner": "private",
                "road": "Oskar-von-Miller-Straße 10",
                "zip": "60314",
                "startdate": null,
                "enddate": null,
                "text": "Abriß des Sudfass (Bordell) steht bevor. \r\nNeue Bebauung mit teuren Wohnungen wird angekündigt.\r\nWieder nichts mit sozialem Wohnungsbau.\r\n\r\nsiehe FAZ: http://www.faz.net/aktuell/rhein-main/sudfass-in-frankfurt-elegante-wohnhaeuser-am-ufer-12131866.html\r\nsiehe FR: http://www.fr-online.de/frankfurt/bordell-frankfurt-sudfass-ist-verkauft,1472798,21702738.html",
                "featured": false,
                "shy": false,
                "user_id": "2c988ac3-2a25-4b9f-85e5-1b2f540bd408",
                "map_id": "fa8b1e4d-f201-448a-afe9-d7e54215a8ec",
                "status": "vacancy"
            }
        },
        {
            "type": "Feature",
            "geometry": {
                "type": "Point",
                "coordinates": [
                    8.6673439,
                    50.1226304
                ]
            },
            "properties": {
                "id": "6933b6f7-75ef-401d-bf5b-13d81984d0c2",
                "created_at": "2013-02-25T10:29:00.000Z",
                "updated_at": "2024-09-26T13:06:38.897Z",
                "since": "2013-02-25T10:29:00.000Z",
                "title": "Grüneburgweg 94",
                "slug": "gruneburgweg-94",
                "published": true,
                "buildingType": "Wohngebäude",
                "building_type": [
                    "Wohngebäude"
                ],
                "owner": "private",
                "road": "Grüneburgweg 94",
                "zip": "60323",
                "startdate": null,
                "enddate": null,
                "text": "Das Wohnhaus wirkt entmietet. Die Rolläden sind seit Monaten halb offen, halb geschlossen. Im EG ist noch ein Laden. Wer weiß mehr über das Gebäude? Hier könnten wegen der Uni-Nähe viele Studierende gut wohnen.",
                "featured": false,
                "shy": false,
                "user_id": "2c988ac3-2a25-4b9f-85e5-1b2f540bd408",
                "map_id": "fa8b1e4d-f201-448a-afe9-d7e54215a8ec",
                "status": "vacancy"
            }
        },
        {
            "type": "Feature",
            "geometry": {
                "type": "Point",
                "coordinates": [
                    8.658014,
                    50.1187317
                ]
            },
            "properties": {
                "id": "28d00c61-f9b6-4e80-ab86-e2000d36a6f5",
                "created_at": "2013-02-23T16:57:36.000Z",
                "updated_at": "2024-09-26T13:07:03.744Z",
                "since": "2013-02-23T16:57:36.000Z",
                "title": "Schwindstraße 10",
                "slug": "schwindstrasse-10",
                "published": true,
                "buildingType": "Bürogebäude",
                "building_type": [
                    "Bürogebäude"
                ],
                "owner": "private",
                "road": "Schwindstraße 10",
                "zip": "60325",
                "startdate": null,
                "enddate": null,
                "text": "... und noch mehr exclusive Büroflächen die leerstehen und zu vermieten sind.\r\nHier sind auf 4 Etagen über 800 Quadratmeter frei.\r\nWäre eigentlich ein perfekter Ort und optimale Größe zum Wohnen. \r\n\r\nMehr Infos hier:\r\nhttp://www.immowelt.de/immobilien/immodetail.aspx?gid=8FFB72EBBEF544F8B464BEE01533FAA4",
                "featured": false,
                "shy": false,
                "user_id": "5e957df7-36fd-40e5-9a25-bf356c21978f",
                "map_id": "fa8b1e4d-f201-448a-afe9-d7e54215a8ec",
                "status": "vacancy"
            }
        },
        {
            "type": "Feature",
            "geometry": {
                "type": "Point",
                "coordinates": [
                    8.678383,
                    50.1185708
                ]
            },
            "properties": {
                "id": "247a9377-28bb-41ce-b649-d3a870db31b7",
                "created_at": "2013-02-23T09:27:18.000Z",
                "updated_at": "2024-08-20T23:22:58.104Z",
                "since": "2013-02-23T09:27:18.000Z",
                "title": "Eschersheimer Landstraße 9",
                "slug": "eschersheimer-landstrasse-9",
                "published": true,
                "buildingType": "Bürogebäude",
                "building_type": [
                    "Bürogebäude"
                ],
                "owner": null,
                "road": "Eschersheimer Landstraße 9",
                "zip": "60322",
                "startdate": null,
                "enddate": null,
                "text": "Das Erdgeschossgeschäft (ehemaliges Internet \u0026 Gamecafe) steht seit längerem leer.",
                "featured": false,
                "shy": false,
                "user_id": "9efcf9ef-0907-4085-af22-4fb40ff0fb43",
                "map_id": "fa8b1e4d-f201-448a-afe9-d7e54215a8ec",
                "status": "vacancy"
            }
        },
        {
            "type": "Feature",
            "geometry": {
                "type": "Point",
                "coordinates": [
                    8.6835491,
                    50.1209399
                ]
            },
            "properties": {
                "id": "fb0b680e-6b31-4af7-a05a-b404ab59b7cd",
                "created_at": "2013-02-22T18:33:46.000Z",
                "updated_at": "2024-08-20T23:22:58.310Z",
                "since": "2013-02-22T18:33:46.000Z",
                "title": "Schleidenstraße 26",
                "slug": "schleidenstrasse-26",
                "published": true,
                "buildingType": "Wohngebäude",
                "building_type": [
                    "Wohngebäude"
                ],
                "owner": null,
                "road": "Schleidenstraße 26",
                "zip": "60318",
                "startdate": null,
                "enddate": null,
                "text": "Altbau, mehrere Wohnungen stehen leer.",
                "featured": false,
                "shy": false,
                "user_id": "9bb69bd6-6bae-48aa-ba47-e70a0e128b9c",
                "map_id": "fa8b1e4d-f201-448a-afe9-d7e54215a8ec",
                "status": "vacancy"
            }
        },
        {
            "type": "Feature",
            "geometry": {
                "type": "Point",
                "coordinates": [
                    8.6831087,
                    50.12103
                ]
            },
            "properties": {
                "id": "d811b307-11fd-4b28-941a-0a3056a2b1e8",
                "created_at": "2013-02-22T18:38:32.000Z",
                "updated_at": "2024-08-20T23:22:58.231Z",
                "since": "2013-02-22T18:38:32.000Z",
                "title": "Schleidenstraße 33",
                "slug": "schleidenstrasse-33",
                "published": true,
                "buildingType": "Wohngebäude",
                "building_type": [
                    "Wohngebäude"
                ],
                "owner": null,
                "road": "Schleidenstraße 33",
                "zip": "60318",
                "startdate": null,
                "enddate": null,
                "text": "Altbau, die Wohnung im ersten Stock links steht leer.",
                "featured": false,
                "shy": false,
                "user_id": "9bb69bd6-6bae-48aa-ba47-e70a0e128b9c",
                "map_id": "fa8b1e4d-f201-448a-afe9-d7e54215a8ec",
                "status": "vacancy"
            }
        },
        {
            "type": "Feature",
            "geometry": {
                "type": "Point",
                "coordinates": [
                    8.6586996,
                    50.1001507
                ]
            },
            "properties": {
                "id": "9717d137-c6ef-4966-96d4-e08cc91925b2",
                "created_at": "2013-02-15T14:23:36.000Z",
                "updated_at": "2024-08-20T23:22:59.371Z",
                "since": "2013-02-15T14:23:36.000Z",
                "title": "Zanderstrasse 7",
                "slug": "zanderstrasse-7",
                "published": true,
                "buildingType": "Bürogebäude",
                "building_type": [
                    "Bürogebäude"
                ],
                "owner": "private",
                "road": "Zanderstraße 7",
                "zip": "60327",
                "startdate": null,
                "enddate": null,
                "text": "Das Rechenzentrum, das die Stadt für 2,3 Millionen Euro jährlich seit drei Jahren gemietet hat, ist nur zu 15 % ausgelastet. Weiterlesen in der FAZ v. 15.2.2013 \"Rechenzentrum ohne Rechner\".",
                "featured": false,
                "shy": false,
                "user_id": "2c988ac3-2a25-4b9f-85e5-1b2f540bd408",
                "map_id": "fa8b1e4d-f201-448a-afe9-d7e54215a8ec",
                "status": "vacancy"
            }
        },
        {
            "type": "Feature",
            "geometry": {
                "type": "Point",
                "coordinates": [
                    8.6661998,
                    50.1236655
                ]
            },
            "properties": {
                "id": "e3484a66-f569-4c8d-8c39-b95266dc06b1",
                "created_at": "2013-02-12T17:28:08.000Z",
                "updated_at": "2024-09-26T13:07:23.765Z",
                "since": "2013-02-12T17:28:08.000Z",
                "title": "Grüneburgweg 102  Hochhaus am Park",
                "slug": "gruneburgweg-102-hochhaus-am-park",
                "published": true,
                "buildingType": "Bürogebäude",
                "building_type": [
                    "Bürogebäude"
                ],
                "owner": "private",
                "road": "Grüneburgweg 102",
                "zip": "60323",
                "startdate": null,
                "enddate": null,
                "text": "Das Bürohochhaus gegenüber dem Uni-Campus Westend, der Bau war eine Immobilien-Skandal-Geschichte im Westend, steht so gut wie leer. Nur wenige Etagen sind an einem ganz normalen Arbeitstag in den Abendstunden beleuchtet, wie auf dem Foto gut zu erkennen ist.",
                "featured": false,
                "shy": false,
                "user_id": "2c988ac3-2a25-4b9f-85e5-1b2f540bd408",
                "map_id": "fa8b1e4d-f201-448a-afe9-d7e54215a8ec",
                "status": "vacancy"
            }
        },
        {
            "type": "Feature",
            "geometry": {
                "type": "Point",
                "coordinates": [
                    8.725741,
                    50.115886
                ]
            },
            "properties": {
                "id": "e27b01d5-6a5d-439b-a5b2-8a7e6117db24",
                "created_at": "2013-02-12T09:27:25.000Z",
                "updated_at": "2024-08-20T23:22:59.577Z",
                "since": "2013-02-12T09:27:25.000Z",
                "title": "Waschbetonpalast",
                "slug": "waschbetonpalast",
                "published": true,
                "buildingType": "Bürogebäude",
                "building_type": [
                    "Bürogebäude"
                ],
                "owner": "private",
                "road": "Hanauer Landstraße 216",
                "zip": "60314",
                "startdate": null,
                "enddate": null,
                "text": "Im Erdgeschoss kann man Möbel kaufen, aber alle Büroetagen darüber stehen alle leer.\r\nSchön ist das Gebäude sicher nicht, denn es sieht schmutzig und verkommen aus. Aber als es neu gebaut war, war es sicher etwas Besonderes.",
                "featured": false,
                "shy": false,
                "user_id": "5e957df7-36fd-40e5-9a25-bf356c21978f",
                "map_id": "fa8b1e4d-f201-448a-afe9-d7e54215a8ec",
                "status": "vacancy"
            }
        },
        {
            "type": "Feature",
            "geometry": {
                "type": "Point",
                "coordinates": [
                    8.67206,
                    50.121339999999996
                ]
            },
            "properties": {
                "id": "36f98a08-8381-48e4-8f43-0d504a2c21bb",
                "created_at": "2013-02-12T17:18:55.000Z",
                "updated_at": "2024-08-20T23:22:59.530Z",
                "since": "2013-02-12T17:18:55.000Z",
                "title": "Grüneburgweg 16 - 18 Westend-Carree",
                "slug": "gruneburgweg-16-18-westend-carree",
                "published": true,
                "buildingType": "Bürogebäude",
                "building_type": [
                    "Bürogebäude"
                ],
                "owner": "private",
                "road": "Grüneburgweg 16",
                "zip": "60322",
                "startdate": null,
                "enddate": null,
                "text": "In den oberen Etagen ist Leerstand.",
                "featured": false,
                "shy": false,
                "user_id": "2c988ac3-2a25-4b9f-85e5-1b2f540bd408",
                "map_id": "fa8b1e4d-f201-448a-afe9-d7e54215a8ec",
                "status": "vacancy"
            }
        },
        {
            "type": "Feature",
            "geometry": {
                "type": "Point",
                "coordinates": [
                    8.666874,
                    50.1222682
                ]
            },
            "properties": {
                "id": "c1a52710-01b0-429a-91f5-541986429acd",
                "created_at": "2013-02-10T10:34:50.000Z",
                "updated_at": "2024-09-26T13:06:38.698Z",
                "since": "2013-02-10T10:34:50.000Z",
                "title": "Unterlindau 83 - 85",
                "slug": "unterlindau-83-85",
                "published": true,
                "buildingType": "Wohngebäude",
                "building_type": [
                    "Wohngebäude"
                ],
                "owner": "private",
                "road": "Unterlindau 83",
                "zip": "60323",
                "startdate": null,
                "enddate": null,
                "text": "Die Rolläden im EG sind schon seit Monaten geschlossen. Das deutet auf fehlende Nutzung hin. ",
                "featured": false,
                "shy": false,
                "user_id": "2c988ac3-2a25-4b9f-85e5-1b2f540bd408",
                "map_id": "fa8b1e4d-f201-448a-afe9-d7e54215a8ec",
                "status": "vacancy"
            }
        },
        {
            "type": "Feature",
            "geometry": {
                "type": "Point",
                "coordinates": [
                    8.6958,
                    50.11543
                ]
            },
            "properties": {
                "id": "482a4718-b889-4ddf-82f3-aecdec24bb94",
                "created_at": "2013-02-07T15:38:34.000Z",
                "updated_at": "2024-08-20T23:23:00.590Z",
                "since": "2013-02-07T15:38:34.000Z",
                "title": "Wohnhaus",
                "slug": "wohnhaus-482a4718-b889-4ddf-82f3-aecdec24bb94",
                "published": true,
                "buildingType": "Wohngebäude",
                "building_type": [
                    "Wohngebäude"
                ],
                "owner": "private",
                "road": "Friedberger Anlage 10",
                "zip": "60314",
                "startdate": null,
                "enddate": null,
                "text": "Erdgeschosswohnung, die seit Jahren leersteht. Privater Vermieter, der es wohl nicht nötig hat....",
                "featured": false,
                "shy": false,
                "user_id": "9a39069f-4fab-4dfe-975a-552ff3cbfe43",
                "map_id": "fa8b1e4d-f201-448a-afe9-d7e54215a8ec",
                "status": "vacancy"
            }
        },
        {
            "type": "Feature",
            "geometry": {
                "type": "Point",
                "coordinates": [
                    8.6974351,
                    50.1295002
                ]
            },
            "properties": {
                "id": "503524d8-d66b-4f4b-9b63-65fc66a71750",
                "created_at": "2013-02-03T17:46:03.000Z",
                "updated_at": "2024-09-26T13:07:24.857Z",
                "since": "2013-02-03T17:46:03.000Z",
                "title": "Martin-Luther-Str. 61",
                "slug": "martin-luther-str-61",
                "published": true,
                "buildingType": "Wohngebäude",
                "building_type": [
                    "Wohngebäude"
                ],
                "owner": "private",
                "road": "Martin-Luther-Straße  61 ",
                "zip": "60389",
                "startdate": null,
                "enddate": null,
                "text": "Den Mietern droht Entmietung, dann drohen Leerstand und Umbau, dann folgt Gentrifizierung. \r\nIn den Fenstern hängen die Pressenachrichten dazu.\r\n\r\nFR am 20.3.2013 \"Gegen Gentrifizierung. Nordend. Solidarität mit Martin-Luther-Str. 61\"\r\n\r\nsiehe auch Ortsbeirat 3 Aktivitäten\r\n\r\nsiehe auch auf Leerstandsmelder Böttgerstraße 18",
                "featured": false,
                "shy": false,
                "user_id": "2c988ac3-2a25-4b9f-85e5-1b2f540bd408",
                "map_id": "fa8b1e4d-f201-448a-afe9-d7e54215a8ec",
                "status": "vacancy"
            }
        },
        {
            "type": "Feature",
            "geometry": {
                "type": "Point",
                "coordinates": [
                    8.6803298,
                    50.1266587
                ]
            },
            "properties": {
                "id": "bc40aed2-fe04-494a-a771-dc139e46deff",
                "created_at": "2013-02-03T18:01:32.000Z",
                "updated_at": "2024-09-26T13:07:31.474Z",
                "since": "2013-02-03T18:01:32.000Z",
                "title": "Annastrasse 21",
                "slug": "annastrasse-21",
                "published": true,
                "buildingType": "Wohngebäude",
                "building_type": [
                    "Wohngebäude"
                ],
                "owner": "private",
                "road": "Annastraße 21",
                "zip": "60322",
                "startdate": null,
                "enddate": null,
                "text": "Tag und Nacht sind die Rolläden geschlossen. Wer weiß mehr?",
                "featured": false,
                "shy": false,
                "user_id": "2c988ac3-2a25-4b9f-85e5-1b2f540bd408",
                "map_id": "fa8b1e4d-f201-448a-afe9-d7e54215a8ec",
                "status": "vacancy"
            }
        },
        {
            "type": "Feature",
            "geometry": {
                "type": "Point",
                "coordinates": [
                    8.6819805,
                    50.1268031
                ]
            },
            "properties": {
                "id": "705a03d8-f0d0-41c0-aacf-8ef18e759c7f",
                "created_at": "2013-02-03T17:59:31.000Z",
                "updated_at": "2024-08-20T23:23:01.782Z",
                "since": "2013-02-03T17:59:31.000Z",
                "title": "Lichtensteinstrasse 1",
                "slug": "lichtensteinstrasse-1",
                "published": true,
                "buildingType": "Wohngebäude",
                "building_type": [
                    "Wohngebäude"
                ],
                "owner": "private",
                "road": "Lichtensteinstraße 1",
                "zip": "60322",
                "startdate": null,
                "enddate": null,
                "text": "Vor dem Haus steht ein Schild, daß Wohnungen zu vermieten seien.",
                "featured": false,
                "shy": false,
                "user_id": "2c988ac3-2a25-4b9f-85e5-1b2f540bd408",
                "map_id": "fa8b1e4d-f201-448a-afe9-d7e54215a8ec",
                "status": "vacancy"
            }
        },
        {
            "type": "Feature",
            "geometry": {
                "type": "Point",
                "coordinates": [
                    8.67775,
                    50.11374
                ]
            },
            "properties": {
                "id": "29f12078-d339-4d16-b8d2-e13c8665dcfb",
                "created_at": "2013-02-01T16:32:59.000Z",
                "updated_at": "2024-08-20T23:23:01.908Z",
                "since": "2013-02-01T16:32:59.000Z",
                "title": "Hauptwache B-Ebene Laden",
                "slug": "hauptwache-b-ebene-laden",
                "published": true,
                "buildingType": "Gewerbefläche",
                "building_type": [
                    "Gewerbefläche"
                ],
                "owner": "public",
                "road": "An der Hauptwache 15",
                "zip": "60313",
                "startdate": null,
                "enddate": null,
                "text": "Ladenleerstand in der B-Ebene der Hauptwache.",
                "featured": false,
                "shy": false,
                "user_id": "2c988ac3-2a25-4b9f-85e5-1b2f540bd408",
                "map_id": "fa8b1e4d-f201-448a-afe9-d7e54215a8ec",
                "status": "vacancy"
            }
        },
        {
            "type": "Feature",
            "geometry": {
                "type": "Point",
                "coordinates": [
                    8.76413,
                    50.13599
                ]
            },
            "properties": {
                "id": "99ac3792-53f1-47ab-a597-75491d47549e",
                "created_at": "2013-01-31T17:29:12.000Z",
                "updated_at": "2024-08-20T23:23:01.970Z",
                "since": "2013-01-31T17:29:12.000Z",
                "title": "Vilbeler Landstrasse 36",
                "slug": "vilbeler-landstrasse-36",
                "published": true,
                "buildingType": "Gewerbegebäude",
                "building_type": [
                    "Gewerbegebäude"
                ],
                "owner": "private",
                "road": "Vilbeler Landstraße 36",
                "zip": "60386",
                "startdate": null,
                "enddate": null,
                "text": "In dem attraktiven alten Gewerbegebäude in Fechenheim  nahe der Mainkur werden Gewerbeflächen angeboten.",
                "featured": false,
                "shy": false,
                "user_id": "2c988ac3-2a25-4b9f-85e5-1b2f540bd408",
                "map_id": "fa8b1e4d-f201-448a-afe9-d7e54215a8ec",
                "status": "vacancy"
            }
        },
        {
            "type": "Feature",
            "geometry": {
                "type": "Point",
                "coordinates": [
                    8.69687,
                    50.11301
                ]
            },
            "properties": {
                "id": "ee98d64a-0ae8-4ec4-bf44-3cf27b6fbf09",
                "created_at": "2013-01-29T08:50:14.000Z",
                "updated_at": "2024-08-20T23:23:02.113Z",
                "since": "2013-01-29T08:50:14.000Z",
                "title": "Hanauer Landstraße 14",
                "slug": "hanauer-landstrasse-14",
                "published": true,
                "buildingType": "Wohngebäude",
                "building_type": [
                    "Wohngebäude"
                ],
                "owner": null,
                "road": "Hanauer Landstraße 14",
                "zip": null,
                "startdate": null,
                "enddate": null,
                "text": "Das Erdgeschoss mutiert zur Plakatwand, dahinter befindet sich anscheinend ein Ladengeschäft.\r\nOb das Obergeschoss genutzt wird, ist nicht ersichtlich.\r\nUmbauen wäre denkbar, denn auf der anderen Seite suchen Menschen händeringend nach Wohnraum. \r\nStreetview ist leider ungenau. Man muss nach links - die Uhlandstraße entlang und dann nach rechts abbiegen.\r\n",
                "featured": false,
                "shy": false,
                "user_id": "5e957df7-36fd-40e5-9a25-bf356c21978f",
                "map_id": "fa8b1e4d-f201-448a-afe9-d7e54215a8ec",
                "status": "vacancy"
            }
        },
        {
            "type": "Feature",
            "geometry": {
                "type": "Point",
                "coordinates": [
                    8.658863,
                    50.110637
                ]
            },
            "properties": {
                "id": "4f3752eb-1bd4-4cfe-b339-a522d407da9b",
                "created_at": "2013-01-27T15:22:13.000Z",
                "updated_at": "2024-09-26T13:07:07.528Z",
                "since": "2013-01-27T15:22:13.000Z",
                "title": "Friedrich-Ebert-Anlage 18",
                "slug": "friedrich-ebert-anlage-18",
                "published": true,
                "buildingType": "Bürogebäude",
                "building_type": [
                    "Bürogebäude"
                ],
                "owner": "private",
                "road": "Friedrich-Ebert-Anlage 18",
                "zip": "60325",
                "startdate": null,
                "enddate": null,
                "text": "Vor dem Gründerzeithaus steht ein Plakat mit FreiRaum und daß Räume zu vermieten seien.",
                "featured": false,
                "shy": false,
                "user_id": "2c988ac3-2a25-4b9f-85e5-1b2f540bd408",
                "map_id": "fa8b1e4d-f201-448a-afe9-d7e54215a8ec",
                "status": "vacancy"
            }
        },
        {
            "type": "Feature",
            "geometry": {
                "type": "Point",
                "coordinates": [
                    8.6912901,
                    50.0917626
                ]
            },
            "properties": {
                "id": "28a25b10-99ad-4c37-a9fb-5e960cc6acf0",
                "created_at": "2013-01-26T17:26:53.000Z",
                "updated_at": "2024-08-20T23:23:02.742Z",
                "since": "2013-01-26T17:26:53.000Z",
                "title": "Darmstädter Landstrasse 382, 384, 386",
                "slug": "darmstadter-landstrasse-382-384-386",
                "published": true,
                "buildingType": "Wohngebäude",
                "building_type": [
                    "Wohngebäude"
                ],
                "owner": "private",
                "road": "Darmstädter Landstraße 382",
                "zip": "60598",
                "startdate": null,
                "enddate": null,
                "text": "In den drei neuen Wohngebäuden in Sachsenhausen direkt unter der Einflugschneise der Nordwest-Landebahn gibt es Wohnungsleerstand, heißt es auf dem Plakat am Zaun.",
                "featured": false,
                "shy": false,
                "user_id": "2c988ac3-2a25-4b9f-85e5-1b2f540bd408",
                "map_id": "fa8b1e4d-f201-448a-afe9-d7e54215a8ec",
                "status": "vacancy"
            }
        },
        {
            "type": "Feature",
            "geometry": {
                "type": "Point",
                "coordinates": [
                    8.6580192,
                    50.1103142
                ]
            },
            "properties": {
                "id": "ad867c2e-1972-4812-9329-039f8c3771de",
                "created_at": "2013-01-27T15:18:38.000Z",
                "updated_at": "2024-09-26T13:07:07.477Z",
                "since": "2013-01-27T15:18:38.000Z",
                "title": "Friedrich-Ebert-Anlage 13 - 31",
                "slug": "friedrich-ebert-anlage-13-31",
                "published": true,
                "buildingType": "Bürogebäude",
                "building_type": [
                    "Bürogebäude"
                ],
                "owner": null,
                "road": "Friedrich-Ebert-Anlage 13",
                "zip": "60327",
                "startdate": null,
                "enddate": null,
                "text": "Das zwischen Matthäuskirche und Polizeipräsidium liegende Verwaltungsgebäude, einst ein Ernst-May-Bau, doch völlig verunstaltet, steht seit langem leer.",
                "featured": false,
                "shy": false,
                "user_id": "2c988ac3-2a25-4b9f-85e5-1b2f540bd408",
                "map_id": "fa8b1e4d-f201-448a-afe9-d7e54215a8ec",
                "status": "vacancy"
            }
        },
        {
            "type": "Feature",
            "geometry": {
                "type": "Point",
                "coordinates": [
                    8.6903484,
                    50.1137686
                ]
            },
            "properties": {
                "id": "960bdcd0-e148-4edb-b794-c1b6bd881f5c",
                "created_at": "2013-01-26T07:30:34.000Z",
                "updated_at": "2024-08-20T23:23:03.096Z",
                "since": "2013-01-26T07:30:34.000Z",
                "title": "Breite Gasse 1",
                "slug": "breite-gasse-1",
                "published": true,
                "buildingType": "Brachfläche, Parkplatz",
                "building_type": [
                    "Brachfläche, Parkplatz"
                ],
                "owner": null,
                "road": "Breite Gasse 1",
                "zip": "60313",
                "startdate": null,
                "enddate": null,
                "text": "Der Autoparkplatz mitten in der Innenstadt im Dreieck Breite Gasse und Albusstraße könnte mit sozialem Wohnungsbau punkten. Es gibt kein Fluglärm-Problem. Die öffentlichen Verkehrsmittel sind mit kurzem Weg erreichbar. Schräg gegenüber liegt das Amt für Gesundheit, eine gute Adresse. MIr ist momentan nicht bekannt, was bei der Diskussion des Innenstadtkonzeptes vor zwei Jahren Ergebnis für dieses Grundstück war.",
                "featured": false,
                "shy": false,
                "user_id": "2c988ac3-2a25-4b9f-85e5-1b2f540bd408",
                "map_id": "fa8b1e4d-f201-448a-afe9-d7e54215a8ec",
                "status": "vacancy"
            }
        },
        {
            "type": "Feature",
            "geometry": {
                "type": "Point",
                "coordinates": [
                    8.6911236,
                    50.1138547
                ]
            },
            "properties": {
                "id": "28aeae3f-1dbd-4296-995b-53f587043b21",
                "created_at": "2013-01-26T07:42:30.000Z",
                "updated_at": "2024-09-26T13:07:10.037Z",
                "since": "2013-01-26T07:42:30.000Z",
                "title": "Breite Gasse 10",
                "slug": "breite-gasse-10",
                "published": true,
                "buildingType": "Leerflächen und Industriebrache",
                "building_type": [
                    "Leerflächen und Industriebrache"
                ],
                "owner": null,
                "road": "Breite Gasse 10",
                "zip": "60313",
                "startdate": null,
                "enddate": null,
                "text": "Gnadenlose Verdichtung soll nicht sein, doch gibt es hier an der Breite Gasse 10 ff. Flächen, bei denen eine Umwandlung in eine Wohnungsbebauung denkbar wäre. Es gilt der Bebauungsplan B 546, der auch dem Bau des Amtes für Gesundheit Breite Gasse 28, ehem. Herzzentrum, zugrunde liegt. Jetzt herrscht Hinterhof-Atmosphäre. Der wichtige Baumbestand ist im B 546 enthalten. Was war im Innenstadt-Konzept angedacht?",
                "featured": false,
                "shy": false,
                "user_id": "2c988ac3-2a25-4b9f-85e5-1b2f540bd408",
                "map_id": "fa8b1e4d-f201-448a-afe9-d7e54215a8ec",
                "status": "vacancy"
            }
        },
        {
            "type": "Feature",
            "geometry": {
                "type": "Point",
                "coordinates": [
                    8.66344,
                    50.19022
                ]
            },
            "properties": {
                "id": "0dd42402-4155-444f-b91f-026999f7b6c9",
                "created_at": "2013-01-22T13:50:46.000Z",
                "updated_at": "2024-09-26T13:07:28.836Z",
                "since": "2013-01-22T13:50:46.000Z",
                "title": "Ben-Gurion-Ring 62",
                "slug": "ben-gurion-ring-62",
                "published": true,
                "buildingType": "Bürogebäude",
                "building_type": [
                    "Bürogebäude"
                ],
                "owner": "private",
                "road": "Ben-Gurion-Ring 62",
                "zip": "60437",
                "startdate": null,
                "enddate": null,
                "text": "Das Verwaltungsgebäude steht seit langem leer und ist nun für Wohnungsbau vorgesehen.  Es soll ein Bebauungsplan aufgestellt werden, damit Wohnungen, darunter Sozialwohnungen,  entstehen können. So heißt es in der \r\n\r\nfnp vom 22.1.2013:\r\nhttp://www.fnp.de/fnp/region/lokales/frankfurt/wohnungen-statt-verwaltungshochhaus_rmn01.c.10432031.de.html\r\n\r\nund auf frankfurt.de am 21.1.2013:\r\nhttp://www.frankfurt.de/sixcms/detail.php?id=8440\u0026_ffmpar[_id_inhalt]=13763053\r\nBürgermeister Cunitz bringt neuen Bebauungsplan auf den Weg.\r\nIn Bonames soll ein neues Wohngebiet entstehen",
                "featured": false,
                "shy": false,
                "user_id": "2c988ac3-2a25-4b9f-85e5-1b2f540bd408",
                "map_id": "fa8b1e4d-f201-448a-afe9-d7e54215a8ec",
                "status": "vacancy"
            }
        },
        {
            "type": "Feature",
            "geometry": {
                "type": "Point",
                "coordinates": [
                    8.6619042,
                    50.1210094
                ]
            },
            "properties": {
                "id": "4d0337b2-df29-4279-90f3-ff8fc052dc70",
                "created_at": "2013-01-20T16:43:08.000Z",
                "updated_at": "2024-08-20T23:23:03.692Z",
                "since": "2013-01-20T16:43:08.000Z",
                "title": "Friedrichstrasse 49",
                "slug": "friedrichstrasse-49",
                "published": true,
                "buildingType": "Wohngebäude",
                "building_type": [
                    "Wohngebäude"
                ],
                "owner": "private",
                "road": "Friedrichstraße 49",
                "zip": "60323",
                "startdate": null,
                "enddate": null,
                "text": "In dem Haus sind die Vorhänge immer geschlossen und keine beleuchteten Räume zu sehen. \r\nHier könnten viele Studierende wohnen! Wer kennt die Situation näher?",
                "featured": false,
                "shy": false,
                "user_id": "2c988ac3-2a25-4b9f-85e5-1b2f540bd408",
                "map_id": "fa8b1e4d-f201-448a-afe9-d7e54215a8ec",
                "status": "vacancy"
            }
        },
        {
            "type": "Feature",
            "geometry": {
                "type": "Point",
                "coordinates": [
                    8.6933738,
                    50.1009051
                ]
            },
            "properties": {
                "id": "54a04774-5ae3-4949-9249-ab188d7c22da",
                "created_at": "2013-01-20T15:08:08.000Z",
                "updated_at": "2024-08-20T23:23:03.751Z",
                "since": "2013-01-20T15:08:08.000Z",
                "title": "Hühnerweg 14",
                "slug": "huhnerweg-14",
                "published": true,
                "buildingType": "Wohngebäude",
                "building_type": [
                    "Wohngebäude"
                ],
                "owner": "private",
                "road": "Hühnerweg 14",
                "zip": "60599",
                "startdate": null,
                "enddate": null,
                "text": "In dem Gebäude stehen Wohnungen seit vielen Jahren leer. Darunter beide EG-Wohnungen. Im Erdgeschoss steht seit vielen Jahren Renovierungsmaterial im Fenster das wohl Renovierungstätigkeiten suggerieren sollen. Dies ist aber definitiv nicht so.\r\n\r\nEigentum verpflichtet (Artikel 14 Absatz 2 des Grundgesetzes). - Höchste Zeit, dass die Stadt Frankfurt vor dem Hintergrund explodierender Mieten, diesen Hausbesitzer an seine Pflichten erinnert. Und konkrete Maßnahmen einleitet, um den Leerstand zu beseitigen. Z.B. kommt hier eine Enteignung des Besitzers nach Artikel 14, Absatz 3, GG in Betracht.",
                "featured": false,
                "shy": false,
                "user_id": "e2a32dc7-89c9-4986-89c3-d859f4e80055",
                "map_id": "fa8b1e4d-f201-448a-afe9-d7e54215a8ec",
                "status": "vacancy"
            }
        },
        {
            "type": "Feature",
            "geometry": {
                "type": "Point",
                "coordinates": [
                    8.6438295,
                    50.1072331
                ]
            },
            "properties": {
                "id": "78d04f4a-c2cd-460a-b8b5-0ef2a9984016",
                "created_at": "2013-01-15T11:26:42.000Z",
                "updated_at": "2024-09-26T13:07:07.617Z",
                "since": "2013-01-15T11:26:42.000Z",
                "title": "Wasserturm",
                "slug": "wasserturm",
                "published": true,
                "buildingType": "Wasserturm",
                "building_type": [
                    "Wasserturm"
                ],
                "owner": "private",
                "road": "Günderrodestraße 24",
                "zip": "60327",
                "startdate": null,
                "enddate": null,
                "text": "Auch der Wasserturm erinnert an die Zeiten des alten Güterbahnhofs. Was mit dem Gebäude geschehen soll, ist unklar.\r\nDie Adresse in der Karte stimmt nicht ganz, aber in Streetview sieht man den Turm auf der anderen Seite der Brücke. \r\nSchöne Fotos findet man hier:\r\nhttp://www.deutsches-architektur-forum.de/forum/showpost.php?p=253943\u0026postcount=108",
                "featured": false,
                "shy": false,
                "user_id": "601a4baa-d58b-49c3-86a7-c13f6e63695e",
                "map_id": "fa8b1e4d-f201-448a-afe9-d7e54215a8ec",
                "status": "vacancy"
            }
        },
        {
            "type": "Feature",
            "geometry": {
                "type": "Point",
                "coordinates": [
                    8.6763863,
                    50.1158986
                ]
            },
            "properties": {
                "id": "0f2665c5-7d8d-4b61-a4c8-87d8caed11d2",
                "created_at": "2013-01-06T17:18:41.000Z",
                "updated_at": "2024-08-20T23:23:06.467Z",
                "since": "2013-01-06T17:18:41.000Z",
                "title": "Börsenstrasse 19",
                "slug": "borsenstrasse-19",
                "published": true,
                "buildingType": "Gewerbegebäude",
                "building_type": [
                    "Gewerbegebäude"
                ],
                "owner": "private",
                "road": "Börsenstraße 19",
                "zip": "60313",
                "startdate": null,
                "enddate": null,
                "text": "Die BB-Bank ist im November ausgezogen und hat jetzt eine neue Filiale in der Kaiserstr. 19.\r\nAußer im Dachgeschoß, wo ein Fenster noch beleuchtet ist,  ist kein Leben mehr im Haus.\r\nDas Foto zeigt rechts die Nr. 19 ehem. BB-Bank. \r\nDoch das linke Haus Nr. 17, das direkt neben einer Großbaustelle liegt, ist bewohnt.",
                "featured": false,
                "shy": false,
                "user_id": "2c988ac3-2a25-4b9f-85e5-1b2f540bd408",
                "map_id": "fa8b1e4d-f201-448a-afe9-d7e54215a8ec",
                "status": "vacancy"
            }
        },
        {
            "type": "Feature",
            "geometry": {
                "type": "Point",
                "coordinates": [
                    8.6698197,
                    50.121952
                ]
            },
            "properties": {
                "id": "604f18d0-efab-45f0-8079-0e10d44bce79",
                "created_at": "2013-01-04T15:11:27.000Z",
                "updated_at": "2024-08-20T23:23:06.647Z",
                "since": "2013-01-04T15:11:27.000Z",
                "title": "Grüneburgweg 72",
                "slug": "gruneburgweg-72",
                "published": true,
                "buildingType": "Wohngebäude",
                "building_type": [
                    "Wohngebäude"
                ],
                "owner": "private",
                "road": "Grüneburgweg 72",
                "zip": "60323",
                "startdate": null,
                "enddate": null,
                "text": "In dem Gründerzeitgebäude sind seit vielen Monaten die Rolläden, die sehr schief hängen,  im EG geschlossen. Vermutlich Leerstand, es sei denn, jemand lebt in der Wohnung immer gern im Dunkeln.",
                "featured": false,
                "shy": false,
                "user_id": "2c988ac3-2a25-4b9f-85e5-1b2f540bd408",
                "map_id": "fa8b1e4d-f201-448a-afe9-d7e54215a8ec",
                "status": "vacancy"
            }
        },
        {
            "type": "Feature",
            "geometry": {
                "type": "Point",
                "coordinates": [
                    8.64727,
                    50.11574
                ]
            },
            "properties": {
                "id": "22e533a3-9a66-41ef-a617-b8878feecb45",
                "created_at": "2013-01-03T23:37:09.000Z",
                "updated_at": "2024-08-20T23:23:06.864Z",
                "since": "2013-01-03T23:37:09.000Z",
                "title": "Büroleerstand Hamburger Allee",
                "slug": "buroleerstand-hamburger-allee",
                "published": true,
                "buildingType": "Bürogebäude",
                "building_type": [
                    "Bürogebäude"
                ],
                "owner": "private",
                "road": "Hamburger Allee 26",
                "zip": "60486",
                "startdate": null,
                "enddate": null,
                "text": "Auch hier wird entweder grundsätzlich im Dunklen gearbeitet oder die gesamte Belegschaft darf schon am frühen Nachmittag nach Hause gehen. \r\nNatürlich ist viel wahrscheinlicher: mehr als die Hälfte des Gebäudes steht leer, denn so wie auf dem Foto sieht das Gebäude diesen Winter regelmäßig aus.\r\n\r\n",
                "featured": false,
                "shy": false,
                "user_id": "089638ac-aae1-4cd6-b678-519578f1e011",
                "map_id": "fa8b1e4d-f201-448a-afe9-d7e54215a8ec",
                "status": "vacancy"
            }
        },
        {
            "type": "Feature",
            "geometry": {
                "type": "Point",
                "coordinates": [
                    8.6861117,
                    50.1150036
                ]
            },
            "properties": {
                "id": "2d268c57-4558-404b-ba1b-144a03aa0e44",
                "created_at": "2013-01-03T17:04:31.000Z",
                "updated_at": "2024-08-20T23:23:07.001Z",
                "since": "2013-01-03T17:04:31.000Z",
                "title": "Grosse Friedberger 3",
                "slug": "grosse-friedberger-3",
                "published": true,
                "buildingType": "Gewerbegebäude",
                "building_type": [
                    "Gewerbegebäude"
                ],
                "owner": "private",
                "road": "Große Friedberger Straße 3",
                "zip": "60313",
                "startdate": null,
                "enddate": null,
                "text": "Ein historisches Gebäiude der Henninger-Brauerei mit Pferdeköpfen und Uhr an der Front. Unten \"die amerikanische Botschaft\" McDonalds drin. Oben im Fenster zeigt ein Plakat für Büroraum Leerstand an.",
                "featured": false,
                "shy": false,
                "user_id": "2c988ac3-2a25-4b9f-85e5-1b2f540bd408",
                "map_id": "fa8b1e4d-f201-448a-afe9-d7e54215a8ec",
                "status": "vacancy"
            }
        },
        {
            "type": "Feature",
            "geometry": {
                "type": "Point",
                "coordinates": [
                    8.6492,
                    50.1086674
                ]
            },
            "properties": {
                "id": "786c5586-9203-4fef-a78e-92631105fe60",
                "created_at": "2013-01-03T21:19:35.000Z",
                "updated_at": "2024-08-20T23:23:06.946Z",
                "since": "2013-01-03T21:19:35.000Z",
                "title": "Nagelneuer Büroleerstand",
                "slug": "nagelneuer-buroleerstand",
                "published": true,
                "buildingType": "Bürogebäude",
                "building_type": [
                    "Bürogebäude"
                ],
                "owner": "private",
                "road": "Europa-Allee ",
                "zip": null,
                "startdate": null,
                "enddate": null,
                "text": "Nagelneue Büros stehen hier leer und werden mit Plakat angeboten.\r\nWetten, dass dies nicht die letzten leeren Flächen hier in der Nachbarschaft sein werden?\r\n\r\nWo bleibt der vielbeschworene Marktmechanismus, wenn man ihn mal braucht? \r\nWarum rechnet es sich, hier neuen leeren Büroraum zu bauen, wo schon so viel leer steht?\r\nWarum wird ständig mehr Angebot geschaffen, wo offensichtlich kaum noch neue Nachfrage besteht?",
                "featured": false,
                "shy": false,
                "user_id": "089638ac-aae1-4cd6-b678-519578f1e011",
                "map_id": "fa8b1e4d-f201-448a-afe9-d7e54215a8ec",
                "status": "vacancy"
            }
        },
        {
            "type": "Feature",
            "geometry": {
                "type": "Point",
                "coordinates": [
                    8.6558497,
                    50.1114294
                ]
            },
            "properties": {
                "id": "38d793f6-40be-4c6b-879f-35a6841d71ec",
                "created_at": "2013-01-03T21:31:46.000Z",
                "updated_at": "2024-09-26T13:07:05.256Z",
                "since": "2013-01-03T21:31:46.000Z",
                "title": "Tower 185",
                "slug": "tower-185",
                "published": true,
                "buildingType": "Bürogebäude",
                "building_type": [
                    "Bürogebäude"
                ],
                "owner": "private",
                "road": "Friedrich-Ebert-Anlage 37",
                "zip": "60325",
                "startdate": null,
                "enddate": null,
                "text": "Entweder arbeiten Firmen hier komplett im Dunkeln um Strom zu sparen oder der Firma geht es so gut dass alle Mitarbeiter am frühen Nachmittag schon geschlossen nach Hause gehen dürfen. \r\nWahrscheinlicher ist, dass in diesem recht neuen Gebäude - Tower 185 - schätzungsweise ein Drittel der Flächen einfach nur leer steht.",
                "featured": false,
                "shy": false,
                "user_id": "089638ac-aae1-4cd6-b678-519578f1e011",
                "map_id": "fa8b1e4d-f201-448a-afe9-d7e54215a8ec",
                "status": "vacancy"
            }
        },
        {
            "type": "Feature",
            "geometry": {
                "type": "Point",
                "coordinates": [
                    8.6860747,
                    50.1154578
                ]
            },
            "properties": {
                "id": "6b1446a0-3397-48c2-b5d7-a550c99d3b13",
                "created_at": "2013-01-03T16:57:04.000Z",
                "updated_at": "2024-08-20T23:23:07.149Z",
                "since": "2013-01-03T16:57:04.000Z",
                "title": "Grosse Friedberger  13-17",
                "slug": "grosse-friedberger-13-17",
                "published": true,
                "buildingType": "Gewerbegebäude",
                "building_type": [
                    "Gewerbegebäude"
                ],
                "owner": "private",
                "road": "Große Friedberger Straße 13",
                "zip": "60313",
                "startdate": null,
                "enddate": null,
                "text": "Leerstand im Fenster plakatiert.",
                "featured": false,
                "shy": false,
                "user_id": "2c988ac3-2a25-4b9f-85e5-1b2f540bd408",
                "map_id": "fa8b1e4d-f201-448a-afe9-d7e54215a8ec",
                "status": "vacancy"
            }
        },
        {
            "type": "Feature",
            "geometry": {
                "type": "Point",
                "coordinates": [
                    8.6992635,
                    50.1116437
                ]
            },
            "properties": {
                "id": "390ead5d-55fd-4e57-870a-4fdd849ca2f4",
                "created_at": "2013-01-01T18:22:57.000Z",
                "updated_at": "2024-09-26T13:06:29.556Z",
                "since": "2013-01-01T18:22:57.000Z",
                "title": "Ostendstrasse 45",
                "slug": "ostendstrasse-45",
                "published": true,
                "buildingType": "Bürogebäude",
                "building_type": [
                    "Bürogebäude"
                ],
                "owner": "private",
                "road": "Ostendstraße 45",
                "zip": "60314",
                "startdate": null,
                "enddate": null,
                "text": "Am Bürogebäude ist ein großes Transparent, daß Büroraum zu vermieten sei.",
                "featured": false,
                "shy": false,
                "user_id": "2c988ac3-2a25-4b9f-85e5-1b2f540bd408",
                "map_id": "fa8b1e4d-f201-448a-afe9-d7e54215a8ec",
                "status": "vacancy"
            }
        },
        {
            "type": "Feature",
            "geometry": {
                "type": "Point",
                "coordinates": [
                    8.6659,
                    50.12253
                ]
            },
            "properties": {
                "id": "5c3193a2-2018-40eb-a7a5-fd25edbea0ea",
                "created_at": "2013-01-01T18:32:15.000Z",
                "updated_at": "2024-09-26T13:07:09.475Z",
                "since": "2013-01-01T18:32:15.000Z",
                "title": "Feldbergstrasse 1",
                "slug": "feldbergstrasse-1",
                "published": true,
                "buildingType": "Wohn- oder Gewerbegebäude oder beides",
                "building_type": [
                    "Wohn- oder Gewerbegebäude oder beides"
                ],
                "owner": null,
                "road": "Feldbergstraße 1",
                "zip": "60323",
                "startdate": null,
                "enddate": null,
                "text": "\"DowJones\" steht über der Einfahrt,  ist  aber dort nicht mehr. Der Eingang ist neben dem Gebäude Feldbergstr. 3. Welche der hinteren Gebäude noch wie genutzt werden, ist unklar. Es wäre ein Terrain für eine Kita, da das Gelände über einen großen Hof verfügt. Der Grüneburgpark ist nicht weit zum Austoben.\r\n\r\nEs kommt anders: Das Gebäude wird zu Luxus-Loftwohnungen umgebaut teilt die Bauaufsicht mit.",
                "featured": false,
                "shy": false,
                "user_id": "2c988ac3-2a25-4b9f-85e5-1b2f540bd408",
                "map_id": "fa8b1e4d-f201-448a-afe9-d7e54215a8ec",
                "status": "vacancy"
            }
        },
        {
            "type": "Feature",
            "geometry": {
                "type": "Point",
                "coordinates": [
                    8.62437,
                    50.12054
                ]
            },
            "properties": {
                "id": "92d1825d-d48f-4be4-8c6a-8b48c7f71969",
                "created_at": "2012-12-18T09:24:48.000Z",
                "updated_at": "2024-08-20T23:23:08.128Z",
                "since": "2012-12-18T09:24:48.000Z",
                "title": "Rödelheimer Landstraße 51a",
                "slug": "rodelheimer-landstrasse-51a",
                "published": true,
                "buildingType": "Wohngebäude",
                "building_type": [
                    "Wohngebäude"
                ],
                "owner": "private",
                "road": "Rödelheimer Landstraße 51",
                "zip": "60487",
                "startdate": null,
                "enddate": null,
                "text": "Den Angaben eines Nachbarn zufolge war eine Wohnung letztes Jahr noch bewohnt. Inzwischen sieht es einsturzgefährdet aus und ist leer.",
                "featured": false,
                "shy": false,
                "user_id": "601a4baa-d58b-49c3-86a7-c13f6e63695e",
                "map_id": "fa8b1e4d-f201-448a-afe9-d7e54215a8ec",
                "status": "vacancy"
            }
        },
        {
            "type": "Feature",
            "geometry": {
                "type": "Point",
                "coordinates": [
                    8.6543,
                    50.13604
                ]
            },
            "properties": {
                "id": "6dc0a869-d490-4d16-b859-fb49d5a55094",
                "created_at": "2012-12-18T09:07:27.000Z",
                "updated_at": "2024-09-26T13:06:26.487Z",
                "since": "2012-12-18T09:07:27.000Z",
                "title": "Fernmeldeturm \"Ginnheimer Spargel\"",
                "slug": "fernmeldeturm-ginnheimer-spargel",
                "published": true,
                "buildingType": "Gewerbegebäude",
                "building_type": [
                    "Gewerbegebäude"
                ],
                "owner": null,
                "road": "Ginnheimer Stadtweg 90",
                "zip": "60431",
                "startdate": null,
                "enddate": null,
                "text": "Vor 13 Jahren schloß  das Restaurant mit der Aussichtsplattform im Ginnheimer Spargel. Eine Nutzung ist nicht in Aussicht.\r\n\r\nsiehe dazu fnp 18.12.2012:\r\nhttp://www.fnp.de/fnp/region/lokales/frankfurt/289-meter-ueber-der-stadt_rmn01.c.10386282.de.html\r\n\r\nfaz 28.11.2010:\r\nhttp://www.faz.net/aktuell/rhein-main/frankfurt/frankfurter-fernsehturm-leerstand-auf-hoechstem-niveau-1623414.html",
                "featured": false,
                "shy": false,
                "user_id": "2c988ac3-2a25-4b9f-85e5-1b2f540bd408",
                "map_id": "fa8b1e4d-f201-448a-afe9-d7e54215a8ec",
                "status": "vacancy"
            }
        },
        {
            "type": "Feature",
            "geometry": {
                "type": "Point",
                "coordinates": [
                    8.6637958,
                    50.1121311
                ]
            },
            "properties": {
                "id": "aa78d075-37d6-4c74-a5b5-8ad46fc81622",
                "created_at": "2012-12-18T09:13:51.000Z",
                "updated_at": "2024-08-20T23:23:08.173Z",
                "since": "2012-12-18T09:13:51.000Z",
                "title": "Niedenau 13",
                "slug": "niedenau-13",
                "published": true,
                "buildingType": "Bürogebäude",
                "building_type": [
                    "Bürogebäude"
                ],
                "owner": "private",
                "road": "Niedenau 13",
                "zip": "60325",
                "startdate": null,
                "enddate": null,
                "text": "Hier ist immer mal wieder etwas frei: man sieht es auf streetview und zur Zeit ist den Schildern nach mindestens eine Etage zu vermieten.",
                "featured": false,
                "shy": false,
                "user_id": "601a4baa-d58b-49c3-86a7-c13f6e63695e",
                "map_id": "fa8b1e4d-f201-448a-afe9-d7e54215a8ec",
                "status": "vacancy"
            }
        },
        {
            "type": "Feature",
            "geometry": {
                "type": "Point",
                "coordinates": [
                    8.6666204,
                    50.1099073
                ]
            },
            "properties": {
                "id": "3103943a-e033-4c6f-be12-bdd88f801ed8",
                "created_at": "2012-12-18T08:37:07.000Z",
                "updated_at": "2024-08-20T23:23:08.289Z",
                "since": "2012-12-18T08:37:07.000Z",
                "title": "Elbestraße 48",
                "slug": "elbestrasse-48",
                "published": true,
                "buildingType": "Bürogebäude",
                "building_type": [
                    "Bürogebäude"
                ],
                "owner": "public",
                "road": "Elbestraße 48",
                "zip": "60329",
                "startdate": null,
                "enddate": null,
                "text": "Die ABG Frankfurt Holding wird hier ausziehen. Ein Neubau ist in der Niddastraße geplant. Auch der FAAG Komplex (Tochtergesellschaft der ABG FH) aus der Gutleutstraße 40 im Bahnhofsviertel wird die bisherigen Geschäftsräume verlassen und in die Niddastraße ziehen. Was passiert nach Auszug mit den Gebäuden? Werden sie zu Sozialwohnungen umgebaut?\r\n\r\nweitere Infos in der fnp v. 18.12.2012:\r\nhttp://www.fnp.de/fnp/region/lokales/frankfurt/land-gibt-57-millionen-fuer-bau-von-sozialwohnungen_rmn01.c.10386253.de.html",
                "featured": false,
                "shy": false,
                "user_id": "2c988ac3-2a25-4b9f-85e5-1b2f540bd408",
                "map_id": "fa8b1e4d-f201-448a-afe9-d7e54215a8ec",
                "status": "vacancy"
            }
        },
        {
            "type": "Feature",
            "geometry": {
                "type": "Point",
                "coordinates": [
                    8.66773,
                    50.10573
                ]
            },
            "properties": {
                "id": "22eb4a4d-0a0f-43a6-bb5a-d2a8dd7d502d",
                "created_at": "2012-12-18T08:41:41.000Z",
                "updated_at": "2024-09-26T13:06:37.839Z",
                "since": "2012-12-18T08:41:41.000Z",
                "title": "Gutleutstraße 40",
                "slug": "gutleutstrasse-40",
                "published": true,
                "buildingType": "Bürogebäude",
                "building_type": [
                    "Bürogebäude"
                ],
                "owner": "public",
                "road": "Gutleutstraße 40",
                "zip": "60329",
                "startdate": null,
                "enddate": null,
                "text": "Die Frankfurter Aufbau AG, Tochter der ABG Frankfurt Holding, wird hier ausziehen. Neue Adresse wird zusammen mit der ABG FH ein Neubaukomplex in der Niddastraße werden. Was passiert mit dem Gebäude Gutleut 40? Werden dort Sozialwohnungen zusammen mit Sozialeinrichtungen entstehen?\r\n\r\nsiehe fnp 18.12.2012:\r\nhttp://www.fnp.de/fnp/region/lokales/frankfurt/land-gibt-57-millionen-fuer-bau-von-sozialwohnungen_rmn01.c.10386253.de.html",
                "featured": false,
                "shy": false,
                "user_id": "2c988ac3-2a25-4b9f-85e5-1b2f540bd408",
                "map_id": "fa8b1e4d-f201-448a-afe9-d7e54215a8ec",
                "status": "vacancy"
            }
        },
        {
            "type": "Feature",
            "geometry": {
                "type": "Point",
                "coordinates": [
                    8.67175,
                    50.10574
                ]
            },
            "properties": {
                "id": "aa324038-900c-48ec-bdbe-6907337130d0",
                "created_at": "2012-12-17T18:34:31.000Z",
                "updated_at": "2024-09-26T13:07:06.771Z",
                "since": "2012-12-17T18:34:31.000Z",
                "title": "Untermainkai 23-25",
                "slug": "untermainkai-23-25",
                "published": true,
                "buildingType": "Bürogebäude",
                "building_type": [
                    "Bürogebäude"
                ],
                "owner": "public",
                "road": "Untermainkai 23",
                "zip": "60329",
                "startdate": null,
                "enddate": null,
                "text": "Die Gebäude Untermainkai 23 -25 und Mainluststraße 1-3 und 5-7 stehen derzeit komplett leer. Sie gehören dem Eisenbahnbundesamt. Sie werden zur Zeit saniert. Im Herbst 2013 soll die Sanierung abgeschlossen sein, so daß die Behörde wieder dorthin zurückkehren kann. ",
                "featured": false,
                "shy": false,
                "user_id": "2c988ac3-2a25-4b9f-85e5-1b2f540bd408",
                "map_id": "fa8b1e4d-f201-448a-afe9-d7e54215a8ec",
                "status": "vacancy"
            }
        },
        {
            "type": "Feature",
            "geometry": {
                "type": "Point",
                "coordinates": [
                    8.6682315,
                    50.1533699
                ]
            },
            "properties": {
                "id": "9eef8edc-94e0-48ad-ac58-c29de4afd847",
                "created_at": "2012-12-17T18:22:24.000Z",
                "updated_at": "2024-08-20T23:23:08.426Z",
                "since": "2012-12-17T18:22:24.000Z",
                "title": "Kirchhainer Str. 29",
                "slug": "kirchhainer-str-29",
                "published": true,
                "buildingType": "Wohnen, im EG Läden",
                "building_type": [
                    "Wohnen, im EG Läden"
                ],
                "owner": "public",
                "road": "Kirchhainer Straße 29",
                "zip": "60433",
                "startdate": null,
                "enddate": null,
                "text": "Der Laden im EG steht seit langem leer. Am Haus steht Nassauische Heimstätte.",
                "featured": false,
                "shy": false,
                "user_id": "2c988ac3-2a25-4b9f-85e5-1b2f540bd408",
                "map_id": "fa8b1e4d-f201-448a-afe9-d7e54215a8ec",
                "status": "vacancy"
            }
        },
        {
            "type": "Feature",
            "geometry": {
                "type": "Point",
                "coordinates": [
                    8.6644993,
                    50.1122373
                ]
            },
            "properties": {
                "id": "c4762fce-ee6e-48cd-aeb3-cf5c2b59e05b",
                "created_at": "2012-12-18T09:08:26.000Z",
                "updated_at": "2024-09-26T13:06:38.246Z",
                "since": "2012-12-18T09:08:26.000Z",
                "title": "Niedenau 36",
                "slug": "niedenau-36",
                "published": true,
                "buildingType": "Bürogebäude",
                "building_type": [
                    "Bürogebäude"
                ],
                "owner": "private",
                "road": "Niedenau 36",
                "zip": "60325",
                "startdate": null,
                "enddate": null,
                "text": "Ein Schild weist darauf hin: Auch hier stehen Büros leer und sind zu vermieten.",
                "featured": false,
                "shy": false,
                "user_id": "601a4baa-d58b-49c3-86a7-c13f6e63695e",
                "map_id": "fa8b1e4d-f201-448a-afe9-d7e54215a8ec",
                "status": "vacancy"
            }
        },
        {
            "type": "Feature",
            "geometry": {
                "type": "Point",
                "coordinates": [
                    8.67272,
                    50.10772
                ]
            },
            "properties": {
                "id": "ec720866-f4af-4c42-939c-77012c95dead",
                "created_at": "2012-12-09T16:05:21.000Z",
                "updated_at": "2024-09-26T13:06:37.436Z",
                "since": "2012-12-09T16:05:21.000Z",
                "title": "Untermainanlage 7",
                "slug": "untermainanlage-7",
                "published": true,
                "buildingType": "Gewerbe und Wohnen?",
                "building_type": [
                    "Gewerbe und Wohnen?"
                ],
                "owner": "private",
                "road": "Untermainanlage 7",
                "zip": "60329",
                "startdate": null,
                "enddate": null,
                "text": "In einem oberen Stockwerk ist ein Vermietungsschild aufgehängt.\r\n\r\n",
                "featured": false,
                "shy": false,
                "user_id": "2c988ac3-2a25-4b9f-85e5-1b2f540bd408",
                "map_id": "fa8b1e4d-f201-448a-afe9-d7e54215a8ec",
                "status": "vacancy"
            }
        },
        {
            "type": "Feature",
            "geometry": {
                "type": "Point",
                "coordinates": [
                    8.6569753,
                    50.1203339
                ]
            },
            "properties": {
                "id": "06a04476-7323-4702-a3d0-c24fc4126f4d",
                "created_at": "2012-12-01T18:41:56.000Z",
                "updated_at": "2024-08-20T23:23:10.483Z",
                "since": "2012-12-01T18:41:56.000Z",
                "title": "Palmengartenstrasse 8",
                "slug": "palmengartenstrasse-8",
                "published": true,
                "buildingType": "Wohngebäude im EG war Restaurant",
                "building_type": [
                    "Wohngebäude im EG war Restaurant"
                ],
                "owner": "private",
                "road": "Palmengartenstraße 8",
                "zip": "60325",
                "startdate": null,
                "enddate": null,
                "text": "Das EG ist seit langem leer. Vorher war hier ein Restaurant. Öffentlich ist nicht bekannt, was mit dem Haus passieren wird. Einerseits wurde entmietet, andererseits gibt es noch bewohnte Wohnungen.\r\nIn unmittelbarer Palmengartennähe könnte im EG - mit gewissen Einschränkungen - eine Kleinkindeinrichtung vorstellbar sein. Der Bedarf ist sehr hoch.",
                "featured": false,
                "shy": false,
                "user_id": "2c988ac3-2a25-4b9f-85e5-1b2f540bd408",
                "map_id": "fa8b1e4d-f201-448a-afe9-d7e54215a8ec",
                "status": "vacancy"
            }
        },
        {
            "type": "Feature",
            "geometry": {
                "type": "Point",
                "coordinates": [
                    8.6761151,
                    50.1209573
                ]
            },
            "properties": {
                "id": "1950681b-56df-470f-950a-2396d91d8206",
                "created_at": "2012-12-01T18:37:15.000Z",
                "updated_at": "2024-09-26T13:07:11.170Z",
                "since": "2012-12-01T18:37:15.000Z",
                "title": "Eschersheimer Landstrasse 44",
                "slug": "eschersheimer-landstrasse-44",
                "published": true,
                "buildingType": "Gewerbegebäude",
                "building_type": [
                    "Gewerbegebäude"
                ],
                "owner": "private",
                "road": "Eschersheimer Landstraße 44",
                "zip": "60322",
                "startdate": null,
                "enddate": null,
                "text": "Vermietungs-Transparent im OG",
                "featured": false,
                "shy": false,
                "user_id": "2c988ac3-2a25-4b9f-85e5-1b2f540bd408",
                "map_id": "fa8b1e4d-f201-448a-afe9-d7e54215a8ec",
                "status": "vacancy"
            }
        },
        {
            "type": "Feature",
            "geometry": {
                "type": "Point",
                "coordinates": [
                    8.677069,
                    50.1163038
                ]
            },
            "properties": {
                "id": "2139820b-f4fd-4956-adb9-d74582fb1e7e",
                "created_at": "2012-11-15T12:36:34.000Z",
                "updated_at": "2024-08-20T23:23:13.510Z",
                "since": "2012-11-15T12:36:34.000Z",
                "title": "Hochstraße 19",
                "slug": "hochstrasse-19",
                "published": true,
                "buildingType": "gewerbliche und Wohnnutzung",
                "building_type": [
                    "gewerbliche und Wohnnutzung"
                ],
                "owner": "private",
                "road": "Hochstraße 19",
                "zip": "60313",
                "startdate": null,
                "enddate": null,
                "text": "Büros werden angeboten, obwohl in dem Haus auch Wohnungen sind und die Lage (außer dem AutoLärm von der Hochstraße) fürs Wohnen günstig wäre. ",
                "featured": false,
                "shy": false,
                "user_id": "2c988ac3-2a25-4b9f-85e5-1b2f540bd408",
                "map_id": "fa8b1e4d-f201-448a-afe9-d7e54215a8ec",
                "status": "vacancy"
            }
        },
        {
            "type": "Feature",
            "geometry": {
                "type": "Point",
                "coordinates": [
                    8.68064,
                    50.11477
                ]
            },
            "properties": {
                "id": "7a2dcb41-c080-4923-8fce-fae0661de053",
                "created_at": "2012-11-14T23:54:53.000Z",
                "updated_at": "2024-09-26T13:07:06.356Z",
                "since": "2012-11-14T23:54:53.000Z",
                "title": "Nextower - steht weitgehend leer",
                "slug": "nextower-steht-weitgehend-leer",
                "published": true,
                "buildingType": "Bürogebäude",
                "building_type": [
                    "Bürogebäude"
                ],
                "owner": "private",
                "road": "Große Eschenheimer Straße 14",
                "zip": "60313",
                "startdate": null,
                "enddate": null,
                "text": "Es klingt zynisch wenn auf der Werbeseite von MyZeil damit geworben wird, dass hier die Architektur im Dialog mit der Stadt steht. Was hat ein fast leeres Gebäude schon zu erzählen?\r\nhttp://www.palaisquartier.de/de/bueroturm-an-historischem-standort\r\n\r\nUnd warum das Gebäude von der Deutschen Gesellschaft für Nachhaltiges Bauen mit einem Zertifikat in Gold ausgezeichnet wurde, ist auch nur schwer verständlich: Wie kann es sein, dass einem fast leeren Gebäude \"Nachhaltige Qualität\" attestiert wird - was ist die Qualität eines fast ungenutzten Bürohauses und was ist daran ökonomisch, ökologisch, sozial oder kulturell zukunftsfähig?\r\n\r\nLaut FAZ vom April 2014 steht das Gebäude zum Verkauf (http://www.faz.net/aktuell/rhein-main/frankfurt-palais-quartier-steht-zum-verkauf-12888712.html). Die Projektseite verweist bzgl. einer möglichen Vermietung auf eine niederländische Firma (http://www.palaisquartier.com/de/bueroturm-an-historischem-standort).",
                "featured": false,
                "shy": false,
                "user_id": "5e957df7-36fd-40e5-9a25-bf356c21978f",
                "map_id": "fa8b1e4d-f201-448a-afe9-d7e54215a8ec",
                "status": "vacancy"
            }
        },
        {
            "type": "Feature",
            "geometry": {
                "type": "Point",
                "coordinates": [
                    8.674614,
                    50.1254945
                ]
            },
            "properties": {
                "id": "e3301323-abe4-4660-b547-fbbcfa5fbd30",
                "created_at": "2012-11-14T22:36:32.000Z",
                "updated_at": "2024-09-26T13:07:11.314Z",
                "since": "2012-11-14T22:36:32.000Z",
                "title": "Eschersheimer Landstraße 105",
                "slug": "eschersheimer-landstrasse-105",
                "published": true,
                "buildingType": "Bürogebäude",
                "building_type": [
                    "Bürogebäude"
                ],
                "owner": "private",
                "road": "Eschersheimer Landstraße 105",
                "zip": "60322",
                "startdate": null,
                "enddate": null,
                "text": "Plakate am Fenster weisen auf Leerstand hin.",
                "featured": false,
                "shy": false,
                "user_id": "5e957df7-36fd-40e5-9a25-bf356c21978f",
                "map_id": "fa8b1e4d-f201-448a-afe9-d7e54215a8ec",
                "status": "vacancy"
            }
        },
        {
            "type": "Feature",
            "geometry": {
                "type": "Point",
                "coordinates": [
                    8.63461,
                    50.1003
                ]
            },
            "properties": {
                "id": "e6e09d29-f9a8-4ce4-9fea-5a5571af7443",
                "created_at": "2012-11-14T21:58:57.000Z",
                "updated_at": "2024-09-26T13:06:38.022Z",
                "since": "2012-11-14T21:58:57.000Z",
                "title": "Bürogebäude in der Kleyerstraße",
                "slug": "burogebaude-in-der-kleyerstrasse",
                "published": true,
                "buildingType": "Bürogebäude",
                "building_type": [
                    "Bürogebäude"
                ],
                "owner": "private",
                "road": "Kleyerstraße 82",
                "zip": "60326",
                "startdate": null,
                "enddate": null,
                "text": "Könnte auch schon länger leer stehen. \r\nKnapp 9000 Quadratmeter sind hier frei - und auch ein großer Parkplatz.",
                "featured": false,
                "shy": false,
                "user_id": "5e957df7-36fd-40e5-9a25-bf356c21978f",
                "map_id": "fa8b1e4d-f201-448a-afe9-d7e54215a8ec",
                "status": "vacancy"
            }
        },
        {
            "type": "Feature",
            "geometry": {
                "type": "Point",
                "coordinates": [
                    8.6304203,
                    50.1015742
                ]
            },
            "properties": {
                "id": "4cf03d2a-34fa-4c6e-ab2c-961cc96c68df",
                "created_at": "2012-11-14T22:23:40.000Z",
                "updated_at": "2024-08-20T23:23:13.948Z",
                "since": "2012-11-14T22:23:40.000Z",
                "title": "Schrottgebäude an der Rebstöcker Straße",
                "slug": "schrottgebaude-an-der-rebstocker-strasse",
                "published": true,
                "buildingType": "Bürogebäude",
                "building_type": [
                    "Bürogebäude"
                ],
                "owner": "private",
                "road": "Gustavsburgstraße ",
                "zip": "60326",
                "startdate": null,
                "enddate": null,
                "text": "Entlang der der Rebstöcker Straße steht einiges leer. Zahlreiche Fenster sind verbarrikadiert.",
                "featured": false,
                "shy": false,
                "user_id": "5e957df7-36fd-40e5-9a25-bf356c21978f",
                "map_id": "fa8b1e4d-f201-448a-afe9-d7e54215a8ec",
                "status": "vacancy"
            }
        },
        {
            "type": "Feature",
            "geometry": {
                "type": "Point",
                "coordinates": [
                    8.60792,
                    50.12376
                ]
            },
            "properties": {
                "id": "f5d5fb4a-58a2-4079-b351-1da54b2117fa",
                "created_at": "2012-10-23T19:02:37.000Z",
                "updated_at": "2024-08-20T23:23:16.682Z",
                "since": "2012-10-23T19:02:37.000Z",
                "title": "Am Rödelheimer Bahnhof",
                "slug": "am-rodelheimer-bahnhof",
                "published": true,
                "buildingType": "Bürogebäude",
                "building_type": [
                    "Bürogebäude"
                ],
                "owner": "private",
                "road": "Radilostraße 43",
                "zip": "60489",
                "startdate": null,
                "enddate": null,
                "text": "Vor etwa einem Jahr gebaut - seither werden immer noch Mieter gesucht. Plakat klebt im Eingang.",
                "featured": false,
                "shy": false,
                "user_id": "089638ac-aae1-4cd6-b678-519578f1e011",
                "map_id": "fa8b1e4d-f201-448a-afe9-d7e54215a8ec",
                "status": "vacancy"
            }
        },
        {
            "type": "Feature",
            "geometry": {
                "type": "Point",
                "coordinates": [
                    8.6760359,
                    50.1315961
                ]
            },
            "properties": {
                "id": "4982df55-0b32-41bd-809c-44c31d8013a6",
                "created_at": "2012-10-18T09:18:47.000Z",
                "updated_at": "2024-08-20T23:23:16.851Z",
                "since": "2012-10-18T09:18:47.000Z",
                "title": "Büroflächen in der Falkensteiner Straße",
                "slug": "buroflachen-in-der-falkensteiner-strasse",
                "published": true,
                "buildingType": "Bürogebäude",
                "building_type": [
                    "Bürogebäude"
                ],
                "owner": "private",
                "road": "Falkensteiner Straße 77",
                "zip": "60322",
                "startdate": null,
                "enddate": null,
                "text": "...und noch mehr Büroleerstand laut Werbeschild...",
                "featured": false,
                "shy": false,
                "user_id": "5e957df7-36fd-40e5-9a25-bf356c21978f",
                "map_id": "fa8b1e4d-f201-448a-afe9-d7e54215a8ec",
                "status": "vacancy"
            }
        },
        {
            "type": "Feature",
            "geometry": {
                "type": "Point",
                "coordinates": [
                    8.6639867,
                    50.1109553
                ]
            },
            "properties": {
                "id": "01143403-149b-4d1b-b420-97bd76d8f58f",
                "created_at": "2012-10-22T11:54:41.000Z",
                "updated_at": "2024-09-26T13:07:06.108Z",
                "since": "2012-10-22T11:54:41.000Z",
                "title": "Büroleerstand Mainzer Landstraße 50",
                "slug": "buroleerstand-mainzer-landstrasse-50",
                "published": true,
                "buildingType": "Bürogebäude",
                "building_type": [
                    "Bürogebäude"
                ],
                "owner": "private",
                "road": "Mainzer Landstraße 50",
                "zip": "60325",
                "startdate": null,
                "enddate": null,
                "text": "Seit eine Bank eingezogen ist, steht das Gebäude nur noch teilweise leer. Das wird an der Fassade auf Plakaten bejubelt.\r\nLange war dieses Gebäude komplett leer.",
                "featured": false,
                "shy": false,
                "user_id": "5e957df7-36fd-40e5-9a25-bf356c21978f",
                "map_id": "fa8b1e4d-f201-448a-afe9-d7e54215a8ec",
                "status": "vacancy"
            }
        },
        {
            "type": "Feature",
            "geometry": {
                "type": "Point",
                "coordinates": [
                    8.665295,
                    50.108442
                ]
            },
            "properties": {
                "id": "e156e435-4084-4b9a-872b-3187174ad185",
                "created_at": "2012-10-17T17:09:33.000Z",
                "updated_at": "2024-08-20T23:23:16.979Z",
                "since": "2012-10-17T17:09:33.000Z",
                "title": "Taunusstraße 52 - 60",
                "slug": "taunusstrasse-52-60",
                "published": true,
                "buildingType": "Bürogebäude",
                "building_type": [
                    "Bürogebäude"
                ],
                "owner": "private",
                "road": "Taunusstraße 52",
                "zip": "60329",
                "startdate": null,
                "enddate": null,
                "text": "Am Eingang hängt ein großes Schild, daß wegen Leerstand Büros zu vermieten seien.\r\nIm EG stehen die Ladenflächen schon lange leer, siehe Plakat.",
                "featured": false,
                "shy": false,
                "user_id": "2c988ac3-2a25-4b9f-85e5-1b2f540bd408",
                "map_id": "fa8b1e4d-f201-448a-afe9-d7e54215a8ec",
                "status": "vacancy"
            }
        },
        {
            "type": "Feature",
            "geometry": {
                "type": "Point",
                "coordinates": [
                    8.65388,
                    50.1185781
                ]
            },
            "properties": {
                "id": "f7b7fe56-3936-4d8d-8b1c-c19fc94da0a2",
                "created_at": "2012-10-14T16:38:10.000Z",
                "updated_at": "2024-09-26T13:07:08.649Z",
                "since": "2012-10-14T16:38:10.000Z",
                "title": "Senckenberganlage 28",
                "slug": "senckenberganlage-28",
                "published": true,
                "buildingType": "Gründerzeitvilla statt Wohnen Büros",
                "building_type": [
                    "Gründerzeitvilla statt Wohnen Büros"
                ],
                "owner": "private",
                "road": "Senckenberganlage 28",
                "zip": "60325",
                "startdate": null,
                "enddate": null,
                "text": "Gebäude ist eingerüstet und wird saniert. Am Bauzaun hängt ein Transparent, daß Büroraum zu vermieten sei. Warum keine Wohnungen, die so dringend gebraucht werden?",
                "featured": false,
                "shy": false,
                "user_id": "2c988ac3-2a25-4b9f-85e5-1b2f540bd408",
                "map_id": "fa8b1e4d-f201-448a-afe9-d7e54215a8ec",
                "status": "vacancy"
            }
        },
        {
            "type": "Feature",
            "geometry": {
                "type": "Point",
                "coordinates": [
                    8.65882,
                    50.11797
                ]
            },
            "properties": {
                "id": "014e741e-37d1-49e8-983f-73b9eec6461d",
                "created_at": "2012-10-14T16:30:51.000Z",
                "updated_at": "2024-09-26T13:07:08.747Z",
                "since": "2012-10-14T16:30:51.000Z",
                "title": "Mendelssohnstraße 79",
                "slug": "mendelssohnstrasse-79",
                "published": true,
                "buildingType": "Bürogebäude",
                "building_type": [
                    "Bürogebäude"
                ],
                "owner": "private",
                "road": "Mendelssohnstraße 79",
                "zip": "60325",
                "startdate": null,
                "enddate": null,
                "text": "Das Gerüst ringsum deutet Umbau und Leerstand an.",
                "featured": false,
                "shy": false,
                "user_id": "2c988ac3-2a25-4b9f-85e5-1b2f540bd408",
                "map_id": "fa8b1e4d-f201-448a-afe9-d7e54215a8ec",
                "status": "vacancy"
            }
        },
        {
            "type": "Feature",
            "geometry": {
                "type": "Point",
                "coordinates": [
                    8.65348,
                    50.1171
                ]
            },
            "properties": {
                "id": "be6c1b7e-d477-4d3a-8d72-473f678aa1c3",
                "created_at": "2012-10-14T16:33:20.000Z",
                "updated_at": "2024-09-26T13:07:29.313Z",
                "since": "2012-10-14T16:33:20.000Z",
                "title": "Senckenberganlage 16",
                "slug": "senckenberganlage-16",
                "published": true,
                "buildingType": "Bürogebäude",
                "building_type": [
                    "Bürogebäude"
                ],
                "owner": "private",
                "road": "Senckenberganlage 16",
                "zip": "60325",
                "startdate": null,
                "enddate": null,
                "text": "Vor dem Haus ein Schild mit Leerstandsmeldung.",
                "featured": false,
                "shy": false,
                "user_id": "2c988ac3-2a25-4b9f-85e5-1b2f540bd408",
                "map_id": "fa8b1e4d-f201-448a-afe9-d7e54215a8ec",
                "status": "vacancy"
            }
        },
        {
            "type": "Feature",
            "geometry": {
                "type": "Point",
                "coordinates": [
                    8.66436,
                    50.11709
                ]
            },
            "properties": {
                "id": "5544ee4a-c32b-49d8-8e76-5ae9b3a6daae",
                "created_at": "2012-10-14T16:26:52.000Z",
                "updated_at": "2024-09-26T13:07:09.525Z",
                "since": "2012-10-14T16:26:52.000Z",
                "title": "Bockenheimer Landstr. 51",
                "slug": "bockenheimer-landstr-51",
                "published": true,
                "buildingType": "Bürogebäude",
                "building_type": [
                    "Bürogebäude"
                ],
                "owner": "private",
                "road": "Bockenheimer Landstraße 51",
                "zip": "60325",
                "startdate": null,
                "enddate": null,
                "text": "Der markante Turm, der von Beginn an Leerstand hatte, hat das nun vor dem Gebäude an einer großen Wand plakatiert. Die Commerzbank ist im Sockelbereich.",
                "featured": false,
                "shy": false,
                "user_id": "2c988ac3-2a25-4b9f-85e5-1b2f540bd408",
                "map_id": "fa8b1e4d-f201-448a-afe9-d7e54215a8ec",
                "status": "vacancy"
            }
        },
        {
            "type": "Feature",
            "geometry": {
                "type": "Point",
                "coordinates": [
                    8.7172629,
                    50.1133644
                ]
            },
            "properties": {
                "id": "04dea3bf-fa22-4a90-8919-7db0cdae58ef",
                "created_at": "2012-10-14T06:54:30.000Z",
                "updated_at": "2024-08-20T23:23:17.223Z",
                "since": "2012-10-14T06:54:30.000Z",
                "title": "Hanauer Landstraße 187 - 189",
                "slug": "hanauer-landstrasse-187-189",
                "published": true,
                "buildingType": "Bürogebäude",
                "building_type": [
                    "Bürogebäude"
                ],
                "owner": "private",
                "road": "Hanauer Landstraße 187",
                "zip": "60314",
                "startdate": null,
                "enddate": null,
                "text": "Werbeschild mit Leerstands-Meldung",
                "featured": false,
                "shy": false,
                "user_id": "2c988ac3-2a25-4b9f-85e5-1b2f540bd408",
                "map_id": "fa8b1e4d-f201-448a-afe9-d7e54215a8ec",
                "status": "vacancy"
            }
        },
        {
            "type": "Feature",
            "geometry": {
                "type": "Point",
                "coordinates": [
                    8.7167537,
                    50.11331
                ]
            },
            "properties": {
                "id": "fbfd9207-07ed-4f2d-be23-08d486776089",
                "created_at": "2012-10-14T06:52:24.000Z",
                "updated_at": "2024-09-26T13:07:06.167Z",
                "since": "2012-10-14T06:52:24.000Z",
                "title": "Hanauer Landstraße 175 - 179",
                "slug": "hanauer-landstrasse-175-179",
                "published": true,
                "buildingType": "Bürogebäude",
                "building_type": [
                    "Bürogebäude"
                ],
                "owner": "private",
                "road": "Hanauer Landstraße 175",
                "zip": "60314",
                "startdate": null,
                "enddate": null,
                "text": "Werbeschild weist auf Leerstand hin",
                "featured": false,
                "shy": false,
                "user_id": "2c988ac3-2a25-4b9f-85e5-1b2f540bd408",
                "map_id": "fa8b1e4d-f201-448a-afe9-d7e54215a8ec",
                "status": "vacancy"
            }
        },
        {
            "type": "Feature",
            "geometry": {
                "type": "Point",
                "coordinates": [
                    8.646485,
                    50.1154882
                ]
            },
            "properties": {
                "id": "0acc4fc8-3172-44ec-b997-ba7ee31e2e59",
                "created_at": "2012-10-02T09:19:13.000Z",
                "updated_at": "2024-08-20T23:23:17.901Z",
                "since": "2012-10-02T09:19:13.000Z",
                "title": "Hamburger Allee 31",
                "slug": "hamburger-allee-31",
                "published": true,
                "buildingType": "Wohngebäude",
                "building_type": [
                    "Wohngebäude"
                ],
                "owner": null,
                "road": "Hamburger Allee 31",
                "zip": "60486",
                "startdate": null,
                "enddate": null,
                "text": "Neubau.\r\nLeer im Erdgeschoss, andere Etagen dienen zur Nutzung von privatem Wohnraum.\r\nIm Bereich der Liegenschaft Hamburger Allee befinden sich keine Satzungen.",
                "featured": false,
                "shy": false,
                "user_id": "5a044e59-9d5b-469a-b440-0f5eb328ce98",
                "map_id": "fa8b1e4d-f201-448a-afe9-d7e54215a8ec",
                "status": "vacancy"
            }
        },
        {
            "type": "Feature",
            "geometry": {
                "type": "Point",
                "coordinates": [
                    8.70377,
                    50.10485
                ]
            },
            "properties": {
                "id": "f2062d69-4b21-4a29-b71f-1e6926299503",
                "created_at": "2012-09-14T07:45:49.000Z",
                "updated_at": "2024-09-26T13:07:06.211Z",
                "since": "2012-09-14T07:45:49.000Z",
                "title": "Büroleerstand am Deutschherrenufer",
                "slug": "buroleerstand-am-deutschherrenufer",
                "published": true,
                "buildingType": "Bürogebäude",
                "building_type": [
                    "Bürogebäude"
                ],
                "owner": "private",
                "road": "Zum Laurenburger Hof 76",
                "zip": "60594",
                "startdate": null,
                "enddate": null,
                "text": "Rund 5000 Quadratmeter Bürofläche stehen hier leer, trotz phantasivoller Beschreibung: \r\n\"KRAFTVOLL UND ELEGANT ERHEBT SICH DIE SPITZE DES GEBÄUDES WIE DER BUG EINES SCHIFFES ÜBER DAS MAINUFER. ...\"\r\n\r\nhttp://www.immobilo.de/immobilien/M14532334\r\n",
                "featured": false,
                "shy": false,
                "user_id": "5e957df7-36fd-40e5-9a25-bf356c21978f",
                "map_id": "fa8b1e4d-f201-448a-afe9-d7e54215a8ec",
                "status": "vacancy"
            }
        },
        {
            "type": "Feature",
            "geometry": {
                "type": "Point",
                "coordinates": [
                    8.637336,
                    50.1234634
                ]
            },
            "properties": {
                "id": "35bbfdde-669e-4255-b0b0-9c4cb86d3414",
                "created_at": "2012-09-12T13:24:26.000Z",
                "updated_at": "2024-08-20T23:23:19.009Z",
                "since": "2012-09-12T13:24:26.000Z",
                "title": "Friesengasse 33",
                "slug": "friesengasse-33",
                "published": true,
                "buildingType": "Gewerbegebäude",
                "building_type": [
                    "Gewerbegebäude"
                ],
                "owner": "private",
                "road": "Friesengasse 33",
                "zip": "60487",
                "startdate": null,
                "enddate": null,
                "text": "amtliche Fläche 728 m²\r\nNeubau\r\nVegis Immobilien",
                "featured": false,
                "shy": false,
                "user_id": "5a044e59-9d5b-469a-b440-0f5eb328ce98",
                "map_id": "fa8b1e4d-f201-448a-afe9-d7e54215a8ec",
                "status": "vacancy"
            }
        },
        {
            "type": "Feature",
            "geometry": {
                "type": "Point",
                "coordinates": [
                    8.6773773,
                    50.1830352
                ]
            },
            "properties": {
                "id": "08bc0249-8582-4281-9c9b-765a158e280a",
                "created_at": "2012-08-23T15:10:08.000Z",
                "updated_at": "2024-08-20T23:23:20.232Z",
                "since": "2012-08-23T15:10:08.000Z",
                "title": "Gartengrundstück",
                "slug": "gartengrundstuck",
                "published": true,
                "buildingType": "",
                "building_type": [
                    ""
                ],
                "owner": "private",
                "road": "Harheimer Weg ",
                "zip": "60437",
                "startdate": null,
                "enddate": null,
                "text": "",
                "featured": false,
                "shy": false,
                "user_id": "5ba2bbb5-d18e-4750-b970-0d24d0950ad4",
                "map_id": "fa8b1e4d-f201-448a-afe9-d7e54215a8ec",
                "status": "vacancy"
            }
        },
        {
            "type": "Feature",
            "geometry": {
                "type": "Point",
                "coordinates": [
                    8.6657978,
                    50.178749
                ]
            },
            "properties": {
                "id": "470d2c2e-82bd-48e1-88da-70091b903762",
                "created_at": "2012-08-20T17:33:24.000Z",
                "updated_at": "2024-09-26T13:07:17.799Z",
                "since": "2012-08-20T17:33:24.000Z",
                "title": "Bf Frankfurter Berg",
                "slug": "bf-frankfurter-berg",
                "published": true,
                "buildingType": "Wohnen / Büro / Ladenflächen",
                "building_type": [
                    "Wohnen / Büro / Ladenflächen"
                ],
                "owner": "private",
                "road": "Homburger Landstraße 567",
                "zip": "60308",
                "startdate": null,
                "enddate": null,
                "text": "Wunderschönes Bahnhofsgebäude aus dem Jugendstil mit 3,5 Stockwerken. Ursprünglich für die Bankiersfamilie von Metzler gebaut welche in Bonames ihr Schloss hat.  Die oberen Stockwerke wurden bis vor kurzem von der technischen Verbindung Marcomannia genutzt welche dort noch einmal im Monat Kneipe abzuhalten scheint und den benutzten Teil des Bahnhofs also ihren Bedürfnissen gerecht umgebaut hat (Party!).\r\nDas Gebäude ist vom Landesdenkmalamt als Kulturdenkmal eingestuft.\r\nDie angegebene Hausnummer ist nicht korrekt sondern wurde eingegeben um den Pfeil möglichst nahe an das S-Bahn-Zeichen zu bekommen, es befindet sich natürlich direkt am S-Bah-Halt Frankfurter Berg der S6 in Richtung Friedberg.\r\nDas Gebäude ist jetzt im Besitz der Emporis, einer Immobilienheuschrecke. Kontakt unter: http://www.emporis.com",
                "featured": false,
                "shy": false,
                "user_id": "996e136a-d6d4-49ae-a4c0-5fdbc20bbffe",
                "map_id": "fa8b1e4d-f201-448a-afe9-d7e54215a8ec",
                "status": "vacancy"
            }
        },
        {
            "type": "Feature",
            "geometry": {
                "type": "Point",
                "coordinates": [
                    8.65291,
                    50.11593
                ]
            },
            "properties": {
                "id": "df34db73-84a7-48dd-b277-bc415d7b562c",
                "created_at": "2012-08-16T14:52:57.000Z",
                "updated_at": "2024-09-26T13:07:32.044Z",
                "since": "2012-08-16T14:52:57.000Z",
                "title": "Senckenberganlage 10-12",
                "slug": "senckenberganlage-10-12",
                "published": true,
                "buildingType": "Bürogebäude",
                "building_type": [
                    "Bürogebäude"
                ],
                "owner": "private",
                "road": "Senckenberganlage 10",
                "zip": "60325",
                "startdate": null,
                "enddate": null,
                "text": "Einige Büroräume sind leer. ",
                "featured": false,
                "shy": false,
                "user_id": "5a044e59-9d5b-469a-b440-0f5eb328ce98",
                "map_id": "fa8b1e4d-f201-448a-afe9-d7e54215a8ec",
                "status": "vacancy"
            }
        },
        {
            "type": "Feature",
            "geometry": {
                "type": "Point",
                "coordinates": [
                    8.63997,
                    50.17167
                ]
            },
            "properties": {
                "id": "3fc1570a-efef-48b5-b572-1c1d72c3d605",
                "created_at": "2012-08-15T07:58:01.000Z",
                "updated_at": "2024-08-20T23:23:22.971Z",
                "since": "2012-08-15T07:58:01.000Z",
                "title": "Großer Bürokomplex",
                "slug": "grosser-burokomplex",
                "published": true,
                "buildingType": "Bürogebäude",
                "building_type": [
                    "Bürogebäude"
                ],
                "owner": "private",
                "road": "Lurgiallee 5",
                "zip": "60439",
                "startdate": null,
                "enddate": null,
                "text": "Ein paar größere Mieter sind in die neuen Bürogebäude am Flughafen gezogen - nun steht hier einiges leer.\r\nhttp://www.immobilienscout24.de/expose/56470028",
                "featured": false,
                "shy": false,
                "user_id": "601a4baa-d58b-49c3-86a7-c13f6e63695e",
                "map_id": "fa8b1e4d-f201-448a-afe9-d7e54215a8ec",
                "status": "vacancy"
            }
        },
        {
            "type": "Feature",
            "geometry": {
                "type": "Point",
                "coordinates": [
                    8.6861643,
                    50.1167361
                ]
            },
            "properties": {
                "id": "3e7536a7-26dd-4a79-8725-a4b541742049",
                "created_at": "2012-08-02T17:46:10.000Z",
                "updated_at": "2024-09-26T13:07:11.807Z",
                "since": "2012-08-02T17:46:10.000Z",
                "title": "Große Friedberger Straße 48",
                "slug": "grosse-friedberger-strasse-48",
                "published": true,
                "buildingType": "Gewerbegebäude",
                "building_type": [
                    "Gewerbegebäude"
                ],
                "owner": "private",
                "road": "Große Friedberger Straße 48",
                "zip": "60313",
                "startdate": null,
                "enddate": null,
                "text": "In dem markanten Eckgebäude (Gründerzeit) wird Leerstand von Büroetagen im Fenster plakatiert. Warum keine Wohnungen? Es ist doch zum Wohnen eine sehr attraktive Lage?",
                "featured": false,
                "shy": false,
                "user_id": "2c988ac3-2a25-4b9f-85e5-1b2f540bd408",
                "map_id": "fa8b1e4d-f201-448a-afe9-d7e54215a8ec",
                "status": "vacancy"
            }
        },
        {
            "type": "Feature",
            "geometry": {
                "type": "Point",
                "coordinates": [
                    8.55407,
                    50.10115
                ]
            },
            "properties": {
                "id": "3af957b5-d026-42e9-85d8-20612ef57d78",
                "created_at": "2012-07-28T05:05:15.000Z",
                "updated_at": "2024-08-20T23:23:24.540Z",
                "since": "2012-07-28T05:05:15.000Z",
                "title": "Altes Kreishaus Höchst",
                "slug": "altes-kreishaus-hochst",
                "published": true,
                "buildingType": "Altes Kreishaus",
                "building_type": [
                    "Altes Kreishaus"
                ],
                "owner": "private",
                "road": "Bolongarostraße ",
                "zip": null,
                "startdate": null,
                "enddate": null,
                "text": "Eine Umwandlung in Eigentumswohnungen ist im Gange.\r\nMehr Informationen in\r\nFNP 28.7.2012:\r\nhttp://www.fnp.de/fnp/region/lokales/frankfurt/ende-des-dornroeschenschlafs_rmn01.c.10023784.de.html",
                "featured": false,
                "shy": false,
                "user_id": "2c988ac3-2a25-4b9f-85e5-1b2f540bd408",
                "map_id": "fa8b1e4d-f201-448a-afe9-d7e54215a8ec",
                "status": "vacancy"
            }
        },
        {
            "type": "Feature",
            "geometry": {
                "type": "Point",
                "coordinates": [
                    8.6500134,
                    50.1234704
                ]
            },
            "properties": {
                "id": "cac331d4-836c-4111-be2c-9ed9f89e81f3",
                "created_at": "2012-07-17T17:15:03.000Z",
                "updated_at": "2024-08-20T23:23:25.064Z",
                "since": "2012-07-17T17:15:03.000Z",
                "title": "Sophienstraße 44",
                "slug": "sophienstrasse-44",
                "published": true,
                "buildingType": "Bürogebäude",
                "building_type": [
                    "Bürogebäude"
                ],
                "owner": "private",
                "road": "Sophienstraße 44",
                "zip": "60487",
                "startdate": null,
                "enddate": null,
                "text": "MIt großer Reklametafel wird der Leerstand plakatiert.",
                "featured": false,
                "shy": false,
                "user_id": "2c988ac3-2a25-4b9f-85e5-1b2f540bd408",
                "map_id": "fa8b1e4d-f201-448a-afe9-d7e54215a8ec",
                "status": "vacancy"
            }
        },
        {
            "type": "Feature",
            "geometry": {
                "type": "Point",
                "coordinates": [
                    8.65871,
                    50.19052
                ]
            },
            "properties": {
                "id": "f70173ca-442b-45fb-b35d-28c850077606",
                "created_at": "2012-07-17T13:03:09.000Z",
                "updated_at": "2024-09-26T13:06:48.164Z",
                "since": "2012-07-17T13:03:09.000Z",
                "title": "Berner Straße 76",
                "slug": "berner-strasse-76",
                "published": true,
                "buildingType": "Bürogebäude",
                "building_type": [
                    "Bürogebäude"
                ],
                "owner": "private",
                "road": "Berner Straße 76",
                "zip": "60437",
                "startdate": null,
                "enddate": null,
                "text": "Auch das Gewerbegebiet in Nieder-Eschbach ist nicht ausgebucht.\r\nHier gibt es noch einige freie Flächen...\r\nBeispielsweise hier anscheinend knapp 7.000 Quadratmeter:\r\nhttp://www.immobilienscout24.de/expose/60611185\r\n",
                "featured": false,
                "shy": false,
                "user_id": "5e957df7-36fd-40e5-9a25-bf356c21978f",
                "map_id": "fa8b1e4d-f201-448a-afe9-d7e54215a8ec",
                "status": "vacancy"
            }
        },
        {
            "type": "Feature",
            "geometry": {
                "type": "Point",
                "coordinates": [
                    8.63232,
                    50.12187
                ]
            },
            "properties": {
                "id": "1c2649ed-ca1b-4ca5-89c6-64189491e68f",
                "created_at": "2012-07-17T13:30:20.000Z",
                "updated_at": "2024-09-26T13:06:36.304Z",
                "since": "2012-07-17T13:30:20.000Z",
                "title": "Ex-Siemens-Gebäude",
                "slug": "ex-siemens-gebaude",
                "published": true,
                "buildingType": "Bürogebäude",
                "building_type": [
                    "Bürogebäude"
                ],
                "owner": "private",
                "road": "Rödelheimer Landstraße 5",
                "zip": "60487",
                "startdate": null,
                "enddate": null,
                "text": "Sechs Etagen mit insgesamt 7.000 Quadratmetern und zusätzlich 150 Parkplätze sind anscheinend frei:\r\n\r\nhttp://www.immobilienscout24.de/43478447",
                "featured": false,
                "shy": false,
                "user_id": "5e957df7-36fd-40e5-9a25-bf356c21978f",
                "map_id": "fa8b1e4d-f201-448a-afe9-d7e54215a8ec",
                "status": "vacancy"
            }
        },
        {
            "type": "Feature",
            "geometry": {
                "type": "Point",
                "coordinates": [
                    8.6549869,
                    50.0978521
                ]
            },
            "properties": {
                "id": "72ac4b3e-a600-4a70-81d3-a817b538b461",
                "created_at": "2012-07-17T12:31:07.000Z",
                "updated_at": "2024-08-20T23:23:25.204Z",
                "since": "2012-07-17T12:31:07.000Z",
                "title": "Büroflächen am Westhafen Pier",
                "slug": "buroflachen-am-westhafen-pier",
                "published": true,
                "buildingType": "Bürogebäude",
                "building_type": [
                    "Bürogebäude"
                ],
                "owner": "private",
                "road": "Rotfeder-Ring ",
                "zip": "60327",
                "startdate": null,
                "enddate": null,
                "text": "Am Heizkraftwerk stehen neue, interessante Bürogebäude mit Blick auf den Main. Zum Teil sind sie vermietet, aber offenbar gibts noch einige Flächen zu mieten. Im Internet wird einiges angeboten, hier zum Beispiel mal 500 Quadratmeter.\r\nhttp://www.immobilienscout24.de/expose/63945617\r\n",
                "featured": false,
                "shy": false,
                "user_id": "5e957df7-36fd-40e5-9a25-bf356c21978f",
                "map_id": "fa8b1e4d-f201-448a-afe9-d7e54215a8ec",
                "status": "vacancy"
            }
        },
        {
            "type": "Feature",
            "geometry": {
                "type": "Point",
                "coordinates": [
                    8.6925784,
                    50.115452
                ]
            },
            "properties": {
                "id": "e385b4ee-656d-4b71-8601-6001db3883b9",
                "created_at": "2012-07-14T16:16:56.000Z",
                "updated_at": "2024-09-26T13:07:11.851Z",
                "since": "2012-07-14T16:16:56.000Z",
                "title": "Seilerstraße 7 / Heiligkreuzgasse 8",
                "slug": "seilerstrasse-7-heiligkreuzgasse-8",
                "published": true,
                "buildingType": "Parkplatz",
                "building_type": [
                    "Parkplatz"
                ],
                "owner": "private",
                "road": "Seilerstraße 7",
                "zip": "60313",
                "startdate": null,
                "enddate": null,
                "text": "Der Parkplatz wird für ein Gebäude beplant.\r\nSiehe:\r\nhttp://www.fnp.de/fnp/region/lokales/frankfurt/letzte-kriegsspuren-verschwinden_rmn01.c.9990446.de.html",
                "featured": false,
                "shy": false,
                "user_id": "2c988ac3-2a25-4b9f-85e5-1b2f540bd408",
                "map_id": "fa8b1e4d-f201-448a-afe9-d7e54215a8ec",
                "status": "vacancy"
            }
        },
        {
            "type": "Feature",
            "geometry": {
                "type": "Point",
                "coordinates": [
                    8.697348,
                    50.1092353
                ]
            },
            "properties": {
                "id": "18cf45fc-fc16-4e69-8b5d-bc668c1d7d35",
                "created_at": "2012-07-11T09:12:25.000Z",
                "updated_at": "2024-09-26T13:06:43.767Z",
                "since": "2012-07-11T09:12:25.000Z",
                "title": "Leerstand im Ostend",
                "slug": "leerstand-im-ostend",
                "published": true,
                "buildingType": "Bürogebäude",
                "building_type": [
                    "Bürogebäude"
                ],
                "owner": "private",
                "road": "Uhlandstraße 2",
                "zip": "60314",
                "startdate": null,
                "enddate": null,
                "text": "Relativ neues Gebäude - erst war hier eine Werbeagentur drin.\r\nNun stehen über 5.800 Quadratmeter leer:\r\n\r\nhttp://www.immowelt.de/immobilien/immodetail.aspx?id=25676733",
                "featured": false,
                "shy": false,
                "user_id": "5e957df7-36fd-40e5-9a25-bf356c21978f",
                "map_id": "fa8b1e4d-f201-448a-afe9-d7e54215a8ec",
                "status": "vacancy"
            }
        },
        {
            "type": "Feature",
            "geometry": {
                "type": "Point",
                "coordinates": [
                    8.65111,
                    50.11462
                ]
            },
            "properties": {
                "id": "89fb5be2-689b-41ed-827b-f6c67829d3ec",
                "created_at": "2012-07-11T09:52:11.000Z",
                "updated_at": "2024-09-26T13:07:05.391Z",
                "since": "2012-07-11T09:52:11.000Z",
                "title": "WestendGate",
                "slug": "westendgate",
                "published": true,
                "buildingType": "Bürogebäude",
                "building_type": [
                    "Bürogebäude"
                ],
                "owner": "private",
                "road": "Hamburger Allee 2",
                "zip": "60486",
                "startdate": null,
                "enddate": null,
                "text": "Das Gebäude wurde 1976 gebaut und vor Kurzem saniert.\r\nWenn man den Anzeigen im Internet glauben darf, gibt es hier sehr viel leerstehenden Büroraum\r\nZum Beispiel hier wird von 14.000 Quadratmeter gesprochen:\r\nhttp://www.immowelt.de/immobilien/immodetail.aspx?id=25494176\r\n",
                "featured": false,
                "shy": false,
                "user_id": "5e957df7-36fd-40e5-9a25-bf356c21978f",
                "map_id": "fa8b1e4d-f201-448a-afe9-d7e54215a8ec",
                "status": "vacancy"
            }
        },
        {
            "type": "Feature",
            "geometry": {
                "type": "Point",
                "coordinates": [
                    8.68565,
                    50.11625
                ]
            },
            "properties": {
                "id": "69b9fc93-1070-4eee-a095-bcc57bc69991",
                "created_at": "2012-07-07T07:01:49.000Z",
                "updated_at": "2024-08-20T23:23:25.824Z",
                "since": "2012-07-07T07:01:49.000Z",
                "title": "Große Friedberger Straße 33 - 35",
                "slug": "grosse-friedberger-strasse-33-35",
                "published": true,
                "buildingType": "Gewerbegebäude",
                "building_type": [
                    "Gewerbegebäude"
                ],
                "owner": "private",
                "road": "Große Friedberger Straße 33",
                "zip": "60313",
                "startdate": null,
                "enddate": null,
                "text": "Es stehen in dem modernen Gebäude Etagen leer, wie an den Fenstern plakatiert ist.",
                "featured": false,
                "shy": false,
                "user_id": "2c988ac3-2a25-4b9f-85e5-1b2f540bd408",
                "map_id": "fa8b1e4d-f201-448a-afe9-d7e54215a8ec",
                "status": "vacancy"
            }
        },
        {
            "type": "Feature",
            "geometry": {
                "type": "Point",
                "coordinates": [
                    8.667831,
                    50.1083142
                ]
            },
            "properties": {
                "id": "127e841a-3fc5-4df4-a7ba-9f5f5fade1c4",
                "created_at": "2012-07-07T06:41:00.000Z",
                "updated_at": "2024-09-26T13:07:30.740Z",
                "since": "2012-07-07T06:41:00.000Z",
                "title": "Kaiserstr. 58",
                "slug": "kaiserstr-58",
                "published": true,
                "buildingType": "Wohnen und Gewerbe",
                "building_type": [
                    "Wohnen und Gewerbe"
                ],
                "owner": "private",
                "road": "Kaiserstraße 58",
                "zip": "60329",
                "startdate": null,
                "enddate": null,
                "text": "Das K 58 an der Ecke Elbestraße / Kaiserstraße hat laut Zeitungsmeldung Leerstände.\r\nNäheres: \r\nhttp://www.fnp.de/fnp/region/lokales/frankfurt/exklusive-wohnungen-auf-frueherem-kaufhallegel-nde_rmn01.c.9973018.de.html",
                "featured": false,
                "shy": false,
                "user_id": "2c988ac3-2a25-4b9f-85e5-1b2f540bd408",
                "map_id": "fa8b1e4d-f201-448a-afe9-d7e54215a8ec",
                "status": "vacancy"
            }
        },
        {
            "type": "Feature",
            "geometry": {
                "type": "Point",
                "coordinates": [
                    8.6732167,
                    50.1208367
                ]
            },
            "properties": {
                "id": "625da182-0769-4caa-9d9b-2260980f23b5",
                "created_at": "2012-07-07T07:08:08.000Z",
                "updated_at": "2024-08-20T23:23:25.943Z",
                "since": "2012-07-07T07:08:08.000Z",
                "title": "Im Trutz Frankfurt 51",
                "slug": "im-trutz-frankfurt-51",
                "published": true,
                "buildingType": "Wohnen und Gewerbe",
                "building_type": [
                    "Wohnen und Gewerbe"
                ],
                "owner": "private",
                "road": "Im Trutz Frankfurt 51",
                "zip": "60322",
                "startdate": null,
                "enddate": null,
                "text": "Die erste Etage des Eckhauses Im Trutz 51 / Grüneburgweg steht leer. Es könnte eine Wohnung sein, doch es ist leider für gewerbliche Nutzung plakatiert.",
                "featured": false,
                "shy": false,
                "user_id": "2c988ac3-2a25-4b9f-85e5-1b2f540bd408",
                "map_id": "fa8b1e4d-f201-448a-afe9-d7e54215a8ec",
                "status": "vacancy"
            }
        },
        {
            "type": "Feature",
            "geometry": {
                "type": "Point",
                "coordinates": [
                    8.72563,
                    50.14581
                ]
            },
            "properties": {
                "id": "ee83801e-b556-4854-aabf-404b5d07bbc4",
                "created_at": "2012-07-04T05:21:25.000Z",
                "updated_at": "2024-09-26T13:07:13.487Z",
                "since": "2012-07-04T05:21:25.000Z",
                "title": "Hintergasse 9",
                "slug": "hintergasse-9",
                "published": true,
                "buildingType": "Gewerbegebäude",
                "building_type": [
                    "Gewerbegebäude"
                ],
                "owner": "private",
                "road": "Hintergasse 9",
                "zip": "60389",
                "startdate": null,
                "enddate": null,
                "text": "Fachwerkhaus in Seckbach steht leer. Auf dem Grundstück sollen weitere Gebäude gebaut werden, siehe Zeitungsartikel\r\n\r\nhttp://www.fnp.de/fnp/region/lokales/frankfurt/grundstueck-verwahrlost-immer-mehr_rmn01.c.9964651.de.html",
                "featured": false,
                "shy": false,
                "user_id": "2c988ac3-2a25-4b9f-85e5-1b2f540bd408",
                "map_id": "fa8b1e4d-f201-448a-afe9-d7e54215a8ec",
                "status": "vacancy"
            }
        },
        {
            "type": "Feature",
            "geometry": {
                "type": "Point",
                "coordinates": [
                    8.66864,
                    50.10917
                ]
            },
            "properties": {
                "id": "91c909ea-1f9e-4fab-a81b-e748c02a19c4",
                "created_at": "2012-06-08T06:52:05.000Z",
                "updated_at": "2024-08-20T23:23:27.283Z",
                "since": "2012-06-08T06:52:05.000Z",
                "title": "Weserstraße 31 - 33",
                "slug": "weserstrasse-31-33",
                "published": true,
                "buildingType": "Bürogebäude",
                "building_type": [
                    "Bürogebäude"
                ],
                "owner": "private",
                "road": "Weserstraße 31",
                "zip": "60329",
                "startdate": null,
                "enddate": null,
                "text": "\r\nNach Verabschiedung des Bebauungsplans Nr. B 881 sollen dort auf  6000 qm Wohnungen entstehen als Kompensation für ein neues Hochhaus an der Taunusanlage Nr. 8.\r\nsiehe \r\nhttp://www.frankfurt.de/sixcms/detail.php?id=2855\u0026_ffmpar[_id_inhalt]=9438311",
                "featured": false,
                "shy": false,
                "user_id": "2c988ac3-2a25-4b9f-85e5-1b2f540bd408",
                "map_id": "fa8b1e4d-f201-448a-afe9-d7e54215a8ec",
                "status": "vacancy"
            }
        },
        {
            "type": "Feature",
            "geometry": {
                "type": "Point",
                "coordinates": [
                    8.66809,
                    50.10345
                ]
            },
            "properties": {
                "id": "56c505d9-1531-451b-a9a2-c65d403e8349",
                "created_at": "2012-05-31T16:33:17.000Z",
                "updated_at": "2024-09-26T13:07:36.174Z",
                "since": "2012-05-31T16:33:17.000Z",
                "title": "Wiesenhüttenstraße 1",
                "slug": "wiesenhuttenstrasse-1",
                "published": true,
                "buildingType": "Wohngebäude",
                "building_type": [
                    "Wohngebäude"
                ],
                "owner": "private",
                "road": "Wiesenhüttenstraße 1",
                "zip": "60329",
                "startdate": null,
                "enddate": null,
                "text": "Im excellent sanierten Prachtbau der Gründerzeit gibt es leere Räume - es werden Büros statt Wohnungen angeboten.",
                "featured": false,
                "shy": false,
                "user_id": "2c988ac3-2a25-4b9f-85e5-1b2f540bd408",
                "map_id": "fa8b1e4d-f201-448a-afe9-d7e54215a8ec",
                "status": "vacancy"
            }
        },
        {
            "type": "Feature",
            "geometry": {
                "type": "Point",
                "coordinates": [
                    8.6675517,
                    50.1547113
                ]
            },
            "properties": {
                "id": "4ee1c687-c1e7-47bf-b7d3-ae23a9690a83",
                "created_at": "2012-05-31T16:47:50.000Z",
                "updated_at": "2024-09-26T13:07:43.637Z",
                "since": "2012-05-31T16:47:50.000Z",
                "title": "Kirchhainer Straße 43, 47, 49",
                "slug": "kirchhainer-strasse-43-47-49",
                "published": true,
                "buildingType": "Wohngebäude",
                "building_type": [
                    "Wohngebäude"
                ],
                "owner": "public",
                "road": "Kirchhainer Straße 43",
                "zip": "60433",
                "startdate": null,
                "enddate": null,
                "text": "In Eschersheim gibt es in der Kirchhainer Straße und der näheren Umgebung etliche Siedlungshäuser, bei denen erkennbar eine ganze Anzahl Wohnungen schon lange leer stehen.Die Rolläden sind dauerhaft herabgelassen. Mit google lassen sich die Siedlungshäuser alle gut erkennen. Wer hat den Leerstand zu verantworten? Wer weiß Näheres? Warum kümmert sich die Stadt nicht um diese Leerstände? Gehören die Wohnsiedlungen zur ABG Frankfurt Holding? Antwort des Magistrats: Sie gehören der Nassauischen Heimstätte. Es ist beste Wohnlage mit grüner Lunge ringsum. Doch der Fluglärm beherrscht bei Schönwetter auch diese Wohnidylle.",
                "featured": false,
                "shy": false,
                "user_id": "2c988ac3-2a25-4b9f-85e5-1b2f540bd408",
                "map_id": "fa8b1e4d-f201-448a-afe9-d7e54215a8ec",
                "status": "vacancy"
            }
        },
        {
            "type": "Feature",
            "geometry": {
                "type": "Point",
                "coordinates": [
                    8.65016,
                    50.08773
                ]
            },
            "properties": {
                "id": "f9a61ac2-78e8-4dbb-8860-e405790a97d6",
                "created_at": "2012-05-30T10:14:37.000Z",
                "updated_at": "2024-08-20T23:23:27.930Z",
                "since": "2012-05-30T10:14:37.000Z",
                "title": "Wohnhaus in der Bruchfeldstraße ",
                "slug": "wohnhaus-in-der-bruchfeldstrasse",
                "published": true,
                "buildingType": "Wohngebäude",
                "building_type": [
                    "Wohngebäude"
                ],
                "owner": "private",
                "road": "Bruchfeldstraße 14",
                "zip": "60528",
                "startdate": null,
                "enddate": null,
                "text": "Das Erdgeschoss des Hauses aus der Gründerzeit wird von einer Kinder- und Jugendeinrichtung benutzt, der Rest des 4-stöckigen Gebäudes steht leer und ist stark sanierungsbedürftig. ",
                "featured": false,
                "shy": false,
                "user_id": null,
                "map_id": "fa8b1e4d-f201-448a-afe9-d7e54215a8ec",
                "status": "vacancy"
            }
        },
        {
            "type": "Feature",
            "geometry": {
                "type": "Point",
                "coordinates": [
                    8.62686,
                    50.08162
                ]
            },
            "properties": {
                "id": "eb1fc27a-4700-4e60-be94-978e7c48bada",
                "created_at": "2012-05-21T21:30:31.000Z",
                "updated_at": "2024-08-20T23:23:28.417Z",
                "since": "2012-05-21T21:30:31.000Z",
                "title": "Lyoner Straße 15",
                "slug": "lyoner-strasse-15",
                "published": true,
                "buildingType": "Bürogebäude",
                "building_type": [
                    "Bürogebäude"
                ],
                "owner": "private",
                "road": "Lyoner Straße 15",
                "zip": "60528",
                "startdate": null,
                "enddate": null,
                "text": "Hier stehen im Moment 3.376 Quadratmeter Büroflächen leer – zumindest wird diese Fläche im Internet zum Mietpreis von 9,90 Euro angeboten. Jemand Interesse?  Vergleichbare 48 Wohnungen mit 70 Quadratmetern würde man sicher schneller loskriegen.\r\n",
                "featured": false,
                "shy": false,
                "user_id": "089638ac-aae1-4cd6-b678-519578f1e011",
                "map_id": "fa8b1e4d-f201-448a-afe9-d7e54215a8ec",
                "status": "vacancy"
            }
        },
        {
            "type": "Feature",
            "geometry": {
                "type": "Point",
                "coordinates": [
                    8.6335,
                    50.0822
                ]
            },
            "properties": {
                "id": "68b5a214-a4e3-4632-9adf-5075f79efd2d",
                "created_at": "2012-05-21T21:08:39.000Z",
                "updated_at": "2024-08-20T23:23:28.540Z",
                "since": "2012-05-21T21:08:39.000Z",
                "title": "Hahnstraße 37-39",
                "slug": "hahnstrasse-37-39",
                "published": true,
                "buildingType": "Bürogebäude",
                "building_type": [
                    "Bürogebäude"
                ],
                "owner": "private",
                "road": "Hahnstraße 37",
                "zip": "60528",
                "startdate": null,
                "enddate": null,
                "text": "Welche Logik steckt dahinter?\r\nRundherum findet man haufenweise leerstehende Flächen. Und hier wird ein Bürogebäude mit 8.700 Quadratmetern saniert, um daraus wieder Büroflächen zu machen. \r\nIm Internet wird ein Mietpreis von 12.50 Euro und 3.50 Euro Nebenkosten genannt. Wie kann man bei dem zu erwartenden Leerstand bei einem solchen Preis auf seine Kosten kommen?\r\nWarum nicht gleich Wohnungen draus machen, die man auch rasch vermietet bekommt?\r\n\r\nFür den Flächenvergleich: 8.700 Quadratmeter ist so viel Fläche, wie 124 Wohnungen mit 70 Quadratmetern brauchen.\r\n",
                "featured": false,
                "shy": false,
                "user_id": "089638ac-aae1-4cd6-b678-519578f1e011",
                "map_id": "fa8b1e4d-f201-448a-afe9-d7e54215a8ec",
                "status": "vacancy"
            }
        },
        {
            "type": "Feature",
            "geometry": {
                "type": "Point",
                "coordinates": [
                    8.62904,
                    50.0828
                ]
            },
            "properties": {
                "id": "ee9632c7-f176-481f-968e-bcb7df9c10f7",
                "created_at": "2012-05-21T21:05:15.000Z",
                "updated_at": "2024-08-20T23:23:28.490Z",
                "since": "2012-05-21T21:05:15.000Z",
                "title": "Lyoner Straße 14",
                "slug": "lyoner-strasse-14",
                "published": true,
                "buildingType": "Bürogebäude",
                "building_type": [
                    "Bürogebäude"
                ],
                "owner": "private",
                "road": "Lyoner Straße 14, Frankfurt am Main",
                "zip": "60528",
                "startdate": null,
                "enddate": null,
                "text": "Das Bürohochhaus verfügt mit seinen 18 Etagen über eine Gesamtfläche von ca. 15.000 Quadratmetern.  5.850 Quadratmeter – also knapp 40% - stehen leer.   (Zum Vergleich: 5.850 Quadratmeter ist so viel Fläche wie rund 84 Wohnungen mit 70 Quadratmetern)\r\n",
                "featured": false,
                "shy": false,
                "user_id": "089638ac-aae1-4cd6-b678-519578f1e011",
                "map_id": "fa8b1e4d-f201-448a-afe9-d7e54215a8ec",
                "status": "vacancy"
            }
        },
        {
            "type": "Feature",
            "geometry": {
                "type": "Point",
                "coordinates": [
                    8.5712823,
                    50.0518926
                ]
            },
            "properties": {
                "id": "22467b06-39b1-412d-a489-975b83b7bf05",
                "created_at": "2012-05-21T21:12:13.000Z",
                "updated_at": "2024-08-20T23:23:28.448Z",
                "since": "2012-05-21T21:12:13.000Z",
                "title": "The Squaire",
                "slug": "the-squaire",
                "published": true,
                "buildingType": "Bürogebäude",
                "building_type": [
                    "Bürogebäude"
                ],
                "owner": "private",
                "road": "Hugo-Eckener-Ring",
                "zip": "60549",
                "startdate": null,
                "enddate": null,
                "text": "Wenn man den Inseraten im Internet Glauben schenken darf, dann stehen hier zur Zeit 62.000 Quadratmeter Bürofläche leer. Und da man sich eine solche Größenordnung kaum vorstellen kann, das entspricht 885 Wohnungen mit 70 Quadratmetern. Aber wohnen mag man hier eher nicht, denn zur Zeit wird eine Miete von 32 Euro pro Quadratmeter genannt.\r\n",
                "featured": false,
                "shy": false,
                "user_id": "089638ac-aae1-4cd6-b678-519578f1e011",
                "map_id": "fa8b1e4d-f201-448a-afe9-d7e54215a8ec",
                "status": "vacancy"
            }
        },
        {
            "type": "Feature",
            "geometry": {
                "type": "Point",
                "coordinates": [
                    8.63186,
                    50.08003
                ]
            },
            "properties": {
                "id": "93be1201-a35e-4f0a-968a-db38180b6de5",
                "created_at": "2012-05-21T21:42:02.000Z",
                "updated_at": "2024-08-20T23:23:28.384Z",
                "since": "2012-05-21T21:42:02.000Z",
                "title": "Saonestraße 3",
                "slug": "saonestrasse-3",
                "published": true,
                "buildingType": "Bürogebäude",
                "building_type": [
                    "Bürogebäude"
                ],
                "owner": "private",
                "road": "Saonestraße 3",
                "zip": "60528",
                "startdate": null,
                "enddate": null,
                "text": "Hier stehen dem Internet zufolge 4.764 Quadratmeter Bürofläche leer, ebenso wie 180 Auto-Parkflächen.\r\nVergleicht man das mit einer durchschnittlichen Wohnungsgröße von 70 Quadratmetern, so gleicht diese Fläche 68 Wohnungen. ",
                "featured": false,
                "shy": false,
                "user_id": "089638ac-aae1-4cd6-b678-519578f1e011",
                "map_id": "fa8b1e4d-f201-448a-afe9-d7e54215a8ec",
                "status": "vacancy"
            }
        },
        {
            "type": "Feature",
            "geometry": {
                "type": "Point",
                "coordinates": [
                    8.630061,
                    50.07868
                ]
            },
            "properties": {
                "id": "d2bfa4bd-488c-49b0-a3fe-c8e2d60c81d3",
                "created_at": "2012-05-21T20:59:45.000Z",
                "updated_at": "2024-08-20T23:23:28.666Z",
                "since": "2012-05-21T20:59:45.000Z",
                "title": "Lyonerstraße 27",
                "slug": "lyonerstrasse-27",
                "published": true,
                "buildingType": "Bürogebäude",
                "building_type": [
                    "Bürogebäude"
                ],
                "owner": "private",
                "road": "Lyoner Straße 27",
                "zip": "60528",
                "startdate": null,
                "enddate": null,
                "text": "Vollvermietet ist auch dieses Gebäude nicht. Eine Fläche mit 933 Quadratmetern und eine mit 1.909 Quadratmetern stehen leer. (13 und 27 Wohnungen mit rund 70 Quadratmetern würden eine entsprechende Fläche benötigen).\r\n",
                "featured": false,
                "shy": false,
                "user_id": "089638ac-aae1-4cd6-b678-519578f1e011",
                "map_id": "fa8b1e4d-f201-448a-afe9-d7e54215a8ec",
                "status": "vacancy"
            }
        },
        {
            "type": "Feature",
            "geometry": {
                "type": "Point",
                "coordinates": [
                    8.62276,
                    50.08198
                ]
            },
            "properties": {
                "id": "4fad9fc5-d51b-46c7-8ea1-a37a28a895d7",
                "created_at": "2012-05-21T20:56:29.000Z",
                "updated_at": "2024-08-20T23:23:28.578Z",
                "since": "2012-05-21T20:56:29.000Z",
                "title": "Eurohaus",
                "slug": "eurohaus",
                "published": true,
                "buildingType": "Bürogebäude",
                "building_type": [
                    "Bürogebäude"
                ],
                "owner": "private",
                "road": "Lyoner Straße 24",
                "zip": "60528",
                "startdate": null,
                "enddate": null,
                "text": "Gebaut wurde das elfgeschossige „Eurohaus“ im Jahr 1975. Gute 20 Jahre später, 1997/98 musste es schon komplett kernsaniert werden. Wenn die Angaben im Internet stimmen, stehen hier knapp 25.000 Quadratmeter Bürofläche leer. Da man seinerzeit schon üppige Parkflächen annahm, wurde 1 Stellplatz pro 60 Quadratmeter Bürofläche gebaut – 432 Stellplätze sind zu vermieten. (Auch hier mal eine Umrechnung in Wohnungen:  25.000 Quadratmeter ist soviel Fläche wie 357 Wohnungen mit etwa 70 Quadratmetern)\r\n",
                "featured": false,
                "shy": false,
                "user_id": "089638ac-aae1-4cd6-b678-519578f1e011",
                "map_id": "fa8b1e4d-f201-448a-afe9-d7e54215a8ec",
                "status": "vacancy"
            }
        },
        {
            "type": "Feature",
            "geometry": {
                "type": "Point",
                "coordinates": [
                    8.62886,
                    50.08083
                ]
            },
            "properties": {
                "id": "e9c31b0a-40be-430e-864f-a8a29aeef602",
                "created_at": "2012-05-21T20:51:47.000Z",
                "updated_at": "2024-08-20T23:23:28.702Z",
                "since": "2012-05-21T20:51:47.000Z",
                "title": "Herriot's",
                "slug": "herriot-s",
                "published": true,
                "buildingType": "Bürogebäude",
                "building_type": [
                    "Bürogebäude"
                ],
                "owner": "private",
                "road": "Herriotstraße 1",
                "zip": "60528",
                "startdate": null,
                "enddate": null,
                "text": "Das Herriot‘s ist ein Business Center – in dem insgesamt rund 7.250 Quadratmeter leer stehen. Zusätzlich sind 655 Parkplätze verfügbar. Das Gebäude wurde 2003/2004 fertiggestellt.\r\n",
                "featured": false,
                "shy": false,
                "user_id": "089638ac-aae1-4cd6-b678-519578f1e011",
                "map_id": "fa8b1e4d-f201-448a-afe9-d7e54215a8ec",
                "status": "vacancy"
            }
        },
        {
            "type": "Feature",
            "geometry": {
                "type": "Point",
                "coordinates": [
                    8.62067,
                    50.08154
                ]
            },
            "properties": {
                "id": "99100b9e-153f-48c3-adc6-277e3b152c3e",
                "created_at": "2012-05-21T20:28:41.000Z",
                "updated_at": "2024-08-20T23:23:28.909Z",
                "since": "2012-05-21T20:28:41.000Z",
                "title": "Colmarer Straße 5",
                "slug": "colmarer-strasse-5",
                "published": true,
                "buildingType": "Bürogebäude",
                "building_type": [
                    "Bürogebäude"
                ],
                "owner": "private",
                "road": "Colmarer Straße 5",
                "zip": "60528",
                "startdate": null,
                "enddate": null,
                "text": "2001 wurde dieses Gebäude gebaut. 6.500 Quadratmeter stehen insgesamt leer, außerdem 70 Stellplätze. Für Büros werden Mietpreise bis zu 10 Euro pro Quadratmeter verlangt, zuzüglich 2,50 Euro Nebenkosten. (Um den Leerstand einordnen zu können: 6.500 Quadratmeter haben rechnerisch 93 Wohnungen mit rund 70 Quadratmetern).\r\n",
                "featured": false,
                "shy": false,
                "user_id": "089638ac-aae1-4cd6-b678-519578f1e011",
                "map_id": "fa8b1e4d-f201-448a-afe9-d7e54215a8ec",
                "status": "vacancy"
            }
        },
        {
            "type": "Feature",
            "geometry": {
                "type": "Point",
                "coordinates": [
                    8.6297992,
                    50.0832255
                ]
            },
            "properties": {
                "id": "c666e37d-b2ce-4ffa-bc9a-2e114ebc4197",
                "created_at": "2012-05-21T20:50:38.000Z",
                "updated_at": "2024-08-20T23:23:28.745Z",
                "since": "2012-05-21T20:50:38.000Z",
                "title": "Lyoner Straße 11",
                "slug": "lyoner-strasse-11",
                "published": true,
                "buildingType": "Bürogebäude",
                "building_type": [
                    "Bürogebäude"
                ],
                "owner": "private",
                "road": "Lyoner Straße 11",
                "zip": "60528",
                "startdate": null,
                "enddate": null,
                "text": "1972 wurde dieses Bürogebäude mit 12 Etagen gebaut – ausnahmsweise mal mit einem Laden im Erdgeschoss. Im Internet werden 7.300 Quadratmeter zur Miete angeboten mit zusätzlich 100 Parkplätzen. Rein rechnerisch würde das gut passen, denn aus der Fläche könnte man theoretisch 100 Wohnungen mit 73 Quadratmetern machen – ein Stellplatz wäre dann auch schon dabei und im Keller gibt es noch Lagerraum. \r\nUnd sogar der Mietpreis könnte sich für Frankfurter Verhältnisse sehen lassen: 8,10 Euro pro Quadratmeter und 3,50 Euro Nebenkosten pro Quadratmeter sowie 75 Euro pro Stellplatz werden im Internet genannt.\r\n",
                "featured": false,
                "shy": false,
                "user_id": "089638ac-aae1-4cd6-b678-519578f1e011",
                "map_id": "fa8b1e4d-f201-448a-afe9-d7e54215a8ec",
                "status": "vacancy"
            }
        },
        {
            "type": "Feature",
            "geometry": {
                "type": "Point",
                "coordinates": [
                    8.62353,
                    50.07833
                ]
            },
            "properties": {
                "id": "afea9391-e6b5-4057-9a20-0a9d68d85cba",
                "created_at": "2012-05-21T20:38:30.000Z",
                "updated_at": "2024-08-20T23:23:28.835Z",
                "since": "2012-05-21T20:38:30.000Z",
                "title": "Eiermann-Bürogebäude",
                "slug": "eiermann-burogebaude",
                "published": true,
                "buildingType": "Bürogebäude",
                "building_type": [
                    "Bürogebäude"
                ],
                "owner": "private",
                "road": "Lyoner Straße 34",
                "zip": "60528",
                "startdate": null,
                "enddate": null,
                "text": "Egon Eiermann hat diese beiden Türme errichtet. Sie stehen unter Denkmalschutz und wurden 2000 komplett saniert. Komplett vermietet sind sie aber nicht. Eine Quelle sagt: 1.270 Quadratmeter stehen leer, für 10 Euro plus 4,50 Euro Nebenkosten sind sie zu mieten.\r\nEine andere Quelle sagt: 2916 Quadratmeter stehen leer, für 9 Euro plus 4 Euro Nebenkosten sind sie zu mieten.\r\nEgal was stimmt: Jedenfalls steht hier einiges leer.\r\n",
                "featured": false,
                "shy": false,
                "user_id": "089638ac-aae1-4cd6-b678-519578f1e011",
                "map_id": "fa8b1e4d-f201-448a-afe9-d7e54215a8ec",
                "status": "vacancy"
            }
        },
        {
            "type": "Feature",
            "geometry": {
                "type": "Point",
                "coordinates": [
                    8.6339966,
                    50.0798671
                ]
            },
            "properties": {
                "id": "884894c1-3d76-48f9-8684-d30bb3e0ddcf",
                "created_at": "2012-05-21T20:16:01.000Z",
                "updated_at": "2024-08-20T23:23:28.997Z",
                "since": "2012-05-21T20:16:01.000Z",
                "title": "Lyoner Stern",
                "slug": "lyoner-stern",
                "published": true,
                "buildingType": "Bürogebäude",
                "building_type": [
                    "Bürogebäude"
                ],
                "owner": "private",
                "road": "Hahnstraße 68",
                "zip": "60528",
                "startdate": null,
                "enddate": null,
                "text": "Der Lyoner Stern wurde in den letzten Jahren modernisiert. Die 10 Mietetagen stehen teilweise leer. Man findet im Internet Vermietungsangebote wie z.B. 3.200 Quadratmeter für 8 Euro zuzüglich 2,50 Euro Nebenkosten plus Mehrwertsteuer.\r\n",
                "featured": false,
                "shy": false,
                "user_id": "089638ac-aae1-4cd6-b678-519578f1e011",
                "map_id": "fa8b1e4d-f201-448a-afe9-d7e54215a8ec",
                "status": "vacancy"
            }
        },
        {
            "type": "Feature",
            "geometry": {
                "type": "Point",
                "coordinates": [
                    8.62661,
                    50.07769
                ]
            },
            "properties": {
                "id": "1ce95186-5bea-427f-b090-42247706019b",
                "created_at": "2012-05-21T20:25:57.000Z",
                "updated_at": "2024-08-20T23:23:29.041Z",
                "since": "2012-05-21T20:25:57.000Z",
                "title": "Lyoner Straße 42",
                "slug": "lyoner-strasse-42",
                "published": true,
                "buildingType": "Bürogebäude",
                "building_type": [
                    "Bürogebäude"
                ],
                "owner": "private",
                "road": "Lyoner Straße 42",
                "zip": "60528",
                "startdate": null,
                "enddate": null,
                "text": "In diesem 19-geschossigen Gebäude stehen mindestens zwei Teilflächen mit 3.891 bzw. 3.300 Quadratmetern leer. Errichtet wurde das Gebäude 1980 und 2001 fanden Modernisierungsmaßnahmen statt. Die leeren Flächen werden für 7,50 Euro angeboten zzgl. 4,50 Euro Nebenkosten und zzgl. Mehrwertsteuer. (Zur Orientierung: 3.891 Quadratmeter entspräche 55 Wohnungen mit ca. 70 Quadratmeter).\r\n",
                "featured": false,
                "shy": false,
                "user_id": "089638ac-aae1-4cd6-b678-519578f1e011",
                "map_id": "fa8b1e4d-f201-448a-afe9-d7e54215a8ec",
                "status": "vacancy"
            }
        },
        {
            "type": "Feature",
            "geometry": {
                "type": "Point",
                "coordinates": [
                    8.6708147,
                    50.1051028
                ]
            },
            "properties": {
                "id": "05e1aa06-b9c6-4792-bfd7-f0046606b8fa",
                "created_at": "2012-05-20T06:01:03.000Z",
                "updated_at": "2024-08-20T23:23:29.293Z",
                "since": "2012-05-20T06:01:03.000Z",
                "title": "Windmühlstraße 2",
                "slug": "windmuhlstrasse-2",
                "published": true,
                "buildingType": "Gewerbe-/Wohngebäude",
                "building_type": [
                    "Gewerbe-/Wohngebäude"
                ],
                "owner": "private",
                "road": "Windmühlstraße 2",
                "zip": "60329",
                "startdate": null,
                "enddate": null,
                "text": "Büroleerstand ist in den Fenstern plakatiert",
                "featured": false,
                "shy": false,
                "user_id": "2c988ac3-2a25-4b9f-85e5-1b2f540bd408",
                "map_id": "fa8b1e4d-f201-448a-afe9-d7e54215a8ec",
                "status": "vacancy"
            }
        },
        {
            "type": "Feature",
            "geometry": {
                "type": "Point",
                "coordinates": [
                    8.52613,
                    50.09963
                ]
            },
            "properties": {
                "id": "6d7b34cd-d1ee-4e92-8fb2-72b3887e09c4",
                "created_at": "2012-05-15T04:33:24.000Z",
                "updated_at": "2024-08-20T23:23:30.092Z",
                "since": "2012-05-15T04:33:24.000Z",
                "title": "Silostraße 39 - 41",
                "slug": "silostrasse-39-41",
                "published": true,
                "buildingType": "Gewerbegebäude",
                "building_type": [
                    "Gewerbegebäude"
                ],
                "owner": "private",
                "road": "Silostraße 39",
                "zip": "65929",
                "startdate": null,
                "enddate": null,
                "text": "Gewerbegebäude hat große leerstehende Flächen.",
                "featured": false,
                "shy": false,
                "user_id": "2c988ac3-2a25-4b9f-85e5-1b2f540bd408",
                "map_id": "fa8b1e4d-f201-448a-afe9-d7e54215a8ec",
                "status": "vacancy"
            }
        },
        {
            "type": "Feature",
            "geometry": {
                "type": "Point",
                "coordinates": [
                    8.7108824,
                    50.111381
                ]
            },
            "properties": {
                "id": "141e31b0-c563-42cb-a490-e70632bca6f9",
                "created_at": "2012-04-26T16:18:12.000Z",
                "updated_at": "2024-08-20T23:23:31.675Z",
                "since": "2012-04-26T16:18:12.000Z",
                "title": "Light-Tower",
                "slug": "light-tower",
                "published": true,
                "buildingType": "Bürogebäude",
                "building_type": [
                    "Bürogebäude"
                ],
                "owner": "private",
                "road": "Hanauer Landstraße 126",
                "zip": null,
                "startdate": null,
                "enddate": null,
                "text": "Laut Plakat in der Eingangshalle sind hier fünf Etagen Büroraum zu vermieten.",
                "featured": false,
                "shy": false,
                "user_id": "5e957df7-36fd-40e5-9a25-bf356c21978f",
                "map_id": "fa8b1e4d-f201-448a-afe9-d7e54215a8ec",
                "status": "vacancy"
            }
        },
        {
            "type": "Feature",
            "geometry": {
                "type": "Point",
                "coordinates": [
                    8.63054,
                    50.11703
                ]
            },
            "properties": {
                "id": "31d71dde-af36-4a3d-92a3-11f77a5064aa",
                "created_at": "2012-04-09T19:59:05.000Z",
                "updated_at": "2024-08-20T23:23:35.915Z",
                "since": "2012-04-09T19:59:05.000Z",
                "title": "Carat Büro-Center",
                "slug": "carat-buro-center",
                "published": true,
                "buildingType": "Bürogebäude",
                "building_type": [
                    "Bürogebäude"
                ],
                "owner": "private",
                "road": "Voltastraße 81",
                "zip": "60486",
                "startdate": null,
                "enddate": null,
                "text": "Soviel Platz da...\r\nEin Schild - Büros zu vermieten - hängt im Fenster. Es ist nicht klar erkennbar, ob es teilweise oder komplett leer steht.",
                "featured": false,
                "shy": false,
                "user_id": "5e957df7-36fd-40e5-9a25-bf356c21978f",
                "map_id": "fa8b1e4d-f201-448a-afe9-d7e54215a8ec",
                "status": "vacancy"
            }
        },
        {
            "type": "Feature",
            "geometry": {
                "type": "Point",
                "coordinates": [
                    8.6304069,
                    50.1185215
                ]
            },
            "properties": {
                "id": "399d5328-b089-4b24-9b13-c867a5762851",
                "created_at": "2012-04-09T18:44:52.000Z",
                "updated_at": "2024-08-20T23:23:36.048Z",
                "since": "2012-04-09T18:44:52.000Z",
                "title": "An der Dammheide 3",
                "slug": "an-der-dammheide-3",
                "published": true,
                "buildingType": "Bürogebäude",
                "building_type": [
                    "Bürogebäude"
                ],
                "owner": "private",
                "road": "An der Dammheide 3, Frankfurt",
                "zip": "60486",
                "startdate": null,
                "enddate": null,
                "text": "Bürofläche zu vermieten laut Schild im Fenster",
                "featured": false,
                "shy": false,
                "user_id": "5e957df7-36fd-40e5-9a25-bf356c21978f",
                "map_id": "fa8b1e4d-f201-448a-afe9-d7e54215a8ec",
                "status": "vacancy"
            }
        },
        {
            "type": "Feature",
            "geometry": {
                "type": "Point",
                "coordinates": [
                    8.63742,
                    50.11897
                ]
            },
            "properties": {
                "id": "c6395a3d-9ad1-4301-a0a5-bedeb3b4d361",
                "created_at": "2012-04-09T19:49:18.000Z",
                "updated_at": "2024-08-20T23:23:36.009Z",
                "since": "2012-04-09T19:49:18.000Z",
                "title": "Solmsstraße 20",
                "slug": "solmsstrasse-20",
                "published": true,
                "buildingType": "Bürogebäude",
                "building_type": [
                    "Bürogebäude"
                ],
                "owner": "private",
                "road": "Solmsstraße 20",
                "zip": "60486",
                "startdate": null,
                "enddate": null,
                "text": "Schönes, altes Bürogebäude an der Solmsstraße / Ecke Galvanistraße.\r\nTeilweise stehen hier Büros leer.",
                "featured": false,
                "shy": false,
                "user_id": "5e957df7-36fd-40e5-9a25-bf356c21978f",
                "map_id": "fa8b1e4d-f201-448a-afe9-d7e54215a8ec",
                "status": "vacancy"
            }
        },
        {
            "type": "Feature",
            "geometry": {
                "type": "Point",
                "coordinates": [
                    8.63186,
                    50.11843
                ]
            },
            "properties": {
                "id": "359e40df-7b6e-44ce-b23f-199df8e52ac7",
                "created_at": "2012-04-09T18:43:14.000Z",
                "updated_at": "2024-08-20T23:23:36.089Z",
                "since": "2012-04-09T18:43:14.000Z",
                "title": "An der Dammheide 10 - Gutenberg-Palais",
                "slug": "an-der-dammheide-10-gutenberg-palais",
                "published": true,
                "buildingType": "Bürogebäude",
                "building_type": [
                    "Bürogebäude"
                ],
                "owner": "private",
                "road": "An der Dammheide 10",
                "zip": "60486",
                "startdate": null,
                "enddate": null,
                "text": "Seit das Gebäude fertig gestellt wurde, stand immer auch ein Teil leer.\r\nZurzeit gibt es auch ein Schild im Fenster.\r\nWarum ausgerechnet dieses Gebäude, das so aussieht wie jeder andere Neubau, \"Gutenberg-Palais\" genannt wurde? ...\r\nhttp://www.gutenberg-palais.de/view2.html\r\nIn der Karte lässt sich der Marker nicht genau platzieren. Er müsste eine Straße weiter nach Westen.",
                "featured": false,
                "shy": false,
                "user_id": "5e957df7-36fd-40e5-9a25-bf356c21978f",
                "map_id": "fa8b1e4d-f201-448a-afe9-d7e54215a8ec",
                "status": "vacancy"
            }
        },
        {
            "type": "Feature",
            "geometry": {
                "type": "Point",
                "coordinates": [
                    8.62975,
                    50.11652
                ]
            },
            "properties": {
                "id": "d7116c57-5c23-49c5-bb81-fbae131e6bb0",
                "created_at": "2012-04-09T18:25:44.000Z",
                "updated_at": "2024-09-26T13:06:43.813Z",
                "since": "2012-04-09T18:25:44.000Z",
                "title": "Am Katharinenkreisel",
                "slug": "am-katharinenkreisel",
                "published": true,
                "buildingType": "Bürogebäude",
                "building_type": [
                    "Bürogebäude"
                ],
                "owner": "private",
                "road": "Theodor-Heuss-Allee 112",
                "zip": "60486",
                "startdate": null,
                "enddate": null,
                "text": "Zum Teil ist in dem Gebäude eine Kreditkartenfirma, etwa die Hälfte steht aber leer.\r\nHier werden 12.000 der 25.000 Quadratmeter angeboten.\r\nhttp://www.kalaydo.de/immobilien/immo/eisa-frankfurt-messenaehe-inklusive-moderne-architektur-top-und-neu-revitalisiert-im-jahr-2008/anzeige/?kalaydonr=27228308\r\n\r\n",
                "featured": false,
                "shy": false,
                "user_id": "5e957df7-36fd-40e5-9a25-bf356c21978f",
                "map_id": "fa8b1e4d-f201-448a-afe9-d7e54215a8ec",
                "status": "vacancy"
            }
        },
        {
            "type": "Feature",
            "geometry": {
                "type": "Point",
                "coordinates": [
                    8.6303105,
                    50.1185557
                ]
            },
            "properties": {
                "id": "7a69558d-8e95-4549-94fb-4cb0fa823868",
                "created_at": "2012-04-09T17:55:36.000Z",
                "updated_at": "2024-08-20T23:23:36.323Z",
                "since": "2012-04-09T17:55:36.000Z",
                "title": "Scala West oder State Street",
                "slug": "scala-west-oder-state-street",
                "published": true,
                "buildingType": "Bürogebäude",
                "building_type": [
                    "Bürogebäude"
                ],
                "owner": "private",
                "road": "Solmsstraße 83, Frankfurt",
                "zip": "60486",
                "startdate": null,
                "enddate": null,
                "text": "Büroflächen ab 450 Quadratmeter kann man hier mieten. \r\nKomplett vermietet war das noch junge, markante Bürohaus bisher noch nie.\r\nDie Adresse stimmt, aber der Marker sitzt falsch.\r\nHier ist der richtige Punkt:\r\nhttp://www.bing.com/maps/default.aspx?q=frankfurt+solmsstra%C3%9Fe+83\u0026mkt=de-DE\u0026FORM=BYFD",
                "featured": false,
                "shy": false,
                "user_id": "5e957df7-36fd-40e5-9a25-bf356c21978f",
                "map_id": "fa8b1e4d-f201-448a-afe9-d7e54215a8ec",
                "status": "vacancy"
            }
        },
        {
            "type": "Feature",
            "geometry": {
                "type": "Point",
                "coordinates": [
                    8.6425574,
                    50.1164152
                ]
            },
            "properties": {
                "id": "d1de3b7c-b7a2-4b5b-8efc-059b9036e5d6",
                "created_at": "2012-04-07T16:38:16.000Z",
                "updated_at": "2024-08-20T23:23:38.221Z",
                "since": "2012-04-07T16:38:16.000Z",
                "title": "Kreuznacherstraße 30",
                "slug": "kreuznacherstrasse-30",
                "published": true,
                "buildingType": "Bürogebäude",
                "building_type": [
                    "Bürogebäude"
                ],
                "owner": "private",
                "road": "Kreuznacher Straße 30",
                "zip": "60486",
                "startdate": null,
                "enddate": null,
                "text": "Büroleerstand laut Maklerschild",
                "featured": false,
                "shy": false,
                "user_id": "2c988ac3-2a25-4b9f-85e5-1b2f540bd408",
                "map_id": "fa8b1e4d-f201-448a-afe9-d7e54215a8ec",
                "status": "vacancy"
            }
        },
        {
            "type": "Feature",
            "geometry": {
                "type": "Point",
                "coordinates": [
                    8.63158,
                    50.11578
                ]
            },
            "properties": {
                "id": "6cd396c0-7fed-4478-862f-c0e05ce7ffff",
                "created_at": "2012-04-07T16:30:10.000Z",
                "updated_at": "2024-08-20T23:23:38.274Z",
                "since": "2012-04-07T16:30:10.000Z",
                "title": "Theodor-Heuss-Allee 108",
                "slug": "theodor-heuss-allee-108",
                "published": true,
                "buildingType": "Bürogebäude",
                "building_type": [
                    "Bürogebäude"
                ],
                "owner": "private",
                "road": "Theodor-Heuss-Allee 108",
                "zip": "60486",
                "startdate": null,
                "enddate": null,
                "text": "Büroleerstand laut Maklerschild",
                "featured": false,
                "shy": false,
                "user_id": "2c988ac3-2a25-4b9f-85e5-1b2f540bd408",
                "map_id": "fa8b1e4d-f201-448a-afe9-d7e54215a8ec",
                "status": "vacancy"
            }
        },
        {
            "type": "Feature",
            "geometry": {
                "type": "Point",
                "coordinates": [
                    8.63226,
                    50.11652
                ]
            },
            "properties": {
                "id": "32b0bc47-0129-4f42-957e-7f7500639cc3",
                "created_at": "2012-04-07T16:34:02.000Z",
                "updated_at": "2024-09-26T13:06:36.799Z",
                "since": "2012-04-07T16:34:02.000Z",
                "title": "Franklinstraße 52",
                "slug": "franklinstrasse-52",
                "published": true,
                "buildingType": "Bürogebäude",
                "building_type": [
                    "Bürogebäude"
                ],
                "owner": "private",
                "road": "Franklinstraße 52",
                "zip": "60486",
                "startdate": null,
                "enddate": null,
                "text": "Keine erkennbare Nutzung, kein Firmenschild",
                "featured": false,
                "shy": false,
                "user_id": "2c988ac3-2a25-4b9f-85e5-1b2f540bd408",
                "map_id": "fa8b1e4d-f201-448a-afe9-d7e54215a8ec",
                "status": "vacancy"
            }
        },
        {
            "type": "Feature",
            "geometry": {
                "type": "Point",
                "coordinates": [
                    8.62881,
                    50.11758
                ]
            },
            "properties": {
                "id": "e0426c1a-2054-4757-b9f9-46c27a30a99f",
                "created_at": "2012-04-07T16:23:49.000Z",
                "updated_at": "2024-09-26T13:06:36.665Z",
                "since": "2012-04-07T16:23:49.000Z",
                "title": "Franklinstraße 60 - 62",
                "slug": "franklinstrasse-60-62",
                "published": true,
                "buildingType": "Bürogebäude",
                "building_type": [
                    "Bürogebäude"
                ],
                "owner": "private",
                "road": "Franklinstraße 60",
                "zip": "60486",
                "startdate": null,
                "enddate": null,
                "text": "Büroleerstand",
                "featured": false,
                "shy": false,
                "user_id": "2c988ac3-2a25-4b9f-85e5-1b2f540bd408",
                "map_id": "fa8b1e4d-f201-448a-afe9-d7e54215a8ec",
                "status": "vacancy"
            }
        },
        {
            "type": "Feature",
            "geometry": {
                "type": "Point",
                "coordinates": [
                    8.63179,
                    50.11651
                ]
            },
            "properties": {
                "id": "b044aac2-967a-4087-ac3b-5e0b304f4f3c",
                "created_at": "2012-04-07T16:27:50.000Z",
                "updated_at": "2024-09-26T13:06:36.760Z",
                "since": "2012-04-07T16:27:50.000Z",
                "title": "Franklinstraße 56",
                "slug": "franklinstrasse-56",
                "published": true,
                "buildingType": "Bürogebäude",
                "building_type": [
                    "Bürogebäude"
                ],
                "owner": "private",
                "road": "Franklinstraße 56",
                "zip": "60486",
                "startdate": null,
                "enddate": null,
                "text": "Büroleerstand laut Maklerschild",
                "featured": false,
                "shy": false,
                "user_id": "2c988ac3-2a25-4b9f-85e5-1b2f540bd408",
                "map_id": "fa8b1e4d-f201-448a-afe9-d7e54215a8ec",
                "status": "vacancy"
            }
        },
        {
            "type": "Feature",
            "geometry": {
                "type": "Point",
                "coordinates": [
                    8.6611185,
                    50.1147151
                ]
            },
            "properties": {
                "id": "d5364e78-3db7-454f-be53-19a0a77b403d",
                "created_at": "2012-04-07T16:11:54.000Z",
                "updated_at": "2024-08-20T23:23:38.536Z",
                "since": "2012-04-07T16:11:54.000Z",
                "title": "Lindenstrasse  85",
                "slug": "lindenstrasse-85",
                "published": true,
                "buildingType": "Bürogebäude",
                "building_type": [
                    "Bürogebäude"
                ],
                "owner": "private",
                "road": "Lindenstraße 85",
                "zip": "60325",
                "startdate": null,
                "enddate": null,
                "text": "Es sind laut Schild 236 qm zu vermieten. Weiterhin Leerstand",
                "featured": false,
                "shy": false,
                "user_id": "2c988ac3-2a25-4b9f-85e5-1b2f540bd408",
                "map_id": "fa8b1e4d-f201-448a-afe9-d7e54215a8ec",
                "status": "vacancy"
            }
        },
        {
            "type": "Feature",
            "geometry": {
                "type": "Point",
                "coordinates": [
                    8.6550227,
                    50.1132007
                ]
            },
            "properties": {
                "id": "b628a89a-dd51-46fd-9586-ec28d3417259",
                "created_at": "2012-04-07T15:39:57.000Z",
                "updated_at": "2024-09-26T13:07:10.151Z",
                "since": "2012-04-07T15:39:57.000Z",
                "title": "Schumannstraße 4",
                "slug": "schumannstrasse-4",
                "published": true,
                "buildingType": "Bürogebäude",
                "building_type": [
                    "Bürogebäude"
                ],
                "owner": null,
                "road": "Schumannstraße 4",
                "zip": "60325",
                "startdate": null,
                "enddate": null,
                "text": "Es gibt keine erkennbare Nutzung.",
                "featured": false,
                "shy": false,
                "user_id": "2c988ac3-2a25-4b9f-85e5-1b2f540bd408",
                "map_id": "fa8b1e4d-f201-448a-afe9-d7e54215a8ec",
                "status": "vacancy"
            }
        },
        {
            "type": "Feature",
            "geometry": {
                "type": "Point",
                "coordinates": [
                    8.6546533,
                    50.1129979
                ]
            },
            "properties": {
                "id": "06743f68-a562-42d1-894e-20d62e7de5ab",
                "created_at": "2012-04-07T15:21:45.000Z",
                "updated_at": "2024-09-26T13:07:20.913Z",
                "since": "2012-04-07T15:21:45.000Z",
                "title": "Friedrich-Ebert-Anlage 54",
                "slug": "friedrich-ebert-anlage-54",
                "published": true,
                "buildingType": "Bürogebäude",
                "building_type": [
                    "Bürogebäude"
                ],
                "owner": "private",
                "road": "Friedrich-Ebert-Anlage 54",
                "zip": "60325",
                "startdate": null,
                "enddate": null,
                "text": "Büroleerstand.\r\nDas schmale Glas-Beton-Gebäude ist markant. \r\n",
                "featured": false,
                "shy": false,
                "user_id": "2c988ac3-2a25-4b9f-85e5-1b2f540bd408",
                "map_id": "fa8b1e4d-f201-448a-afe9-d7e54215a8ec",
                "status": "vacancy"
            }
        },
        {
            "type": "Feature",
            "geometry": {
                "type": "Point",
                "coordinates": [
                    8.6448041,
                    50.1212078
                ]
            },
            "properties": {
                "id": "b9deb2d1-094b-43d0-a885-91954466207d",
                "created_at": "2012-04-06T09:32:40.000Z",
                "updated_at": "2024-08-20T23:23:39.054Z",
                "since": "2012-04-06T09:32:40.000Z",
                "title": "Am Rohmerplatz",
                "slug": "am-rohmerplatz",
                "published": true,
                "buildingType": "Bürogebäude",
                "building_type": [
                    "Bürogebäude"
                ],
                "owner": null,
                "road": "Rohmerplatz 33",
                "zip": "60486",
                "startdate": null,
                "enddate": null,
                "text": "Im Erdgeschoss ist eine Postfiliale. Darüber ist Leerstand, ca. 800 Quadratmeter:\r\nhttp://www.kalaydo.de/immobilien/immo/eisa-frankfurt-modernisierter-stilaltbau-gute-lage-ein-besonderes-gebaeude/anzeige/?kalaydonr=27228126",
                "featured": false,
                "shy": false,
                "user_id": "5e957df7-36fd-40e5-9a25-bf356c21978f",
                "map_id": "fa8b1e4d-f201-448a-afe9-d7e54215a8ec",
                "status": "vacancy"
            }
        },
        {
            "type": "Feature",
            "geometry": {
                "type": "Point",
                "coordinates": [
                    8.6842471,
                    50.1278618
                ]
            },
            "properties": {
                "id": "08d43d45-2af3-4159-8095-cfda654ed993",
                "created_at": "2012-04-05T08:02:48.000Z",
                "updated_at": "2024-08-20T23:23:39.277Z",
                "since": "2012-04-05T08:02:48.000Z",
                "title": "Humboldtstraße 94",
                "slug": "humboldtstrasse-94",
                "published": true,
                "buildingType": "Bürogebäude",
                "building_type": [
                    "Bürogebäude"
                ],
                "owner": "private",
                "road": "Humboldtstraße 94",
                "zip": "60318",
                "startdate": null,
                "enddate": null,
                "text": "Bis vor kurzem waren hier Büros vom Caritas Verband.\r\nAktuell stehen offenbar insgesamt 470 Quadratmeter leer.\r\n\r\nEin Foto findet man hier:\r\nhttp://home.immobilienscout24.de/2637750/expose/63450924",
                "featured": false,
                "shy": false,
                "user_id": "5e957df7-36fd-40e5-9a25-bf356c21978f",
                "map_id": "fa8b1e4d-f201-448a-afe9-d7e54215a8ec",
                "status": "vacancy"
            }
        },
        {
            "type": "Feature",
            "geometry": {
                "type": "Point",
                "coordinates": [
                    8.65417,
                    50.11346
                ]
            },
            "properties": {
                "id": "3782d0bb-add7-4288-b807-ec4e8b5c2a0f",
                "created_at": "2012-04-04T11:44:40.000Z",
                "updated_at": "2024-09-26T13:07:07.434Z",
                "since": "2012-04-04T11:44:40.000Z",
                "title": "Friedrich-Ebert-Anlage 56",
                "slug": "friedrich-ebert-anlage-56",
                "published": true,
                "buildingType": "Bürogebäude",
                "building_type": [
                    "Bürogebäude"
                ],
                "owner": "private",
                "road": "Friedrich-Ebert-Anlage 56",
                "zip": "60325",
                "startdate": null,
                "enddate": null,
                "text": "In dem schönen Gebäude aus den fünfziger Jahren gibt es eindeutig ein paar Mieter, aber ein Immobilienmakler hat sein Schild platziert und bietet Büroflächen zur Miete an.",
                "featured": false,
                "shy": false,
                "user_id": "5e957df7-36fd-40e5-9a25-bf356c21978f",
                "map_id": "fa8b1e4d-f201-448a-afe9-d7e54215a8ec",
                "status": "vacancy"
            }
        },
        {
            "type": "Feature",
            "geometry": {
                "type": "Point",
                "coordinates": [
                    8.6552,
                    50.11089
                ]
            },
            "properties": {
                "id": "a2304536-bbc6-44a7-b1f5-f38352de5a32",
                "created_at": "2012-04-04T11:58:37.000Z",
                "updated_at": "2024-09-26T13:07:07.391Z",
                "since": "2012-04-04T11:58:37.000Z",
                "title": "Pollux",
                "slug": "pollux",
                "published": true,
                "buildingType": "Bürogebäude",
                "building_type": [
                    "Bürogebäude"
                ],
                "owner": "private",
                "road": "Platz der Einheit 2",
                "zip": "60327",
                "startdate": null,
                "enddate": null,
                "text": "Pollux ist das \"rundere\" und höhere Gebäude von Castor und Pollux neben dem Messeturm.\r\nInseraten im Internet zufolge stehen von den 32.000 Quadratmetern Gesamtfläche knapp 13.300 Quadratmeter - also über 41% - leer.\r\nUm sich das Ausmaß des Leerstands vor Augen zu führen: 185 Wohnungen mit rund 70 Quadratmetern würden eine solche Fläche von 13.300 Quadratmetern \"verbrauchen\".",
                "featured": false,
                "shy": false,
                "user_id": "5e957df7-36fd-40e5-9a25-bf356c21978f",
                "map_id": "fa8b1e4d-f201-448a-afe9-d7e54215a8ec",
                "status": "vacancy"
            }
        },
        {
            "type": "Feature",
            "geometry": {
                "type": "Point",
                "coordinates": [
                    8.6415591,
                    50.11685
                ]
            },
            "properties": {
                "id": "42695ed0-4942-4b9d-a0ed-86ef50779638",
                "created_at": "2012-03-28T09:53:05.000Z",
                "updated_at": "2024-08-20T23:23:42.546Z",
                "since": "2012-03-28T09:53:05.000Z",
                "title": "Voltastraße - Kita im EG",
                "slug": "voltastrasse-kita-im-eg",
                "published": true,
                "buildingType": "Bürogebäude",
                "building_type": [
                    "Bürogebäude"
                ],
                "owner": "private",
                "road": "Voltastraße 7",
                "zip": "60486",
                "startdate": null,
                "enddate": null,
                "text": "Der größte Teil des Gebäudes steht leer. Im Erdgeschoss ist seit wenigen Jahren eine Kita von einem privaten Betreiber. Der Rest des Bürogebäudes wird nicht genutzt.",
                "featured": false,
                "shy": false,
                "user_id": "5e957df7-36fd-40e5-9a25-bf356c21978f",
                "map_id": "fa8b1e4d-f201-448a-afe9-d7e54215a8ec",
                "status": "vacancy"
            }
        },
        {
            "type": "Feature",
            "geometry": {
                "type": "Point",
                "coordinates": [
                    8.6384988,
                    50.1168533
                ]
            },
            "properties": {
                "id": "da4281d5-ffaa-463f-8e77-109e32188ba4",
                "created_at": "2012-03-28T09:48:36.000Z",
                "updated_at": "2024-08-20T23:23:42.586Z",
                "since": "2012-03-28T09:48:36.000Z",
                "title": "Voltastraße, Baujahr 1900",
                "slug": "voltastrasse-baujahr-1900",
                "published": true,
                "buildingType": "Bürogebäude",
                "building_type": [
                    "Bürogebäude"
                ],
                "owner": "private",
                "road": "Voltastraße 31",
                "zip": "60486",
                "startdate": null,
                "enddate": null,
                "text": "Das Gebäude aus dem Jahr 1900 wurde saniert, umgebaut. Nun stehen knapp 3.000m² schon lange leer. Im Internet findet man Preise zwischen 6 und 13 Euro für den Quadratmeter. Braucht man neue Bürogebäude in der Gegend, wenn hier alles leer steht?\r\n",
                "featured": false,
                "shy": false,
                "user_id": "5e957df7-36fd-40e5-9a25-bf356c21978f",
                "map_id": "fa8b1e4d-f201-448a-afe9-d7e54215a8ec",
                "status": "vacancy"
            }
        },
        {
            "type": "Feature",
            "geometry": {
                "type": "Point",
                "coordinates": [
                    8.6547633,
                    50.1198155
                ]
            },
            "properties": {
                "id": "82c6b436-8fb8-4fa6-818a-407f82d87fd9",
                "created_at": "2012-03-28T09:37:54.000Z",
                "updated_at": "2024-08-20T23:23:42.742Z",
                "since": "2012-03-28T09:37:54.000Z",
                "title": "Roter Punkt Frankfurt",
                "slug": "roter-punkt-frankfurt",
                "published": true,
                "buildingType": "Bürogebäude",
                "building_type": [
                    "Bürogebäude"
                ],
                "owner": "private",
                "road": "Bockenheimer Landstraße 101",
                "zip": "60325",
                "startdate": null,
                "enddate": null,
                "text": "Ein schönes Gebäude aus den 50er Jahren, frisch saniert, steht in der Bockenheimer Landstraße 101 (aber der Marker springt nicht auf den richtigen Punkt). Apropos Punkt: die sechs Geschosse mit knapp 500 Quadratmetern sollen über eine gesonderte website roter-punkt-frankfurt.de vermietet werden. Wie lange es dauert, bis die roten Punkte auf der Fassade verschwunden sind?",
                "featured": false,
                "shy": false,
                "user_id": "5e957df7-36fd-40e5-9a25-bf356c21978f",
                "map_id": "fa8b1e4d-f201-448a-afe9-d7e54215a8ec",
                "status": "vacancy"
            }
        },
        {
            "type": "Feature",
            "geometry": {
                "type": "Point",
                "coordinates": [
                    8.6636,
                    50.11477
                ]
            },
            "properties": {
                "id": "05b35743-606c-4dee-a7e7-23370af3bc10",
                "created_at": "2012-03-27T08:17:55.000Z",
                "updated_at": "2024-09-26T13:07:10.423Z",
                "since": "2012-03-27T08:17:55.000Z",
                "title": "Guiollettstraße 54",
                "slug": "guiollettstrasse-54",
                "published": true,
                "buildingType": "Bürogebäude",
                "building_type": [
                    "Bürogebäude"
                ],
                "owner": "private",
                "road": "Guiollettstraße 54",
                "zip": "60325",
                "startdate": null,
                "enddate": null,
                "text": "Massig Leerstand mitten im Westend. Das ganze Bürohaus (2.500 qm) ist leer.\r\nhttp://www.immobilienscout24.de/expose/55007312\r\n",
                "featured": false,
                "shy": false,
                "user_id": "5e957df7-36fd-40e5-9a25-bf356c21978f",
                "map_id": "fa8b1e4d-f201-448a-afe9-d7e54215a8ec",
                "status": "vacancy"
            }
        },
        {
            "type": "Feature",
            "geometry": {
                "type": "Point",
                "coordinates": [
                    8.6266933,
                    50.1133789
                ]
            },
            "properties": {
                "id": "f9479177-ccc9-460f-9eca-98755cc6299e",
                "created_at": "2012-03-21T12:57:47.000Z",
                "updated_at": "2024-09-26T13:07:29.270Z",
                "since": "2012-03-21T12:57:47.000Z",
                "title": "Rebstockgelände - ausgewiesene Büroflächenbrache",
                "slug": "rebstockgelande-ausgewiesene-buroflachenbrache",
                "published": true,
                "buildingType": "Brachfläche",
                "building_type": [
                    "Brachfläche"
                ],
                "owner": null,
                "road": "Leonardo-da-Vinci-Allee 10",
                "zip": "60486",
                "startdate": null,
                "enddate": null,
                "text": "Seit nunmehr 10 Jahren wartet diese Brachfläche darauf, dass die geplanten Bürogebäude errichtet werden. 280.000 Quadratmeter in zum Teil 14- und sogar 20-geschossigen Gebäuden sind in dem \"preisgekrönten Entwurf\" festgeschrieben worden. Während nebenan die etwa 200.000 Quadratmeter Wohnbaufläche fast vollständig fertiggestellt sind, hat es hier bisher gerade mal zu zwei Hotels und der Unfallkasse Hessen gereicht. Aber anstatt die Reißleine zu ziehen, den veralteten Plan zu ändern und wenigstens teilweise, zur Leonardo-Da-Vinci-Allee hin weiteren Wohnungsbau zu ermöglichen, fanden hier keinerlei Aktivitäten statt - nur ab und zu wurde mal einer der umherstehenden Bäume gefällt.",
                "featured": false,
                "shy": false,
                "user_id": "601a4baa-d58b-49c3-86a7-c13f6e63695e",
                "map_id": "fa8b1e4d-f201-448a-afe9-d7e54215a8ec",
                "status": "vacancy"
            }
        },
        {
            "type": "Feature",
            "geometry": {
                "type": "Point",
                "coordinates": [
                    8.65276,
                    50.11238
                ]
            },
            "properties": {
                "id": "dacce88b-d233-4e34-8735-e109017df71f",
                "created_at": "2012-03-21T23:36:30.000Z",
                "updated_at": "2024-09-26T13:07:06.440Z",
                "since": "2012-03-21T23:36:30.000Z",
                "title": "Messeturm",
                "slug": "messeturm",
                "published": true,
                "buildingType": "Bürogebäude",
                "building_type": [
                    "Bürogebäude"
                ],
                "owner": "private",
                "road": "Friedrich-Ebert-Anlage 49",
                "zip": "60308",
                "startdate": null,
                "enddate": null,
                "text": "Voll vermietet war der Messeturm wohl noch nie. Lange standen ca. 40% leer.\r\n\r\nLaut Immobilienzeitung vom Mai 2011 war der Messeturm zu 35% leer.\r\nhttp://www.immobilien-zeitung.de/109791/bny-mellon-im-messeturm\r\nEin Grund für die verbesserte Vermietung könnte die energetische Sanierung des Turms sein.\r\nDer Turm konkurriert weiter mit Neubauten wie dem Tower 185.\r\nGibt es aktuellere Zahlen?\r\n\r\n",
                "featured": false,
                "shy": false,
                "user_id": "5e957df7-36fd-40e5-9a25-bf356c21978f",
                "map_id": "fa8b1e4d-f201-448a-afe9-d7e54215a8ec",
                "status": "vacancy"
            }
        },
        {
            "type": "Feature",
            "geometry": {
                "type": "Point",
                "coordinates": [
                    8.6996,
                    50.12543
                ]
            },
            "properties": {
                "id": "acf0541f-bbf2-499d-b349-d27f312bf1bf",
                "created_at": "2012-03-18T11:05:25.000Z",
                "updated_at": "2024-09-26T13:07:53.421Z",
                "since": "2012-03-18T11:05:25.000Z",
                "title": "Wohnhaus mit Gaststätte",
                "slug": "wohnhaus-mit-gaststatte",
                "published": true,
                "buildingType": "Wohngebäude",
                "building_type": [
                    "Wohngebäude"
                ],
                "owner": null,
                "road": "Burgstraße 45",
                "zip": "60389",
                "startdate": null,
                "enddate": null,
                "text": "Wohnhaus Ecke Burgstraße Rothschildallee",
                "featured": false,
                "shy": false,
                "user_id": "45ff24eb-d087-4c05-98d5-8a2cb29e143a",
                "map_id": "fa8b1e4d-f201-448a-afe9-d7e54215a8ec",
                "status": "vacancy"
            }
        },
        {
            "type": "Feature",
            "geometry": {
                "type": "Point",
                "coordinates": [
                    8.7017572,
                    50.1002874
                ]
            },
            "properties": {
                "id": "8a9c75a2-c4d5-4e10-b3d9-36d0798b4fae",
                "created_at": "2012-03-14T12:40:15.000Z",
                "updated_at": "2024-08-20T23:23:47.210Z",
                "since": "2012-03-14T12:40:15.000Z",
                "title": "Wohnhaus am Mühlkanal",
                "slug": "wohnhaus-am-muhlkanal",
                "published": true,
                "buildingType": "Wohngebäude",
                "building_type": [
                    "Wohngebäude"
                ],
                "owner": "private",
                "road": "Am Mühlkanal 21",
                "zip": "60599",
                "startdate": null,
                "enddate": null,
                "text": "Das Wohnhaus Am Mühlkanal 21 steht leer, die Mülltonnen sind umgefallen, die Zeitungen sammlen sich vor der Haustür und der Briefkasten ist mit Tesafilm zugeklebt. Es ist ein hübsches kleines Wohnhaus mit 2 Etagen, einem Vorgarten und Balkonen auf der Rückseite. \r\nWeiß jemand mehr über dieses Haus?",
                "featured": false,
                "shy": false,
                "user_id": "601a4baa-d58b-49c3-86a7-c13f6e63695e",
                "map_id": "fa8b1e4d-f201-448a-afe9-d7e54215a8ec",
                "status": "vacancy"
            }
        },
        {
            "type": "Feature",
            "geometry": {
                "type": "Point",
                "coordinates": [
                    8.66222,
                    50.12872
                ]
            },
            "properties": {
                "id": "4e8c4220-67c2-470a-b883-45db2fab4cc8",
                "created_at": "2012-03-14T08:54:29.000Z",
                "updated_at": "2024-09-26T13:07:42.464Z",
                "since": "2012-03-14T08:54:29.000Z",
                "title": "Wohnhaus am Grüneburgpark",
                "slug": "wohnhaus-am-gruneburgpark",
                "published": true,
                "buildingType": "Wohngebäude",
                "building_type": [
                    "Wohngebäude"
                ],
                "owner": null,
                "road": "Sebastian-Rinz-Straße 1",
                "zip": "60323",
                "startdate": null,
                "enddate": null,
                "text": "Vor rund einem halben Jahr sind die Bewohner ausgezogen, seither steht das Haus am Rand des Grüneburgparks leer.",
                "featured": false,
                "shy": false,
                "user_id": "601a4baa-d58b-49c3-86a7-c13f6e63695e",
                "map_id": "fa8b1e4d-f201-448a-afe9-d7e54215a8ec",
                "status": "vacancy"
            }
        },
        {
            "type": "Feature",
            "geometry": {
                "type": "Point",
                "coordinates": [
                    8.6268388,
                    50.1292071
                ]
            },
            "properties": {
                "id": "c902d1dc-34c3-4e06-99ce-cf14284343db",
                "created_at": "2012-03-11T06:40:22.000Z",
                "updated_at": "2024-09-26T13:07:20.779Z",
                "since": "2012-03-11T06:40:22.000Z",
                "title": "Tilsiter Straße 1",
                "slug": "tilsiter-strasse-1",
                "published": true,
                "buildingType": "Bürogebäude",
                "building_type": [
                    "Bürogebäude"
                ],
                "owner": "private",
                "road": "Tilsiter Straße 1",
                "zip": "60487",
                "startdate": null,
                "enddate": null,
                "text": "Der große Bürokomplex, in dem die Firma Vereinigte Wirtschaftsdienste (vwd) Büros hat, hat an der Fassade entlang der Straße Am Industriehof großflächig Büroleerstand plakatiert. Fenster im EG sind schon durch Holzplatten ersetzt, was auf allmähliche Verwahrlosung hindeutet. Das Gebäude liegt direkt an der Haltestelle von U6, U7 und einer Bushaltestelle und ist somit gut erreichbar. Wäre eine Umplanung zu einer teilweisen Wohnungsnutzung darstellbar? Bedarf gibt es genug, auch für Studierende.",
                "featured": false,
                "shy": false,
                "user_id": "2c988ac3-2a25-4b9f-85e5-1b2f540bd408",
                "map_id": "fa8b1e4d-f201-448a-afe9-d7e54215a8ec",
                "status": "vacancy"
            }
        },
        {
            "type": "Feature",
            "geometry": {
                "type": "Point",
                "coordinates": [
                    8.6806675,
                    50.1214581
                ]
            },
            "properties": {
                "id": "f185c309-05ac-4b49-b4eb-5e7aad221672",
                "created_at": "2012-03-08T14:16:55.000Z",
                "updated_at": "2024-09-26T13:07:41.288Z",
                "since": "2012-03-08T14:16:55.000Z",
                "title": "Oederweg 52 - 54",
                "slug": "oederweg-52-54",
                "published": true,
                "buildingType": "Gewerbegebäude",
                "building_type": [
                    "Gewerbegebäude"
                ],
                "owner": "private",
                "road": "Oeder Weg 52",
                "zip": "60318",
                "startdate": null,
                "enddate": null,
                "text": "Das graue Gebäude hat an der Hausfront Büroleerstand plakatiert. Im EG sind Ladengeschäfte.",
                "featured": false,
                "shy": false,
                "user_id": "2c988ac3-2a25-4b9f-85e5-1b2f540bd408",
                "map_id": "fa8b1e4d-f201-448a-afe9-d7e54215a8ec",
                "status": "vacancy"
            }
        },
        {
            "type": "Feature",
            "geometry": {
                "type": "Point",
                "coordinates": [
                    8.6822945,
                    50.1198216
                ]
            },
            "properties": {
                "id": "3549251d-df1d-4437-bebc-51a4be1ecb80",
                "created_at": "2012-03-08T14:32:15.000Z",
                "updated_at": "2024-09-26T13:07:32.192Z",
                "since": "2012-03-08T14:32:15.000Z",
                "title": "Sternstraße 11",
                "slug": "sternstrasse-11",
                "published": true,
                "buildingType": "Wohngebäude",
                "building_type": [
                    "Wohngebäude"
                ],
                "owner": "private",
                "road": "Sternstraße 11",
                "zip": "60318",
                "startdate": null,
                "enddate": null,
                "text": "In dem Wohnhaus steht eine Etage seit langem leer.",
                "featured": false,
                "shy": false,
                "user_id": "2c988ac3-2a25-4b9f-85e5-1b2f540bd408",
                "map_id": "fa8b1e4d-f201-448a-afe9-d7e54215a8ec",
                "status": "vacancy"
            }
        },
        {
            "type": "Feature",
            "geometry": {
                "type": "Point",
                "coordinates": [
                    8.6821566,
                    50.1199016
                ]
            },
            "properties": {
                "id": "8c733509-0773-4f5b-b3fc-53f9b8d6885a",
                "created_at": "2012-03-08T14:36:29.000Z",
                "updated_at": "2024-09-26T13:07:32.144Z",
                "since": "2012-03-08T14:36:29.000Z",
                "title": "Sternstraße 13",
                "slug": "sternstrasse-13",
                "published": true,
                "buildingType": "Wohngebäude",
                "building_type": [
                    "Wohngebäude"
                ],
                "owner": "private",
                "road": "Sternstraße 13",
                "zip": "60318",
                "startdate": null,
                "enddate": null,
                "text": "Das Wohnhaus mit 5 Geschossen steht seit 5 Jahren leer, so stellt die Nachbarschaft fest.",
                "featured": false,
                "shy": false,
                "user_id": "2c988ac3-2a25-4b9f-85e5-1b2f540bd408",
                "map_id": "fa8b1e4d-f201-448a-afe9-d7e54215a8ec",
                "status": "vacancy"
            }
        },
        {
            "type": "Feature",
            "geometry": {
                "type": "Point",
                "coordinates": [
                    8.67668,
                    50.1113
                ]
            },
            "properties": {
                "id": "aba1c715-5f9e-4585-b9a7-74b5c9d806a9",
                "created_at": "2012-03-01T09:58:38.000Z",
                "updated_at": "2024-09-26T13:07:11.980Z",
                "since": "2012-03-01T09:58:38.000Z",
                "title": "Kaiserstraße 5a",
                "slug": "kaiserstrasse-5a",
                "published": true,
                "buildingType": "Gewerbegebäude",
                "building_type": [
                    "Gewerbegebäude"
                ],
                "owner": "private",
                "road": "Kaiserstraße 5A",
                "zip": "60311",
                "startdate": null,
                "enddate": null,
                "text": "An der Gründerzeitfassade hängen an den oberen Etagen Schilder mit Büroleerstand",
                "featured": false,
                "shy": false,
                "user_id": "2c988ac3-2a25-4b9f-85e5-1b2f540bd408",
                "map_id": "fa8b1e4d-f201-448a-afe9-d7e54215a8ec",
                "status": "vacancy"
            }
        },
        {
            "type": "Feature",
            "geometry": {
                "type": "Point",
                "coordinates": [
                    8.6755245,
                    50.121794
                ]
            },
            "properties": {
                "id": "9e28bff5-dd00-4186-80e0-343f4a998eb0",
                "created_at": "2012-02-26T07:48:02.000Z",
                "updated_at": "2024-08-20T23:23:48.837Z",
                "since": "2012-02-26T07:48:02.000Z",
                "title": "Eschersheimer Landstraße 55",
                "slug": "eschersheimer-landstrasse-55",
                "published": true,
                "buildingType": "Bürogebäude",
                "building_type": [
                    "Bürogebäude"
                ],
                "owner": "private",
                "road": "Eschersheimer Landstraße 55",
                "zip": "60322",
                "startdate": null,
                "enddate": null,
                "text": "Büroleerstand in ca. 4 Etagen, direkt an der U-Bahnstation Grüneburgweg gelegen.",
                "featured": false,
                "shy": false,
                "user_id": "2c988ac3-2a25-4b9f-85e5-1b2f540bd408",
                "map_id": "fa8b1e4d-f201-448a-afe9-d7e54215a8ec",
                "status": "vacancy"
            }
        },
        {
            "type": "Feature",
            "geometry": {
                "type": "Point",
                "coordinates": [
                    8.6754225,
                    50.1233839
                ]
            },
            "properties": {
                "id": "d13f83e1-8f77-4c1d-989c-99b0dc4b916d",
                "created_at": "2012-02-26T07:54:09.000Z",
                "updated_at": "2024-08-20T23:23:48.893Z",
                "since": "2012-02-26T07:54:09.000Z",
                "title": "Eschersheimer Landstraße 75",
                "slug": "eschersheimer-landstrasse-75",
                "published": true,
                "buildingType": "Wohngebäude, im EG Laden",
                "building_type": [
                    "Wohngebäude, im EG Laden"
                ],
                "owner": "private",
                "road": "Eschersheimer Landstraße 75",
                "zip": "60322",
                "startdate": null,
                "enddate": null,
                "text": "Das Ladengeschäft, vorher Weinschmecker Burkhard, steht leer.",
                "featured": false,
                "shy": false,
                "user_id": "2c988ac3-2a25-4b9f-85e5-1b2f540bd408",
                "map_id": "fa8b1e4d-f201-448a-afe9-d7e54215a8ec",
                "status": "vacancy"
            }
        },
        {
            "type": "Feature",
            "geometry": {
                "type": "Point",
                "coordinates": [
                    8.671247,
                    50.118208
                ]
            },
            "properties": {
                "id": "dfa80995-2b45-4cac-87e0-5db432fd3a84",
                "created_at": "2012-02-26T07:31:20.000Z",
                "updated_at": "2024-09-26T13:07:06.579Z",
                "since": "2012-02-26T07:31:20.000Z",
                "title": "Reuterweg 16 Frankfurter Welle",
                "slug": "reuterweg-16-frankfurter-welle",
                "published": true,
                "buildingType": "Büros, Restaurants, Hotel, Fitness",
                "building_type": [
                    "Büros, Restaurants, Hotel, Fitness"
                ],
                "owner": "private",
                "road": "Reuterweg 16",
                "zip": "60323",
                "startdate": null,
                "enddate": null,
                "text": "Die \"Frankfurter Welle\" im Westend hinter der Alten Oper hatte von Beginn an große Probleme mit der Vermarktung  und dem Leerstand. So wurden Verträge mit 1 Jahr oder 2 Jahren kostenfreier Miete abgeschlossen. Ungefähr Zweidrittel des gesamten Gebäudekomplexes stehen leer, viel umbaute Luft also. Die Bruttogeschoßfläche war enorm erhöht worden mit dem Versprechen, daß Wohnungen gebaut werden, die jedoch nie entstanden. Stattdessen gibt es ein Boarding-House bzw. Hotel (Foto 2). Der Verlust von wertvollen Bäumen und Büschen, die eine Vogelvielfalt angezogen hatte, wurde nicht annähernd ausgeglichen. Im Internet ist \"Die Welle\" in Frankfurt auf verschiedenen Seiten, auch Wikipedia, repräsentiert.",
                "featured": false,
                "shy": false,
                "user_id": "2c988ac3-2a25-4b9f-85e5-1b2f540bd408",
                "map_id": "fa8b1e4d-f201-448a-afe9-d7e54215a8ec",
                "status": "vacancy"
            }
        },
        {
            "type": "Feature",
            "geometry": {
                "type": "Point",
                "coordinates": [
                    8.66749,
                    50.11602
                ]
            },
            "properties": {
                "id": "3521e648-1cc6-4973-9f52-74c0471e9335",
                "created_at": "2012-02-13T19:08:40.000Z",
                "updated_at": "2024-09-26T13:07:39.313Z",
                "since": "2012-02-13T19:08:40.000Z",
                "title": "Bockenheimer Landstraße 25",
                "slug": "bockenheimer-landstrasse-25",
                "published": true,
                "buildingType": "Gewerbegebäude",
                "building_type": [
                    "Gewerbegebäude"
                ],
                "owner": "private",
                "road": "Bockenheimer Landstraße 25",
                "zip": "60325",
                "startdate": null,
                "enddate": null,
                "text": "Das klassizistische Gebäude mit den markanten Säulen steht leer. Der ebenfalls leerstehende Neubau dahinter erstreckt sich bis zum Kettenhofweg. Darin fände fast eine Schule Platz.\r\n\r\nWas im Westend bei Neubauten nicht selbstverständlich ist: Die Vorgartensatzung mit gärtnerischer Nutzung wird eingehalten.",
                "featured": false,
                "shy": false,
                "user_id": "2c988ac3-2a25-4b9f-85e5-1b2f540bd408",
                "map_id": "fa8b1e4d-f201-448a-afe9-d7e54215a8ec",
                "status": "vacancy"
            }
        },
        {
            "type": "Feature",
            "geometry": {
                "type": "Point",
                "coordinates": [
                    8.6671594,
                    50.1150191
                ]
            },
            "properties": {
                "id": "fd4ce0c0-e142-492f-8040-331663865ce7",
                "created_at": "2012-02-13T19:26:02.000Z",
                "updated_at": "2024-09-26T13:07:36.132Z",
                "since": "2012-02-13T19:26:02.000Z",
                "title": "Baulücke Kettenhofweg 23-25",
                "slug": "baulucke-kettenhofweg-23-25",
                "published": true,
                "buildingType": "Baulücke, als Parkplatz genutzt",
                "building_type": [
                    "Baulücke, als Parkplatz genutzt"
                ],
                "owner": null,
                "road": "Kettenhofweg 23-25",
                "zip": "60325",
                "startdate": null,
                "enddate": null,
                "text": "Das wäre eine mögliche Fläche für soziale Einrichtungen an zentraler Stelle in der Nähe des Opernplatzes. Im Nebengebäude Nr. 29 ist eine Kita. Alles liegt allerdings im Schatten der Hochhäuser, z.B. des Turms der Deutschen Bank.",
                "featured": false,
                "shy": false,
                "user_id": "2c988ac3-2a25-4b9f-85e5-1b2f540bd408",
                "map_id": "fa8b1e4d-f201-448a-afe9-d7e54215a8ec",
                "status": "vacancy"
            }
        },
        {
            "type": "Feature",
            "geometry": {
                "type": "Point",
                "coordinates": [
                    8.6695177,
                    50.1152153
                ]
            },
            "properties": {
                "id": "9a3ab51f-b616-4191-a49e-791755994cbf",
                "created_at": "2012-02-13T19:17:11.000Z",
                "updated_at": "2024-09-26T13:06:38.176Z",
                "since": "2012-02-13T19:17:11.000Z",
                "title": "Kettenhofweg 5",
                "slug": "kettenhofweg-5",
                "published": true,
                "buildingType": "Gewerbegebäude",
                "building_type": [
                    "Gewerbegebäude"
                ],
                "owner": "private",
                "road": "Kettenhofweg 5",
                "zip": "60325",
                "startdate": null,
                "enddate": null,
                "text": "Nach dem Auszug von zwei Firmen gibt es Leerstand.",
                "featured": false,
                "shy": false,
                "user_id": "2c988ac3-2a25-4b9f-85e5-1b2f540bd408",
                "map_id": "fa8b1e4d-f201-448a-afe9-d7e54215a8ec",
                "status": "vacancy"
            }
        },
        {
            "type": "Feature",
            "geometry": {
                "type": "Point",
                "coordinates": [
                    8.6478421,
                    50.1387584
                ]
            },
            "properties": {
                "id": "b69e0210-1a47-4014-91e9-a60d4c73aed1",
                "created_at": "2012-02-11T14:32:46.000Z",
                "updated_at": "2024-08-20T23:23:51.282Z",
                "since": "2012-02-11T14:32:46.000Z",
                "title": "Am Eisernen Schlag 31",
                "slug": "am-eisernen-schlag-31",
                "published": true,
                "buildingType": "Wohngebäude",
                "building_type": [
                    "Wohngebäude"
                ],
                "owner": "public",
                "road": "Am Eisernen Schlag 31",
                "zip": "60431",
                "startdate": null,
                "enddate": null,
                "text": "In dem 11-stöckigen, städtischen ABG- Hochhaus stehen mindestens zwei Wohnungen leer.",
                "featured": false,
                "shy": false,
                "user_id": "2c988ac3-2a25-4b9f-85e5-1b2f540bd408",
                "map_id": "fa8b1e4d-f201-448a-afe9-d7e54215a8ec",
                "status": "vacancy"
            }
        },
        {
            "type": "Feature",
            "geometry": {
                "type": "Point",
                "coordinates": [
                    8.65931,
                    50.10923
                ]
            },
            "properties": {
                "id": "e091f018-93c4-4d65-8873-83c430ee4872",
                "created_at": "2012-02-03T15:21:54.000Z",
                "updated_at": "2024-08-20T23:23:52.348Z",
                "since": "2012-02-03T15:21:54.000Z",
                "title": "Mainzer Landstraße 86",
                "slug": "mainzer-landstrasse-86",
                "published": true,
                "buildingType": "Gewerbegebäude",
                "building_type": [
                    "Gewerbegebäude"
                ],
                "owner": "public",
                "road": "Mainzer Landstraße 86",
                "zip": "60327",
                "startdate": null,
                "enddate": null,
                "text": "Leerstand Eigentümer Hessische Landesbank\r\n\r\nAktuelle Informationen:\r\nhttp://www.fnp.de/fnp/region/hessen/land-vermietete-an-hells-angels_rmn01.c.9566850.de.html",
                "featured": false,
                "shy": false,
                "user_id": "2c988ac3-2a25-4b9f-85e5-1b2f540bd408",
                "map_id": "fa8b1e4d-f201-448a-afe9-d7e54215a8ec",
                "status": "vacancy"
            }
        },
        {
            "type": "Feature",
            "geometry": {
                "type": "Point",
                "coordinates": [
                    8.6749099,
                    50.1137671
                ]
            },
            "properties": {
                "id": "255ee036-f997-4dfa-92d9-8d55895925f7",
                "created_at": "2012-02-02T18:22:32.000Z",
                "updated_at": "2024-09-26T13:06:39.441Z",
                "since": "2012-02-02T18:22:32.000Z",
                "title": "Goethestraße 11",
                "slug": "goethestrasse-11",
                "published": true,
                "buildingType": "Gewerbegebäude",
                "building_type": [
                    "Gewerbegebäude"
                ],
                "owner": "private",
                "road": "Goethestraße 11",
                "zip": "60313",
                "startdate": null,
                "enddate": null,
                "text": "Leerstand plakatiert an Hausfront",
                "featured": false,
                "shy": false,
                "user_id": "2c988ac3-2a25-4b9f-85e5-1b2f540bd408",
                "map_id": "fa8b1e4d-f201-448a-afe9-d7e54215a8ec",
                "status": "vacancy"
            }
        },
        {
            "type": "Feature",
            "geometry": {
                "type": "Point",
                "coordinates": [
                    8.6794072,
                    50.1159539
                ]
            },
            "properties": {
                "id": "d03be472-a47e-49f0-9dd1-f4a5033d149f",
                "created_at": "2012-01-30T16:54:26.000Z",
                "updated_at": "2024-09-26T13:06:39.129Z",
                "since": "2012-01-30T16:54:26.000Z",
                "title": "Große Eschenheimer Straße 39",
                "slug": "grosse-eschenheimer-strasse-39",
                "published": true,
                "buildingType": "Laden- und Bürogebäude",
                "building_type": [
                    "Laden- und Bürogebäude"
                ],
                "owner": "private",
                "road": "Große Eschenheimer Straße 39",
                "zip": "60313",
                "startdate": null,
                "enddate": null,
                "text": "Im EG ist der Sportausstatter Sine, darüber in den Büros ist Leerstand.",
                "featured": false,
                "shy": false,
                "user_id": "2c988ac3-2a25-4b9f-85e5-1b2f540bd408",
                "map_id": "fa8b1e4d-f201-448a-afe9-d7e54215a8ec",
                "status": "vacancy"
            }
        },
        {
            "type": "Feature",
            "geometry": {
                "type": "Point",
                "coordinates": [
                    8.6822383,
                    50.1156847
                ]
            },
            "properties": {
                "id": "9b306cd8-5d13-483b-b480-a674da33c1b1",
                "created_at": "2012-01-30T16:46:09.000Z",
                "updated_at": "2024-09-26T13:07:11.368Z",
                "since": "2012-01-30T16:46:09.000Z",
                "title": "Stiftstraße 23-27",
                "slug": "stiftstrasse-23-27",
                "published": true,
                "buildingType": "Bürogebäude",
                "building_type": [
                    "Bürogebäude"
                ],
                "owner": "private",
                "road": "Stiftstraße 23-27",
                "zip": "60313",
                "startdate": null,
                "enddate": null,
                "text": "Büroleerstand. Die Büros sind in der Regel nicht beleuchtet. Eine Telekom-Fahne hängt noch dran.\r\n\r\n",
                "featured": false,
                "shy": false,
                "user_id": "2c988ac3-2a25-4b9f-85e5-1b2f540bd408",
                "map_id": "fa8b1e4d-f201-448a-afe9-d7e54215a8ec",
                "status": "vacancy"
            }
        },
        {
            "type": "Feature",
            "geometry": {
                "type": "Point",
                "coordinates": [
                    8.6865714,
                    50.1169388
                ]
            },
            "properties": {
                "id": "5c4183d7-cf05-4dcd-850f-15dc1cee9fce",
                "created_at": "2012-01-30T15:59:52.000Z",
                "updated_at": "2024-08-20T23:23:54.108Z",
                "since": "2012-01-30T15:59:52.000Z",
                "title": "Vilbeler Straße 27",
                "slug": "vilbeler-strasse-27",
                "published": true,
                "buildingType": "Gewerbegebäude",
                "building_type": [
                    "Gewerbegebäude"
                ],
                "owner": "private",
                "road": "Vilbeler Straße 27",
                "zip": "60313",
                "startdate": null,
                "enddate": null,
                "text": "Konstabler Arkaden heißt das sanierte Gebäude in der Innenstadt mit Büros, Leerstand und Geschäften. Leerstand ist an der Front plakatiert.",
                "featured": false,
                "shy": false,
                "user_id": "2c988ac3-2a25-4b9f-85e5-1b2f540bd408",
                "map_id": "fa8b1e4d-f201-448a-afe9-d7e54215a8ec",
                "status": "vacancy"
            }
        },
        {
            "type": "Feature",
            "geometry": {
                "type": "Point",
                "coordinates": [
                    8.6596465,
                    50.1207444
                ]
            },
            "properties": {
                "id": "abeb96f4-eb31-4c45-baa5-bb7bee62f95c",
                "created_at": "2012-01-25T09:35:56.000Z",
                "updated_at": "2024-09-26T13:07:03.837Z",
                "since": "2012-01-25T09:35:56.000Z",
                "title": "Villa in der Friedrichstraße 63",
                "slug": "villa-in-der-friedrichstrasse-63",
                "published": true,
                "buildingType": "Bürogebäude",
                "building_type": [
                    "Bürogebäude"
                ],
                "owner": "private",
                "road": "Friedrichstraße 63",
                "zip": "60323",
                "startdate": null,
                "enddate": null,
                "text": "Eine Anwaltskanzlei war zuletzt in dieser Villa, die man sicherlich auch zum Wohnen nutzen könnte. Auffällig ist die massive Sicherheitstechnik rund ums Gebäude.\r\nDie Lage ist natürlich bestens - genau gegenüber vom Palmengarten. \r\nHaus und Garten werden offensichtlich weiter gut gepflegt, aber eine Nachnutzung ist nicht zu beobachten. Weiß jemand mehr darüber?",
                "featured": false,
                "shy": false,
                "user_id": "601a4baa-d58b-49c3-86a7-c13f6e63695e",
                "map_id": "fa8b1e4d-f201-448a-afe9-d7e54215a8ec",
                "status": "vacancy"
            }
        },
        {
            "type": "Feature",
            "geometry": {
                "type": "Point",
                "coordinates": [
                    8.6750494,
                    50.1127606
                ]
            },
            "properties": {
                "id": "c57ac688-12d1-4145-aac4-d454fd4e4cdb",
                "created_at": "2012-01-25T18:17:37.000Z",
                "updated_at": "2024-09-26T13:06:40.218Z",
                "since": "2012-01-25T18:17:37.000Z",
                "title": "Junghofstraße 3 - 9",
                "slug": "junghofstrasse-3-9",
                "published": true,
                "buildingType": "Bürogebäude, im EG Kindertagesstätte",
                "building_type": [
                    "Bürogebäude, im EG Kindertagesstätte"
                ],
                "owner": "private",
                "road": "Junghofstraße 3",
                "zip": "60311",
                "startdate": null,
                "enddate": null,
                "text": "Das Gebäude an der Junghofstraße 3 - 9 gehört zur Deutschen Bank. Die Büroetagen in diesem Gebäude wirken komplett leer.  Im EG Junghofstr. 9 ist eine Kindertagesstätte untergebracht. Wäre im Haus eine Fläche für ein Jugendzentrum?\r\n\r\nAktuell wird für Frankfurt ein Büroleerstand von 2,2 Millionen qm gemeldet.",
                "featured": false,
                "shy": false,
                "user_id": "2c988ac3-2a25-4b9f-85e5-1b2f540bd408",
                "map_id": "fa8b1e4d-f201-448a-afe9-d7e54215a8ec",
                "status": "vacancy"
            }
        },
        {
            "type": "Feature",
            "geometry": {
                "type": "Point",
                "coordinates": [
                    8.6735564,
                    50.1146194
                ]
            },
            "properties": {
                "id": "12554d15-890c-494c-81c6-f4e98455eb88",
                "created_at": "2012-01-22T16:47:31.000Z",
                "updated_at": "2024-09-26T13:06:39.169Z",
                "since": "2012-01-22T16:47:31.000Z",
                "title": "Große Bockenheimer Straße 43",
                "slug": "grosse-bockenheimer-strasse-43",
                "published": true,
                "buildingType": "Bürogebäude",
                "building_type": [
                    "Bürogebäude"
                ],
                "owner": "private",
                "road": "Große Bockenheimer Straße 43",
                "zip": "60313",
                "startdate": null,
                "enddate": null,
                "text": "Büroleerstand laut Schild an der Hausfront.",
                "featured": false,
                "shy": false,
                "user_id": "2c988ac3-2a25-4b9f-85e5-1b2f540bd408",
                "map_id": "fa8b1e4d-f201-448a-afe9-d7e54215a8ec",
                "status": "vacancy"
            }
        },
        {
            "type": "Feature",
            "geometry": {
                "type": "Point",
                "coordinates": [
                    8.69261,
                    50.11858
                ]
            },
            "properties": {
                "id": "abce13f9-3872-4858-96f9-f7f0bfa1f244",
                "created_at": "2012-01-22T16:11:34.000Z",
                "updated_at": "2024-09-26T13:07:57.015Z",
                "since": "2012-01-22T16:11:34.000Z",
                "title": "Bergerstraße 6",
                "slug": "bergerstrasse-6",
                "published": true,
                "buildingType": "Wohn- und Gewerbegebäude",
                "building_type": [
                    "Wohn- und Gewerbegebäude"
                ],
                "owner": "private",
                "road": "Berger Straße 6",
                "zip": "60316",
                "startdate": null,
                "enddate": null,
                "text": "Der Laden im EG steht seit langem leer. Die Menge an flatternden Plakaten an der Hausfront deutet darauf hin, daß sich um das Grundstück niemand so sehr kümmert. Ob angesichts des verwahrlosten Zustands dennoch eine Anwahltspraxis im Haus ist? Beste Wohnlage direkt gegenüber dem Bethmannpark.\r\nWenn in dem Gebiet eine Erhaltungssatzung mit Milieuschutz Gültigkeit hat, könnte die Stadt ein Vorkaufsrecht wahrnehmen, so daß zum Beispiel gemeinschaftliche und/oder genossenschaftliche Wohnprojekte das Gebäude für ihre Wohnbedürfnisse umbauen könnten. In München gibt es diese positive Entwicklung durch Nutzung des städtischen Vorkaufsrechtes und die Genossenschaft Wogeno.\r\nDazu weitere Informationen:\r\nhttp://www.wogeno.de",
                "featured": false,
                "shy": false,
                "user_id": "2c988ac3-2a25-4b9f-85e5-1b2f540bd408",
                "map_id": "fa8b1e4d-f201-448a-afe9-d7e54215a8ec",
                "status": "vacancy"
            }
        },
        {
            "type": "Feature",
            "geometry": {
                "type": "Point",
                "coordinates": [
                    8.6668732,
                    50.1069126
                ]
            },
            "properties": {
                "id": "e9ed2f97-437b-4d1b-b050-3641eeb3fe9f",
                "created_at": "2012-01-20T19:40:49.000Z",
                "updated_at": "2024-09-26T13:07:06.819Z",
                "since": "2012-01-20T19:40:49.000Z",
                "title": "Münchener Str. 47",
                "slug": "munchener-str-47",
                "published": true,
                "buildingType": "Gewerbegebäude",
                "building_type": [
                    "Gewerbegebäude"
                ],
                "owner": "private",
                "road": "Münchener Straße 47",
                "zip": "60329",
                "startdate": null,
                "enddate": null,
                "text": "Büroleerstand laut Schild an der Hausfront.",
                "featured": false,
                "shy": false,
                "user_id": "2c988ac3-2a25-4b9f-85e5-1b2f540bd408",
                "map_id": "fa8b1e4d-f201-448a-afe9-d7e54215a8ec",
                "status": "vacancy"
            }
        },
        {
            "type": "Feature",
            "geometry": {
                "type": "Point",
                "coordinates": [
                    8.69065,
                    50.11516
                ]
            },
            "properties": {
                "id": "c844c05f-c468-4b46-af76-88cfb8105446",
                "created_at": "2012-01-22T16:25:47.000Z",
                "updated_at": "2024-08-20T23:23:56.306Z",
                "since": "2012-01-22T16:25:47.000Z",
                "title": "Heiligkreuzgasse 15",
                "slug": "heiligkreuzgasse-15",
                "published": true,
                "buildingType": "Gewerbegebäude",
                "building_type": [
                    "Gewerbegebäude"
                ],
                "owner": null,
                "road": "Heiligkreuzgasse 15",
                "zip": "60313",
                "startdate": null,
                "enddate": null,
                "text": "Im Erd- und Obergeschoß des Gebäudes ist keine Nutzung erkennbar. Bis 2002 war dort die Hessische Landesstelle für Versorgung untergebracht. ",
                "featured": false,
                "shy": false,
                "user_id": "2c988ac3-2a25-4b9f-85e5-1b2f540bd408",
                "map_id": "fa8b1e4d-f201-448a-afe9-d7e54215a8ec",
                "status": "vacancy"
            }
        },
        {
            "type": "Feature",
            "geometry": {
                "type": "Point",
                "coordinates": [
                    8.66897,
                    50.10828
                ]
            },
            "properties": {
                "id": "18d33687-a86f-4682-ada3-3332b98da37e",
                "created_at": "2012-01-20T19:51:36.000Z",
                "updated_at": "2024-09-26T13:07:06.960Z",
                "since": "2012-01-20T19:51:36.000Z",
                "title": "Kaiserstraße 55",
                "slug": "kaiserstrasse-55",
                "published": true,
                "buildingType": "Gewerbegebäude",
                "building_type": [
                    "Gewerbegebäude"
                ],
                "owner": "private",
                "road": "Kaiserstraße 55",
                "zip": "60329",
                "startdate": null,
                "enddate": null,
                "text": "Im Haus der Internationalen Buchhandlung im Bahnhofsviertel stehen Büroräume leer. Das steht an der Hausfront.",
                "featured": false,
                "shy": false,
                "user_id": "2c988ac3-2a25-4b9f-85e5-1b2f540bd408",
                "map_id": "fa8b1e4d-f201-448a-afe9-d7e54215a8ec",
                "status": "vacancy"
            }
        },
        {
            "type": "Feature",
            "geometry": {
                "type": "Point",
                "coordinates": [
                    8.66825,
                    50.1054
                ]
            },
            "properties": {
                "id": "fa128980-3f8b-4573-9b5d-918e70a5a260",
                "created_at": "2012-01-20T18:54:57.000Z",
                "updated_at": "2024-09-26T13:07:52.513Z",
                "since": "2012-01-20T18:54:57.000Z",
                "title": "Wilhelm-Leuschner-Str. 32",
                "slug": "wilhelm-leuschner-str-32",
                "published": true,
                "buildingType": "Bürogebäude",
                "building_type": [
                    "Bürogebäude"
                ],
                "owner": "private",
                "road": "Wilhelm-Leuschner-Straße 32",
                "zip": "60329",
                "startdate": null,
                "enddate": null,
                "text": "Der Bürokomplex steht leer. Er bietet einen trostlosen Eindruck. Das Areal erstreckt sich zwischen Wilhelm-Leuschner-Str. und Gutleutstraße. Die Tiefgarage ist in Betrieb. ",
                "featured": false,
                "shy": false,
                "user_id": "2c988ac3-2a25-4b9f-85e5-1b2f540bd408",
                "map_id": "fa8b1e4d-f201-448a-afe9-d7e54215a8ec",
                "status": "vacancy"
            }
        },
        {
            "type": "Feature",
            "geometry": {
                "type": "Point",
                "coordinates": [
                    8.6655826,
                    50.1069211
                ]
            },
            "properties": {
                "id": "181af4bf-5e12-4a33-ae31-24c7ce64771d",
                "created_at": "2012-01-20T19:27:01.000Z",
                "updated_at": "2024-09-26T13:07:06.915Z",
                "since": "2012-01-20T19:27:01.000Z",
                "title": "Münchener Str. 56",
                "slug": "munchener-str-56",
                "published": true,
                "buildingType": "Gewerbegebäude",
                "building_type": [
                    "Gewerbegebäude"
                ],
                "owner": "private",
                "road": "Münchener Straße 56",
                "zip": "60329",
                "startdate": null,
                "enddate": null,
                "text": "Büroleerstand laut Schild an Hausfront. Hier gegenüber dem Hauptbahnhof hat u.a. der Rhein-Main-Verkehrsverbund eine Verwaltungsstelle. Die GLS ist kürzlich ausgezogen.",
                "featured": false,
                "shy": false,
                "user_id": "2c988ac3-2a25-4b9f-85e5-1b2f540bd408",
                "map_id": "fa8b1e4d-f201-448a-afe9-d7e54215a8ec",
                "status": "vacancy"
            }
        },
        {
            "type": "Feature",
            "geometry": {
                "type": "Point",
                "coordinates": [
                    8.67704,
                    50.11114
                ]
            },
            "properties": {
                "id": "0717aa37-4c50-4c0b-a26c-b381f4e817b0",
                "created_at": "2012-01-18T09:21:39.000Z",
                "updated_at": "2024-08-20T23:23:56.834Z",
                "since": "2012-01-18T09:21:39.000Z",
                "title": "Verwaltungsgebäude Großer Hirschgraben 17-21",
                "slug": "verwaltungsgebaude-grosser-hirschgraben-17-21",
                "published": true,
                "buildingType": "Bürogebäude",
                "building_type": [
                    "Bürogebäude"
                ],
                "owner": "public",
                "road": "Großer Hirschgraben 17",
                "zip": "60311",
                "startdate": null,
                "enddate": null,
                "text": "Das städtische Bürogebäude, in dem bisher der Börsenverein des Deutschen Buchhandels war, steht seit dessen Umzug in die städtische LIegenschaft Braubachstraße 16 leer. \r\n\r\nAuf dem Areal Großer Hirschgraben 17 - 22 plante die Stadt die Goethe-Höfe. Da das Volkstheater bleibt, wird eine andere Planung erfolgen.\r\n\r\nWeitere Informationen FR 18.1.2012 \"Volkstheater bleibt\"",
                "featured": false,
                "shy": false,
                "user_id": "2c988ac3-2a25-4b9f-85e5-1b2f540bd408",
                "map_id": "fa8b1e4d-f201-448a-afe9-d7e54215a8ec",
                "status": "vacancy"
            }
        },
        {
            "type": "Feature",
            "geometry": {
                "type": "Point",
                "coordinates": [
                    8.67059,
                    50.10635
                ]
            },
            "properties": {
                "id": "9a444da1-e2d5-42da-9317-a857435febf4",
                "created_at": "2012-01-19T10:40:33.000Z",
                "updated_at": "2024-09-26T13:07:06.484Z",
                "since": "2012-01-19T10:40:33.000Z",
                "title": "Windmühlstraße 14",
                "slug": "windmuhlstrasse-14",
                "published": true,
                "buildingType": "Bürogebäude",
                "building_type": [
                    "Bürogebäude"
                ],
                "owner": "private",
                "road": "Windmühlstraße 14",
                "zip": "60329",
                "startdate": null,
                "enddate": null,
                "text": "Der große Bürokomplex im Bahnhofsviertel zwischen Gutleutstraße, Windmühlstraße und Wilhelm-Leuschner-Straße gehört der Commerzbank und steht größtenteils leer. An der Ecke zur Gutleutstraße befindet sich im EG ein Restaurant. Da die Commerzbank zu 25% in Staatseigentum ist, sind die Gebäude vermutlich ebenfalls teils in öffentlicher Hand. Wer weiß mehr dazu?",
                "featured": false,
                "shy": false,
                "user_id": "2c988ac3-2a25-4b9f-85e5-1b2f540bd408",
                "map_id": "fa8b1e4d-f201-448a-afe9-d7e54215a8ec",
                "status": "vacancy"
            }
        },
        {
            "type": "Feature",
            "geometry": {
                "type": "Point",
                "coordinates": [
                    8.6722484,
                    50.1077531
                ]
            },
            "properties": {
                "id": "709c703d-872b-42f7-82ab-bf89c2de5c67",
                "created_at": "2012-01-19T10:28:38.000Z",
                "updated_at": "2024-09-26T13:06:22.433Z",
                "since": "2012-01-19T10:28:38.000Z",
                "title": "Gutleutstraße 5",
                "slug": "gutleutstrasse-5",
                "published": true,
                "buildingType": "Bürogebäude",
                "building_type": [
                    "Bürogebäude"
                ],
                "owner": "private",
                "road": "Gutleutstraße 5",
                "zip": "60329",
                "startdate": null,
                "enddate": null,
                "text": "Kompletter Büroleerstand, Eingangsbereich droht zu verwahrlosen.",
                "featured": false,
                "shy": false,
                "user_id": "2c988ac3-2a25-4b9f-85e5-1b2f540bd408",
                "map_id": "fa8b1e4d-f201-448a-afe9-d7e54215a8ec",
                "status": "vacancy"
            }
        },
        {
            "type": "Feature",
            "geometry": {
                "type": "Point",
                "coordinates": [
                    8.6567,
                    50.1008
                ]
            },
            "properties": {
                "id": "76bcf2a3-d1c5-46ef-ba61-56bd33385f0c",
                "created_at": "2012-01-17T20:07:09.000Z",
                "updated_at": "2024-08-20T23:23:56.955Z",
                "since": "2012-01-17T20:07:09.000Z",
                "title": "Baugrundstück Gutleutstr. 168",
                "slug": "baugrundstuck-gutleutstr-168",
                "published": true,
                "buildingType": "Baulücke Zwischennutzung Parkplatz",
                "building_type": [
                    "Baulücke Zwischennutzung Parkplatz"
                ],
                "owner": "private",
                "road": "Gutleutstraße 168",
                "zip": "60327",
                "startdate": null,
                "enddate": null,
                "text": "Hier ist eine Baulücke, die sich durchaus für Wohnen in den Obergeschossen und gewerbliche Nutzung im EG eignet. Gegenüber ist das neue Gebäude des Straßenverkehrsamtes.",
                "featured": false,
                "shy": false,
                "user_id": "2c988ac3-2a25-4b9f-85e5-1b2f540bd408",
                "map_id": "fa8b1e4d-f201-448a-afe9-d7e54215a8ec",
                "status": "vacancy"
            }
        },
        {
            "type": "Feature",
            "geometry": {
                "type": "Point",
                "coordinates": [
                    8.6667864,
                    50.1178297
                ]
            },
            "properties": {
                "id": "97d4fbc1-5cc3-497c-85a5-a48afd8704b5",
                "created_at": "2012-01-17T19:58:28.000Z",
                "updated_at": "2024-09-26T13:06:38.600Z",
                "since": "2012-01-17T19:58:28.000Z",
                "title": "Wöhlerstr. 4 ",
                "slug": "wohlerstr-4",
                "published": true,
                "buildingType": "Wohngebäude",
                "building_type": [
                    "Wohngebäude"
                ],
                "owner": "private",
                "road": "Wöhlerstraße 4",
                "zip": "60323",
                "startdate": null,
                "enddate": null,
                "text": "Das moderne Wohngebäude hat Leerstand. Handelt es sich um ein Boarding-House?",
                "featured": false,
                "shy": false,
                "user_id": "2c988ac3-2a25-4b9f-85e5-1b2f540bd408",
                "map_id": "fa8b1e4d-f201-448a-afe9-d7e54215a8ec",
                "status": "vacancy"
            }
        },
        {
            "type": "Feature",
            "geometry": {
                "type": "Point",
                "coordinates": [
                    8.6663755,
                    50.1219098
                ]
            },
            "properties": {
                "id": "904ff679-669d-4b81-a105-4e7271fbc173",
                "created_at": "2012-01-17T20:17:57.000Z",
                "updated_at": "2024-08-20T23:23:56.867Z",
                "since": "2012-01-17T20:17:57.000Z",
                "title": "Friedrichstraße 10",
                "slug": "friedrichstrasse-10",
                "published": true,
                "buildingType": "Bürogebäude",
                "building_type": [
                    "Bürogebäude"
                ],
                "owner": "private",
                "road": "Friedrichstraße 10",
                "zip": "60323",
                "startdate": null,
                "enddate": null,
                "text": "Büroleerstand laut Schild vor dem Haus",
                "featured": false,
                "shy": false,
                "user_id": "2c988ac3-2a25-4b9f-85e5-1b2f540bd408",
                "map_id": "fa8b1e4d-f201-448a-afe9-d7e54215a8ec",
                "status": "vacancy"
            }
        },
        {
            "type": "Feature",
            "geometry": {
                "type": "Point",
                "coordinates": [
                    8.666716,
                    50.1182323
                ]
            },
            "properties": {
                "id": "4199415a-3201-4581-bbd1-a5de6e5ce695",
                "created_at": "2012-01-17T19:52:46.000Z",
                "updated_at": "2024-09-26T13:07:08.851Z",
                "since": "2012-01-17T19:52:46.000Z",
                "title": "Wöhlerstr. 5",
                "slug": "wohlerstr-5",
                "published": true,
                "buildingType": "Bürogebäude",
                "building_type": [
                    "Bürogebäude"
                ],
                "owner": "private",
                "road": "Wöhlerstraße 5",
                "zip": "60323",
                "startdate": null,
                "enddate": null,
                "text": "Büroleerstand laut Schild.",
                "featured": false,
                "shy": false,
                "user_id": "2c988ac3-2a25-4b9f-85e5-1b2f540bd408",
                "map_id": "fa8b1e4d-f201-448a-afe9-d7e54215a8ec",
                "status": "vacancy"
            }
        },
        {
            "type": "Feature",
            "geometry": {
                "type": "Point",
                "coordinates": [
                    8.6557073,
                    50.100391
                ]
            },
            "properties": {
                "id": "6889b95b-0bdf-48e7-9da5-a77da092dd81",
                "created_at": "2012-01-17T20:11:28.000Z",
                "updated_at": "2024-08-20T23:23:57.040Z",
                "since": "2012-01-17T20:11:28.000Z",
                "title": "Wohn- / Geschäftshaus Gutleutstr. 178",
                "slug": "wohn-geschaftshaus-gutleutstr-178",
                "published": true,
                "buildingType": "Wohn- und Geschäftshaus",
                "building_type": [
                    "Wohn- und Geschäftshaus"
                ],
                "owner": "private",
                "road": "Gutleutstraße 178",
                "zip": "60327",
                "startdate": null,
                "enddate": null,
                "text": "Sanierungsfall. Entweder Abriß und Neubau für gemischte Nutzung oder Umbau. An der Hausfront wird für Wohn-/Geschäftshaus geworben.",
                "featured": false,
                "shy": false,
                "user_id": "2c988ac3-2a25-4b9f-85e5-1b2f540bd408",
                "map_id": "fa8b1e4d-f201-448a-afe9-d7e54215a8ec",
                "status": "vacancy"
            }
        },
        {
            "type": "Feature",
            "geometry": {
                "type": "Point",
                "coordinates": [
                    8.65482,
                    50.15857
                ]
            },
            "properties": {
                "id": "adeca71e-f4a4-4909-bfc2-d834c75801cd",
                "created_at": "2012-01-15T16:56:05.000Z",
                "updated_at": "2024-08-20T23:23:57.177Z",
                "since": "2012-01-15T16:56:05.000Z",
                "title": "Bahnhofsgebäude Eschersheim",
                "slug": "bahnhofsgebaude-eschersheim",
                "published": true,
                "buildingType": "Gewerbegebäude",
                "building_type": [
                    "Gewerbegebäude"
                ],
                "owner": "public",
                "road": "Maybachstraße 2",
                "zip": "60433",
                "startdate": null,
                "enddate": null,
                "text": "Das seit Jahren leer stehende Gebäude der DB AG könnte einer sinnvollen Nutzung zugeführt werden. \r\nDas Haus hat einen auffällig gelb-blauen Anstrich. Richtung Gleise gibt es ein Untergeschoß. Die Fußwegbrücke über die Gleise, die durch das Bahnhofsgebäude zu erreichen ist, ist wegen Baufälligkeit leider geschlossen (typisch Bahn AG). Der viergleisige Ausbau der Bahnstrecke könnte zu einer Versetzung des denkmalgeschützten Gebäudes führen.\r\nWeitere Informationen: http://de.wikipedia.org/wiki/Bahnhof_Frankfurt-Eschersheim\r\n",
                "featured": false,
                "shy": false,
                "user_id": "2c988ac3-2a25-4b9f-85e5-1b2f540bd408",
                "map_id": "fa8b1e4d-f201-448a-afe9-d7e54215a8ec",
                "status": "vacancy"
            }
        },
        {
            "type": "Feature",
            "geometry": {
                "type": "Point",
                "coordinates": [
                    8.6664383,
                    50.1177983
                ]
            },
            "properties": {
                "id": "078d5b51-261f-41fa-93dd-fe68a77d1e8a",
                "created_at": "2012-01-17T19:48:11.000Z",
                "updated_at": "2024-09-26T13:06:38.785Z",
                "since": "2012-01-17T19:48:11.000Z",
                "title": "Westendvilla Wöhlerstr. 2",
                "slug": "westendvilla-wohlerstr-2",
                "published": true,
                "buildingType": "Wohngebäude",
                "building_type": [
                    "Wohngebäude"
                ],
                "owner": "private",
                "road": "Wöhlerstraße 2",
                "zip": "60323",
                "startdate": null,
                "enddate": null,
                "text": "Es ist keine Nutzung erkennbar. In der Gründerzeitvilla könnten viele Menschen wohnen. ",
                "featured": false,
                "shy": false,
                "user_id": "2c988ac3-2a25-4b9f-85e5-1b2f540bd408",
                "map_id": "fa8b1e4d-f201-448a-afe9-d7e54215a8ec",
                "status": "vacancy"
            }
        },
        {
            "type": "Feature",
            "geometry": {
                "type": "Point",
                "coordinates": [
                    8.6651814,
                    50.1129181
                ]
            },
            "properties": {
                "id": "ee0cdc47-13f8-4c3e-8583-df761dce860c",
                "created_at": "2012-01-14T19:25:27.000Z",
                "updated_at": "2024-09-26T13:06:53.621Z",
                "since": "2012-01-14T19:25:27.000Z",
                "title": "Rüsterstraße 1",
                "slug": "rusterstrasse-1",
                "published": true,
                "buildingType": "Bürogebäude",
                "building_type": [
                    "Bürogebäude"
                ],
                "owner": "private",
                "road": "Rüsterstraße 1",
                "zip": "60325",
                "startdate": null,
                "enddate": null,
                "text": "kompletter Leerstand, Eingang mit Stacheldraht\r\n\r\n",
                "featured": false,
                "shy": false,
                "user_id": "2c988ac3-2a25-4b9f-85e5-1b2f540bd408",
                "map_id": "fa8b1e4d-f201-448a-afe9-d7e54215a8ec",
                "status": "vacancy"
            }
        },
        {
            "type": "Feature",
            "geometry": {
                "type": "Point",
                "coordinates": [
                    8.65958,
                    50.11947
                ]
            },
            "properties": {
                "id": "20679fb2-10fc-4828-bd5e-5cdad7aa76d5",
                "created_at": "2012-01-14T18:57:07.000Z",
                "updated_at": "2024-08-20T23:23:57.270Z",
                "since": "2012-01-14T18:57:07.000Z",
                "title": "Bockenheimer Landstr. 92",
                "slug": "bockenheimer-landstr-92",
                "published": true,
                "buildingType": "Bürogebäude",
                "building_type": [
                    "Bürogebäude"
                ],
                "owner": "private",
                "road": "Bockenheimer Landstraße 92",
                "zip": "60323",
                "startdate": null,
                "enddate": null,
                "text": "Büroleerstand laut Maklerschild. Im EG Restaurant.",
                "featured": false,
                "shy": false,
                "user_id": "2c988ac3-2a25-4b9f-85e5-1b2f540bd408",
                "map_id": "fa8b1e4d-f201-448a-afe9-d7e54215a8ec",
                "status": "vacancy"
            }
        },
        {
            "type": "Feature",
            "geometry": {
                "type": "Point",
                "coordinates": [
                    8.6467411,
                    50.1198478
                ]
            },
            "properties": {
                "id": "3f011b86-7650-49bc-b098-f10642a2c068",
                "created_at": "2012-01-14T19:08:46.000Z",
                "updated_at": "2024-09-26T13:07:07.203Z",
                "since": "2012-01-14T19:08:46.000Z",
                "title": "Adalbertstr. 26",
                "slug": "adalbertstr-26",
                "published": true,
                "buildingType": "Bürogebäude",
                "building_type": [
                    "Bürogebäude"
                ],
                "owner": "private",
                "road": "Adalbertstraße 26",
                "zip": "60486",
                "startdate": null,
                "enddate": null,
                "text": "Büroleerstand, so das Maklerschild.",
                "featured": false,
                "shy": false,
                "user_id": "2c988ac3-2a25-4b9f-85e5-1b2f540bd408",
                "map_id": "fa8b1e4d-f201-448a-afe9-d7e54215a8ec",
                "status": "vacancy"
            }
        },
        {
            "type": "Feature",
            "geometry": {
                "type": "Point",
                "coordinates": [
                    8.6620649,
                    50.1587972
                ]
            },
            "properties": {
                "id": "4fd81f41-d9c6-4e83-9892-8be85cf7dc97",
                "created_at": "2012-01-12T11:18:35.000Z",
                "updated_at": "2024-08-20T23:23:57.354Z",
                "since": "2012-01-12T11:18:35.000Z",
                "title": "Anne-Frank-Straße 97",
                "slug": "anne-frank-strasse-97",
                "published": true,
                "buildingType": "Wohngebäude",
                "building_type": [
                    "Wohngebäude"
                ],
                "owner": "public",
                "road": "Anne-Frank-Straße 97",
                "zip": "60433",
                "startdate": null,
                "enddate": null,
                "text": "Hier gibt es eine Fläche von 1545 qm, die für 15 Wohneinheiten Platz hätte. Es befindet sich ein baufälliges Gebäude und eine Wiesenfläche an dieser Adresse. Würde man dort bauen, könnte man das mit der Baulücke Nußzeil 55 verbinden. Die Baulücken sind getrennt durch den Victor-Gollancz-Weg. Dort befindet sich eine Schule und eine KiTa. \r\n",
                "featured": false,
                "shy": false,
                "user_id": "601a4baa-d58b-49c3-86a7-c13f6e63695e",
                "map_id": "fa8b1e4d-f201-448a-afe9-d7e54215a8ec",
                "status": "vacancy"
            }
        },
        {
            "type": "Feature",
            "geometry": {
                "type": "Point",
                "coordinates": [
                    8.6603438,
                    50.1580181
                ]
            },
            "properties": {
                "id": "e46acb32-be09-4750-b4e1-0bd0b669f0bd",
                "created_at": "2012-01-12T11:15:25.000Z",
                "updated_at": "2024-09-26T13:06:30.753Z",
                "since": "2012-01-12T11:15:25.000Z",
                "title": "Gärten hinter der Nußzeil",
                "slug": "garten-hinter-der-nusszeil",
                "published": true,
                "buildingType": "ist was anderes",
                "building_type": [
                    "ist was anderes"
                ],
                "owner": "private",
                "road": "Nußzeil 55",
                "zip": "60433",
                "startdate": null,
                "enddate": null,
                "text": "Hier sind ältere Gärten hinter einigen Häusern an der Nußzei 55 bzw. am Victor-Gollancz-Weg mit gemeint. Laut Bauplanungamt ist hier eine Fläche von 5761 qm frei mit circa 30 Wohneinheiten. Ganz in der Nähe befindet sich noch mehr Platz, am Anne-Frank-Weg 97. Man könnte hier z.B.ein größeres Wohnprojekt ins Auge fassen. \r\n\r\n",
                "featured": false,
                "shy": false,
                "user_id": "601a4baa-d58b-49c3-86a7-c13f6e63695e",
                "map_id": "fa8b1e4d-f201-448a-afe9-d7e54215a8ec",
                "status": "vacancy"
            }
        },
        {
            "type": "Feature",
            "geometry": {
                "type": "Point",
                "coordinates": [
                    8.6927914,
                    50.1688337
                ]
            },
            "properties": {
                "id": "9f7da457-4d38-4a80-8d06-f5b83d34a8d5",
                "created_at": "2012-01-11T16:32:30.000Z",
                "updated_at": "2024-08-20T23:23:57.586Z",
                "since": "2012-01-11T16:32:30.000Z",
                "title": "Wiesen Auf der Kuhr",
                "slug": "wiesen-auf-der-kuhr",
                "published": true,
                "buildingType": "Wiese, Brache",
                "building_type": [
                    "Wiese, Brache"
                ],
                "owner": "private",
                "road": "Auf der Kuhr ",
                "zip": "60435",
                "startdate": null,
                "enddate": null,
                "text": "Auf der Kuhr 48 stehen 5100 qm frei, das sind ca. 28 Wohneinheiten. Es gibt vier Baulücken nebeneinander und ein Teil der Wiese ist leicht abschüssig. Es fahren mehrere Busse und die Nidda ist in der Nähe und deswegen sicher erstrebenswert für größere Wohnprojekte!\r\n",
                "featured": false,
                "shy": false,
                "user_id": "601a4baa-d58b-49c3-86a7-c13f6e63695e",
                "map_id": "fa8b1e4d-f201-448a-afe9-d7e54215a8ec",
                "status": "vacancy"
            }
        },
        {
            "type": "Feature",
            "geometry": {
                "type": "Point",
                "coordinates": [
                    8.67768,
                    50.118
                ]
            },
            "properties": {
                "id": "d8879761-4eac-4865-b7ef-0e03613e9868",
                "created_at": "2012-01-10T12:46:46.000Z",
                "updated_at": "2024-09-26T13:07:11.016Z",
                "since": "2012-01-10T12:46:46.000Z",
                "title": "Bürohaus Bockenheimer Anlage 4",
                "slug": "burohaus-bockenheimer-anlage-4",
                "published": true,
                "buildingType": "Bürogebäude",
                "building_type": [
                    "Bürogebäude"
                ],
                "owner": "private",
                "road": "Bockenheimer Anlage 4",
                "zip": "60322",
                "startdate": null,
                "enddate": null,
                "text": "Büroleerstand",
                "featured": false,
                "shy": false,
                "user_id": "2c988ac3-2a25-4b9f-85e5-1b2f540bd408",
                "map_id": "fa8b1e4d-f201-448a-afe9-d7e54215a8ec",
                "status": "vacancy"
            }
        },
        {
            "type": "Feature",
            "geometry": {
                "type": "Point",
                "coordinates": [
                    8.6319642,
                    50.1887346
                ]
            },
            "properties": {
                "id": "e907d455-311d-4c39-9c19-2305b3dc9198",
                "created_at": "2012-01-11T12:01:55.000Z",
                "updated_at": "2024-08-20T23:23:57.740Z",
                "since": "2012-01-11T12:01:55.000Z",
                "title": "Im Wiesengrund",
                "slug": "im-wiesengrund",
                "published": true,
                "buildingType": "Wiese",
                "building_type": [
                    "Wiese"
                ],
                "owner": "private",
                "road": "Im Wiesengrund 6",
                "zip": "60437",
                "startdate": null,
                "enddate": null,
                "text": "Am Ende der Straße im Wiesengrund in Kalbach befindet sich eine Wiese, die derzeit für Hunde offen steht. Da sie 1830 qm umfasst, kann sie nach dem Baulückenatlas Platz für 15 Wohneinheiten bieten.",
                "featured": false,
                "shy": false,
                "user_id": "601a4baa-d58b-49c3-86a7-c13f6e63695e",
                "map_id": "fa8b1e4d-f201-448a-afe9-d7e54215a8ec",
                "status": "vacancy"
            }
        },
        {
            "type": "Feature",
            "geometry": {
                "type": "Point",
                "coordinates": [
                    8.66455,
                    50.16286
                ]
            },
            "properties": {
                "id": "61760316-a483-4e82-b5c3-ad995123dbf8",
                "created_at": "2012-01-11T15:57:17.000Z",
                "updated_at": "2024-08-20T23:23:57.622Z",
                "since": "2012-01-11T15:57:17.000Z",
                "title": "Alte Gärtnerei Am Galbelacker",
                "slug": "alte-gartnerei-am-galbelacker",
                "published": true,
                "buildingType": "Gewerbegebäude",
                "building_type": [
                    "Gewerbegebäude"
                ],
                "owner": "private",
                "road": "Am Gabelacker ",
                "zip": "60433",
                "startdate": null,
                "enddate": null,
                "text": " Neben Lukas Baumschule und einem Gewerbehaus stehen zwei ältere Gebäude einer Gärtnerei. Es sieht so aus, als würden sie leer stehen. Weiß jemand mehr?",
                "featured": false,
                "shy": false,
                "user_id": "601a4baa-d58b-49c3-86a7-c13f6e63695e",
                "map_id": "fa8b1e4d-f201-448a-afe9-d7e54215a8ec",
                "status": "vacancy"
            }
        },
        {
            "type": "Feature",
            "geometry": {
                "type": "Point",
                "coordinates": [
                    8.6584466,
                    50.1820592
                ]
            },
            "properties": {
                "id": "cfc96b04-a9f2-44f9-9d36-bff0f4efdedc",
                "created_at": "2012-01-11T15:27:04.000Z",
                "updated_at": "2024-08-20T23:23:57.662Z",
                "since": "2012-01-11T15:27:04.000Z",
                "title": "Große Wiese an U-Bahnhaltestelle Kalbach",
                "slug": "grosse-wiese-an-u-bahnhaltestelle-kalbach",
                "published": true,
                "buildingType": "Wiese",
                "building_type": [
                    "Wiese"
                ],
                "owner": null,
                "road": "Unterer Kalbacher Weg ",
                "zip": "60437",
                "startdate": null,
                "enddate": null,
                "text": "Zwischen dem Wohnhaus Unterer Kalbacher Weg 44 und der U-Bahn-Station Kalbach im Stadtteil Bonames ist eine große Wiese (Baulücke) mit über 6000 qm Fläche, die etwa 20 Wohneinheiten Platz gewähren könnte. ",
                "featured": false,
                "shy": false,
                "user_id": "601a4baa-d58b-49c3-86a7-c13f6e63695e",
                "map_id": "fa8b1e4d-f201-448a-afe9-d7e54215a8ec",
                "status": "vacancy"
            }
        },
        {
            "type": "Feature",
            "geometry": {
                "type": "Point",
                "coordinates": [
                    8.67668,
                    50.11855
                ]
            },
            "properties": {
                "id": "2eb9842b-a8c9-4484-848e-601dce2a24d4",
                "created_at": "2012-01-10T12:41:30.000Z",
                "updated_at": "2024-09-26T13:07:11.072Z",
                "since": "2012-01-10T12:41:30.000Z",
                "title": "Bürohaus Fellnerstr. 5",
                "slug": "burohaus-fellnerstr-5",
                "published": true,
                "buildingType": "Bürogebäude",
                "building_type": [
                    "Bürogebäude"
                ],
                "owner": "private",
                "road": "Fellnerstraße 5",
                "zip": "60322",
                "startdate": null,
                "enddate": null,
                "text": "Büroleerstand",
                "featured": false,
                "shy": false,
                "user_id": "2c988ac3-2a25-4b9f-85e5-1b2f540bd408",
                "map_id": "fa8b1e4d-f201-448a-afe9-d7e54215a8ec",
                "status": "vacancy"
            }
        },
        {
            "type": "Feature",
            "geometry": {
                "type": "Point",
                "coordinates": [
                    8.6771181,
                    50.1185767
                ]
            },
            "properties": {
                "id": "68c33159-1c00-4d6a-a2e5-0e69de97f238",
                "created_at": "2012-01-10T12:44:27.000Z",
                "updated_at": "2024-09-26T13:07:09.629Z",
                "since": "2012-01-10T12:44:27.000Z",
                "title": "Bürohaus Fellnerstr. 7 - 9",
                "slug": "burohaus-fellnerstr-7-9",
                "published": true,
                "buildingType": "Bürogebäude",
                "building_type": [
                    "Bürogebäude"
                ],
                "owner": "private",
                "road": "Fellnerstraße 7",
                "zip": "60322",
                "startdate": null,
                "enddate": null,
                "text": "Büroleerstand",
                "featured": false,
                "shy": false,
                "user_id": "2c988ac3-2a25-4b9f-85e5-1b2f540bd408",
                "map_id": "fa8b1e4d-f201-448a-afe9-d7e54215a8ec",
                "status": "vacancy"
            }
        },
        {
            "type": "Feature",
            "geometry": {
                "type": "Point",
                "coordinates": [
                    8.6927439,
                    50.1216612
                ]
            },
            "properties": {
                "id": "1fbc65cb-eebf-4abe-98a8-d808db98a12c",
                "created_at": "2012-01-09T12:23:07.000Z",
                "updated_at": "2024-09-26T13:07:58.150Z",
                "since": "2012-01-09T12:23:07.000Z",
                "title": "Grundstück zwischen Merian-, Elkenbach-, Bornheimer Landstraße",
                "slug": "grundstuck-zwischen-merian-elkenbach-bornheimer-landstrasse",
                "published": true,
                "buildingType": "gewerblich",
                "building_type": [
                    "gewerblich"
                ],
                "owner": "private",
                "road": "Merianstraße ",
                "zip": "60316",
                "startdate": null,
                "enddate": null,
                "text": "Das ehemalige Südmilch-Grundstück kann für sozialen Wohnungsbau und für gemeinschaftliches Wohnen entwickelt werden. Informationen dazu auf www.parlis.de Initiative des Ortsbeirats 3 OM 4993/2011 Stellungnahme des Magistrats St691/2011\r\n",
                "featured": false,
                "shy": false,
                "user_id": "2c988ac3-2a25-4b9f-85e5-1b2f540bd408",
                "map_id": "fa8b1e4d-f201-448a-afe9-d7e54215a8ec",
                "status": "vacancy"
            }
        },
        {
            "type": "Feature",
            "geometry": {
                "type": "Point",
                "coordinates": [
                    8.670445,
                    50.115471
                ]
            },
            "properties": {
                "id": "a17467da-1e8a-4387-953c-373d9144e41b",
                "created_at": "2012-01-08T11:27:46.000Z",
                "updated_at": "2024-08-20T23:23:58.337Z",
                "since": "2012-01-08T11:27:46.000Z",
                "title": "Opernturm Bockenheimer Landstraße 2 - 4",
                "slug": "opernturm-bockenheimer-landstrasse-2-4",
                "published": true,
                "buildingType": "Bürogebäude,  im EG Läden (z.B. Manufaktum)",
                "building_type": [
                    "Bürogebäude,  im EG Läden (z.B. Manufaktum)"
                ],
                "owner": "private",
                "road": "Bockenheimer Landstraße 2",
                "zip": null,
                "startdate": null,
                "enddate": null,
                "text": "Büroleerstand. Weitere Informationen dazu auf\r\n\r\nhttp://www.allebusinesscenter.de/suche-buero/businesscenter/Deutschland/Hessen/Frankfurt/Frankfurt_Innenstadt/buero-2764\r\n\r\nzur Baugeschichte usw. siehe http://de.wikipedia.org/wiki/Opernturm\r\n\r\nLeerstehende Büros werden nun einzeln und auch wochenweise vermietet.\r\nhttp://www.immobilienscout24.de/expose/56319627  (13.08.2014)\r\n",
                "featured": false,
                "shy": false,
                "user_id": "2c988ac3-2a25-4b9f-85e5-1b2f540bd408",
                "map_id": "fa8b1e4d-f201-448a-afe9-d7e54215a8ec",
                "status": "vacancy"
            }
        },
        {
            "type": "Feature",
            "geometry": {
                "type": "Point",
                "coordinates": [
                    8.6892997,
                    50.118654
                ]
            },
            "properties": {
                "id": "cbf7291c-490d-4481-b670-f0ad6de7b699",
                "created_at": "2012-01-09T12:08:32.000Z",
                "updated_at": "2024-09-26T13:07:57.538Z",
                "since": "2012-01-09T12:08:32.000Z",
                "title": "Grundstück Friedberger Landstr. 10 - 16",
                "slug": "grundstuck-friedberger-landstr-10-16",
                "published": true,
                "buildingType": "",
                "building_type": [
                    ""
                ],
                "owner": "public",
                "road": "Friedberger Landstraße 10",
                "zip": "60316",
                "startdate": null,
                "enddate": null,
                "text": "Auf dem Gelände Friedberger Landstraße 10 - 16, langjährige Zwischennutzung als Autoparkplatz,  könnte sozialer Wohnungsbau vorgesehen werden. Auch gemeinschaftliches Wohnen soll berücksichtigt werden.\r\nInformationen dazu auf www.parlis.de Anregung des Ortsbeirats 3 OM4993/2011, Stellungnahme des Magistrats St 691/2011",
                "featured": false,
                "shy": false,
                "user_id": "2c988ac3-2a25-4b9f-85e5-1b2f540bd408",
                "map_id": "fa8b1e4d-f201-448a-afe9-d7e54215a8ec",
                "status": "vacancy"
            }
        },
        {
            "type": "Feature",
            "geometry": {
                "type": "Point",
                "coordinates": [
                    8.6660761,
                    50.1104409
                ]
            },
            "properties": {
                "id": "d7f49c9f-221e-4679-b8ac-6c203a2dffbd",
                "created_at": "2012-01-06T18:14:28.000Z",
                "updated_at": "2024-09-26T13:06:37.655Z",
                "since": "2012-01-06T18:14:28.000Z",
                "title": "Bürogebäude Mainzer Landstr. 33a",
                "slug": "burogebaude-mainzer-landstr-33a",
                "published": true,
                "buildingType": "Bürogebäude",
                "building_type": [
                    "Bürogebäude"
                ],
                "owner": "private",
                "road": "Mainzer Landstraße 33A",
                "zip": "60329",
                "startdate": null,
                "enddate": null,
                "text": "Das Gebäude steht leer. Wer weiß mehr?",
                "featured": false,
                "shy": false,
                "user_id": "2c988ac3-2a25-4b9f-85e5-1b2f540bd408",
                "map_id": "fa8b1e4d-f201-448a-afe9-d7e54215a8ec",
                "status": "vacancy"
            }
        },
        {
            "type": "Feature",
            "geometry": {
                "type": "Point",
                "coordinates": [
                    8.6640796,
                    50.1107457
                ]
            },
            "properties": {
                "id": "fefada7f-fc24-4c9f-8170-1e31f2e36ed0",
                "created_at": "2012-01-08T11:19:44.000Z",
                "updated_at": "2024-09-26T13:06:48.024Z",
                "since": "2012-01-08T11:19:44.000Z",
                "title": "Bürohaus Mainzer Landstr. 49",
                "slug": "burohaus-mainzer-landstr-49",
                "published": true,
                "buildingType": "Bürogebäude",
                "building_type": [
                    "Bürogebäude"
                ],
                "owner": "private",
                "road": "Mainzer Landstraße 49",
                "zip": "60329",
                "startdate": null,
                "enddate": null,
                "text": "Büroleerstand. Dazu Informationen auf http://www.allebusinesscenter.de/suche-buero/businesscenter/Deutschland/Hessen/Frankfurt/Frankfurt_Innenstadt/buero-245",
                "featured": false,
                "shy": false,
                "user_id": "2c988ac3-2a25-4b9f-85e5-1b2f540bd408",
                "map_id": "fa8b1e4d-f201-448a-afe9-d7e54215a8ec",
                "status": "vacancy"
            }
        },
        {
            "type": "Feature",
            "geometry": {
                "type": "Point",
                "coordinates": [
                    8.6775141,
                    50.1118759
                ]
            },
            "properties": {
                "id": "0b21c703-0e76-4c4c-81e9-27038b9ddf34",
                "created_at": "2012-01-06T18:00:57.000Z",
                "updated_at": "2024-08-20T23:23:58.762Z",
                "since": "2012-01-06T18:00:57.000Z",
                "title": "Wohnung Am Salzhaus 4",
                "slug": "wohnung-am-salzhaus-4",
                "published": true,
                "buildingType": "Wohngebäude im EG Geschäftsräume",
                "building_type": [
                    "Wohngebäude im EG Geschäftsräume"
                ],
                "owner": "private",
                "road": "Am Salzhaus 4",
                "zip": "60311",
                "startdate": null,
                "enddate": null,
                "text": "An dem Gebäude hängt ein Aushang, daß im 6. OG eine große Wohnung mit knapp 180 qm (Penthouse) zu vermieten sei.",
                "featured": false,
                "shy": false,
                "user_id": "2c988ac3-2a25-4b9f-85e5-1b2f540bd408",
                "map_id": "fa8b1e4d-f201-448a-afe9-d7e54215a8ec",
                "status": "vacancy"
            }
        },
        {
            "type": "Feature",
            "geometry": {
                "type": "Point",
                "coordinates": [
                    8.669254,
                    50.110245
                ]
            },
            "properties": {
                "id": "78cc5518-4dff-492a-a3b2-d3b2943ef4a4",
                "created_at": "2012-01-06T18:11:23.000Z",
                "updated_at": "2024-09-26T13:06:43.899Z",
                "since": "2012-01-06T18:11:23.000Z",
                "title": "Skyper-Hochhaus Taunusanlage 1",
                "slug": "skyper-hochhaus-taunusanlage-1",
                "published": true,
                "buildingType": "Bürogebäude",
                "building_type": [
                    "Bürogebäude"
                ],
                "owner": "private",
                "road": "Taunusanlage 1",
                "zip": "60329",
                "startdate": null,
                "enddate": null,
                "text": "Im Skyper - ein Komplex von Hochhaus, Carrée, und Villa, gibt es Büroraum zu mieten. Wohnungen sollen vorhanden sein?\r\nWeitere Information zum Leerstand hier: http://www.allebusinesscenter.de/suche-buero/businesscenter/Deutschland/Hessen/Frankfurt/Frankfurt_Innenstadt/buero-4924\r\nDie historische Villa wurde 1913 erbaut. Es war der Firmensitz der Philipp-Holzmann-AG. \r\n",
                "featured": false,
                "shy": false,
                "user_id": "2c988ac3-2a25-4b9f-85e5-1b2f540bd408",
                "map_id": "fa8b1e4d-f201-448a-afe9-d7e54215a8ec",
                "status": "vacancy"
            }
        },
        {
            "type": "Feature",
            "geometry": {
                "type": "Point",
                "coordinates": [
                    8.6665453,
                    50.1103806
                ]
            },
            "properties": {
                "id": "2c97e9cd-9be3-4a1b-a1e0-1cea91fc09d7",
                "created_at": "2012-01-06T17:43:19.000Z",
                "updated_at": "2024-08-20T23:23:58.805Z",
                "since": "2012-01-06T17:43:19.000Z",
                "title": "Büro-Gewerbegebäude Niddastr. 35",
                "slug": "buro-gewerbegebaude-niddastr-35",
                "published": true,
                "buildingType": "Gewerbegebäude",
                "building_type": [
                    "Gewerbegebäude"
                ],
                "owner": "private",
                "road": "Niddastraße 35",
                "zip": "60329",
                "startdate": null,
                "enddate": null,
                "text": "Derzeit ist keine Nutzung des großen, stattlichen und sanierten Gewerbe- und Bürokomplexes an der Ecke Niddastraße Elbestraße erkennbar. Wer weiß mehr?",
                "featured": false,
                "shy": false,
                "user_id": "2c988ac3-2a25-4b9f-85e5-1b2f540bd408",
                "map_id": "fa8b1e4d-f201-448a-afe9-d7e54215a8ec",
                "status": "vacancy"
            }
        },
        {
            "type": "Feature",
            "geometry": {
                "type": "Point",
                "coordinates": [
                    8.6664834,
                    50.1106187
                ]
            },
            "properties": {
                "id": "34cfe4eb-be23-45c6-b696-7867c0e433fb",
                "created_at": "2012-01-06T17:53:04.000Z",
                "updated_at": "2024-08-20T23:23:52.562Z",
                "since": "2012-01-06T17:53:04.000Z",
                "title": "Wohnhaus Niddastr. 32",
                "slug": "wohnhaus-niddastr-32",
                "published": true,
                "buildingType": "Wohngebäude",
                "building_type": [
                    "Wohngebäude"
                ],
                "owner": null,
                "road": "Niddastraße 32",
                "zip": "60329",
                "startdate": null,
                "enddate": null,
                "text": "Ein stattliches Wohnhaus, das offenbar nicht genutzt wird. Wer weiß mehr?",
                "featured": false,
                "shy": false,
                "user_id": "2c988ac3-2a25-4b9f-85e5-1b2f540bd408",
                "map_id": "fa8b1e4d-f201-448a-afe9-d7e54215a8ec",
                "status": "vacancy"
            }
        },
        {
            "type": "Feature",
            "geometry": {
                "type": "Point",
                "coordinates": [
                    8.66862,
                    50.11209
                ]
            },
            "properties": {
                "id": "b1e27aa2-7607-4582-974a-f4af33b9a4d3",
                "created_at": "2012-01-05T17:51:42.000Z",
                "updated_at": "2024-09-26T13:06:37.528Z",
                "since": "2012-01-05T17:51:42.000Z",
                "title": "Taunusanlage 9",
                "slug": "taunusanlage-9",
                "published": true,
                "buildingType": "Bürogebäude",
                "building_type": [
                    "Bürogebäude"
                ],
                "owner": "private",
                "road": "Taunusanlage 9",
                "zip": "60329",
                "startdate": null,
                "enddate": null,
                "text": "Das Bürogebäude mit ansehnlicher Fassadengestaltung steht komplett leer.",
                "featured": false,
                "shy": false,
                "user_id": "2c988ac3-2a25-4b9f-85e5-1b2f540bd408",
                "map_id": "fa8b1e4d-f201-448a-afe9-d7e54215a8ec",
                "status": "vacancy"
            }
        },
        {
            "type": "Feature",
            "geometry": {
                "type": "Point",
                "coordinates": [
                    8.6893531,
                    50.1203999
                ]
            },
            "properties": {
                "id": "459e1a53-3353-4329-bfca-b4d92b4ea68b",
                "created_at": "2012-01-06T11:18:05.000Z",
                "updated_at": "2024-08-20T23:23:58.900Z",
                "since": "2012-01-06T11:18:05.000Z",
                "title": "Baulücke Mercatorstr.  25",
                "slug": "baulucke-mercatorstr-25",
                "published": true,
                "buildingType": "Baulücke Zwischennutzung Parkplatz",
                "building_type": [
                    "Baulücke Zwischennutzung Parkplatz"
                ],
                "owner": null,
                "road": "Mercatorstraße 25",
                "zip": "60316",
                "startdate": null,
                "enddate": null,
                "text": "In die Baulücke könnte sozial geförderte sowie altersgerechter barrierrefreier Wohnungsbau.\r\n\r\nFNP 6.1.2012\r\nhttp://www.fnp.de/fnp/region/lokales/frankfurt/hier-ist-platz-fuer-wohnungen_rmn01.c.9492239.de.html",
                "featured": false,
                "shy": false,
                "user_id": "2c988ac3-2a25-4b9f-85e5-1b2f540bd408",
                "map_id": "fa8b1e4d-f201-448a-afe9-d7e54215a8ec",
                "status": "vacancy"
            }
        },
        {
            "type": "Feature",
            "geometry": {
                "type": "Point",
                "coordinates": [
                    8.6660568,
                    50.111375
                ]
            },
            "properties": {
                "id": "24fa93e7-f18b-42f9-98a2-9dccb61e7e49",
                "created_at": "2012-01-06T17:33:08.000Z",
                "updated_at": "2024-09-26T13:06:37.699Z",
                "since": "2012-01-06T17:33:08.000Z",
                "title": "Bürogebäude Mainzer Landstr. 23",
                "slug": "burogebaude-mainzer-landstr-23",
                "published": true,
                "buildingType": "Bürogebäude",
                "building_type": [
                    "Bürogebäude"
                ],
                "owner": "private",
                "road": "Mainzer Landstraße 23",
                "zip": "60329",
                "startdate": null,
                "enddate": null,
                "text": "Der große Komplex der Bayerischen Hypo- und Vereinsbank im Bereich Mainzer Landstraße, Weserstraße, Niddastraße steht leer.",
                "featured": false,
                "shy": false,
                "user_id": "2c988ac3-2a25-4b9f-85e5-1b2f540bd408",
                "map_id": "fa8b1e4d-f201-448a-afe9-d7e54215a8ec",
                "status": "vacancy"
            }
        },
        {
            "type": "Feature",
            "geometry": {
                "type": "Point",
                "coordinates": [
                    8.66889,
                    50.11198
                ]
            },
            "properties": {
                "id": "298c889d-4969-4c4e-af8d-a5a6b373465f",
                "created_at": "2012-01-05T17:49:36.000Z",
                "updated_at": "2024-09-26T13:07:44.945Z",
                "since": "2012-01-05T17:49:36.000Z",
                "title": "Taunusanlage 8",
                "slug": "taunusanlage-8",
                "published": true,
                "buildingType": "Bürogebäude",
                "building_type": [
                    "Bürogebäude"
                ],
                "owner": "private",
                "road": "Taunusanlage 8",
                "zip": "60329",
                "startdate": null,
                "enddate": null,
                "text": "Das Bürogebäude mit 5 Etagen steht leer.",
                "featured": false,
                "shy": false,
                "user_id": "2c988ac3-2a25-4b9f-85e5-1b2f540bd408",
                "map_id": "fa8b1e4d-f201-448a-afe9-d7e54215a8ec",
                "status": "vacancy"
            }
        },
        {
            "type": "Feature",
            "geometry": {
                "type": "Point",
                "coordinates": [
                    8.67127,
                    50.1132316
                ]
            },
            "properties": {
                "id": "beb1211f-3447-4787-b9ae-326aa800407f",
                "created_at": "2012-01-05T18:13:20.000Z",
                "updated_at": "2024-09-26T13:07:10.240Z",
                "since": "2012-01-05T18:13:20.000Z",
                "title": "Frankfurter Sparkasse Neue Mainzer Straße Ecke Junghofstraße",
                "slug": "frankfurter-sparkasse-neue-mainzer-strasse-ecke-junghofstrasse",
                "published": true,
                "buildingType": "mehrere Bürogebäude aus unterschiedlichen Bauzeiten",
                "building_type": [
                    "mehrere Bürogebäude aus unterschiedlichen Bauzeiten"
                ],
                "owner": "public",
                "road": "Neue Mainzer Straße 59",
                "zip": "60311",
                "startdate": null,
                "enddate": null,
                "text": "Das gesamte große Areal der ehemaligen Frankfurter Sparkasse steht komplett leer. Das Logo mit der Sparkasse suggeriert in der Öffentlichkeit, daß die Gebäude genutzt werden würden. Warum an dieser zentralen Stelle der Innenstadt, am grünen Anlagenring gelegen, nicht  eine Wohnnutzung mit gewerblicher Nutzung mischen? Die Stadt braucht Visionen, die zukunftsfähig sind.",
                "featured": false,
                "shy": false,
                "user_id": "2c988ac3-2a25-4b9f-85e5-1b2f540bd408",
                "map_id": "fa8b1e4d-f201-448a-afe9-d7e54215a8ec",
                "status": "vacancy"
            }
        },
        {
            "type": "Feature",
            "geometry": {
                "type": "Point",
                "coordinates": [
                    8.6712291,
                    50.1127772
                ]
            },
            "properties": {
                "id": "064b5221-105c-43c6-9445-9ea6ffe55548",
                "created_at": "2012-01-05T17:43:43.000Z",
                "updated_at": "2024-09-26T13:07:36.274Z",
                "since": "2012-01-05T17:43:43.000Z",
                "title": "Wohnhaus Neue Mainzer 55",
                "slug": "wohnhaus-neue-mainzer-55",
                "published": true,
                "buildingType": "Wohngebäude",
                "building_type": [
                    "Wohngebäude"
                ],
                "owner": "private",
                "road": "Neue Mainzer Straße 55",
                "zip": "60311",
                "startdate": null,
                "enddate": null,
                "text": "Das Wohngebäude im Schatten der Banken-Hochhäuser fristet ein elendes Dasein und steht komplett leer. Das Haus könnte als Kulturdenkmal auf der Denkmalschutzliste des Landes Hessen stehen (nachfragen). Ist die Eigentümerin die öffentliche Hand?",
                "featured": false,
                "shy": false,
                "user_id": "2c988ac3-2a25-4b9f-85e5-1b2f540bd408",
                "map_id": "fa8b1e4d-f201-448a-afe9-d7e54215a8ec",
                "status": "vacancy"
            }
        },
        {
            "type": "Feature",
            "geometry": {
                "type": "Point",
                "coordinates": [
                    8.7065248,
                    50.1121191
                ]
            },
            "properties": {
                "id": "eea421c9-7998-45d6-9b32-9445a956767f",
                "created_at": "2012-01-03T17:49:03.000Z",
                "updated_at": "2024-09-26T13:07:54.257Z",
                "since": "2012-01-03T17:49:03.000Z",
                "title": "Wohnhaus am Ostbahnhof",
                "slug": "wohnhaus-am-ostbahnhof",
                "published": true,
                "buildingType": "Wohngebäude",
                "building_type": [
                    "Wohngebäude"
                ],
                "owner": null,
                "road": "Grusonstraße  6",
                "zip": "60314",
                "startdate": null,
                "enddate": null,
                "text": "Das Gebäude könnte saniert und bewohnt werden. Gehört es der Deutschen Bahn AG?",
                "featured": false,
                "shy": false,
                "user_id": "2c988ac3-2a25-4b9f-85e5-1b2f540bd408",
                "map_id": "fa8b1e4d-f201-448a-afe9-d7e54215a8ec",
                "status": "vacancy"
            }
        },
        {
            "type": "Feature",
            "geometry": {
                "type": "Point",
                "coordinates": [
                    8.67799,
                    50.1191002
                ]
            },
            "properties": {
                "id": "ec16943d-b587-489a-bbe3-a0db82abcbca",
                "created_at": "2012-01-03T17:24:28.000Z",
                "updated_at": "2024-08-20T23:23:59.523Z",
                "since": "2012-01-03T17:24:28.000Z",
                "title": "Gärtnerweg 2",
                "slug": "gartnerweg-2",
                "published": true,
                "buildingType": "Bürogebäude",
                "building_type": [
                    "Bürogebäude"
                ],
                "owner": "private",
                "road": "Gärtnerweg 2",
                "zip": "60322",
                "startdate": null,
                "enddate": null,
                "text": "In dem Eckgebäude Gärtnerweg / Eschersheimer Landstraße gibt es Büro-Leerstand, wie dem Vermieter-Schild zu entnehmen ist.",
                "featured": false,
                "shy": false,
                "user_id": "2c988ac3-2a25-4b9f-85e5-1b2f540bd408",
                "map_id": "fa8b1e4d-f201-448a-afe9-d7e54215a8ec",
                "status": "vacancy"
            }
        },
        {
            "type": "Feature",
            "geometry": {
                "type": "Point",
                "coordinates": [
                    8.6920127,
                    50.1149962
                ]
            },
            "properties": {
                "id": "04c83a96-58b6-4ea3-8afc-a51ebf3df8a2",
                "created_at": "2012-01-03T17:31:34.000Z",
                "updated_at": "2024-09-26T13:07:55.137Z",
                "since": "2012-01-03T17:31:34.000Z",
                "title": "ehemalige Stadtbücherei Zeil 17 - 21",
                "slug": "ehemalige-stadtbucherei-zeil-17-21",
                "published": true,
                "buildingType": "Gewerbegebäude",
                "building_type": [
                    "Gewerbegebäude"
                ],
                "owner": "private",
                "road": "Zeil 17",
                "zip": "60313",
                "startdate": null,
                "enddate": null,
                "text": "Im Erdgeschoß ist zur Zeit eine \"Expo Zeil\" mit einem \"Festival für Mode und Design\". Ansonsten herrscht in den 6 Obergeschossen Leerstand vor. ",
                "featured": false,
                "shy": false,
                "user_id": "2c988ac3-2a25-4b9f-85e5-1b2f540bd408",
                "map_id": "fa8b1e4d-f201-448a-afe9-d7e54215a8ec",
                "status": "vacancy"
            }
        },
        {
            "type": "Feature",
            "geometry": {
                "type": "Point",
                "coordinates": [
                    8.70053,
                    50.11151
                ]
            },
            "properties": {
                "id": "a164b465-cbf3-4557-855e-bcee61aa4eb5",
                "created_at": "2012-01-03T17:42:30.000Z",
                "updated_at": "2024-08-20T23:23:59.421Z",
                "since": "2012-01-03T17:42:30.000Z",
                "title": "Gründerzeit-Wohnhaus Windeckstrasse Ecke Ostendstrasse",
                "slug": "grunderzeit-wohnhaus-windeckstrasse-ecke-ostendstrasse",
                "published": true,
                "buildingType": "Wohngebäude",
                "building_type": [
                    "Wohngebäude"
                ],
                "owner": "private",
                "road": "Windeckstraße 27",
                "zip": "60314",
                "startdate": null,
                "enddate": null,
                "text": "Das Gebäude hat Leerstände.",
                "featured": false,
                "shy": false,
                "user_id": "2c988ac3-2a25-4b9f-85e5-1b2f540bd408",
                "map_id": "fa8b1e4d-f201-448a-afe9-d7e54215a8ec",
                "status": "vacancy"
            }
        },
        {
            "type": "Feature",
            "geometry": {
                "type": "Point",
                "coordinates": [
                    8.6771182,
                    50.1150088
                ]
            },
            "properties": {
                "id": "f7c5c7fd-ab5b-49a6-9a1d-890d92fb09c8",
                "created_at": "2011-12-31T15:51:31.000Z",
                "updated_at": "2024-09-26T13:07:52.607Z",
                "since": "2011-12-31T15:51:31.000Z",
                "title": "Börsenstraße 13 - 15",
                "slug": "borsenstrasse-13-15",
                "published": true,
                "buildingType": "Bürogebäude",
                "building_type": [
                    "Bürogebäude"
                ],
                "owner": "private",
                "road": "Börsenstr. 13",
                "zip": "60313",
                "startdate": null,
                "enddate": null,
                "text": "Gebäudekomplex wird seit Juni 2012 abgerissen. Die Lage eignet sich für Wohnungen.\r\nBei der Weiterentwicklung des Innenstadtkonzepts sollte dieses Gebäude wie die zahlreichen anderen leerstehenden Bürogebäude innerhalb der Wallanlagen daraufhin geprüft werden, ob preisgünstige, barrierefreie Wohnungen z.B. für eine Miete entsprechend der Durchschnittsrente von 900 Euro im Monat dort mit öffentlichen Mitteln entstehen können.\r\n\r\nWeitere Informationen zum Innenstadtkonzept auf:\r\nhttp://www.stadtplanungsamt-frankfurt.de/innenstadtkonzept_5276.html?psid=69c126c9918ad9e5c679eae82e85ce04",
                "featured": false,
                "shy": false,
                "user_id": "2c988ac3-2a25-4b9f-85e5-1b2f540bd408",
                "map_id": "fa8b1e4d-f201-448a-afe9-d7e54215a8ec",
                "status": "vacancy"
            }
        },
        {
            "type": "Feature",
            "geometry": {
                "type": "Point",
                "coordinates": [
                    8.6784002,
                    50.1192709
                ]
            },
            "properties": {
                "id": "07d12e58-9c96-452d-8099-0cf1ccc06319",
                "created_at": "2012-01-03T17:06:04.000Z",
                "updated_at": "2024-09-26T13:07:09.945Z",
                "since": "2012-01-03T17:06:04.000Z",
                "title": "Büroturm Eschersheimer Landstr. 10",
                "slug": "buroturm-eschersheimer-landstr-10",
                "published": true,
                "buildingType": "Bürogebäude",
                "building_type": [
                    "Bürogebäude"
                ],
                "owner": "private",
                "road": "Eschersheimer Landstraße 10",
                "zip": "60322",
                "startdate": null,
                "enddate": null,
                "text": "Das 14-stöckige Bürogebäude hat Leerstand.",
                "featured": false,
                "shy": false,
                "user_id": "2c988ac3-2a25-4b9f-85e5-1b2f540bd408",
                "map_id": "fa8b1e4d-f201-448a-afe9-d7e54215a8ec",
                "status": "vacancy"
            }
        },
        {
            "type": "Feature",
            "geometry": {
                "type": "Point",
                "coordinates": [
                    8.6512103,
                    50.0832442
                ]
            },
            "properties": {
                "id": "2b1f1ee3-ed6e-4325-84de-3f47b592fb17",
                "created_at": "2011-12-31T15:44:58.000Z",
                "updated_at": "2024-09-26T13:07:59.121Z",
                "since": "2011-12-31T15:44:58.000Z",
                "title": "Hotelruine Rennbahnstr. 75",
                "slug": "hotelruine-rennbahnstr-75",
                "published": true,
                "buildingType": "Hotel an der Rennbahn als Ruine",
                "building_type": [
                    "Hotel an der Rennbahn als Ruine"
                ],
                "owner": "private",
                "road": "Rennbahnstraße 75",
                "zip": "60528",
                "startdate": null,
                "enddate": null,
                "text": "An der Rennbahn sollte ein Hotel entstehen, das derzeit Bauruine ist.",
                "featured": false,
                "shy": false,
                "user_id": "2c988ac3-2a25-4b9f-85e5-1b2f540bd408",
                "map_id": "fa8b1e4d-f201-448a-afe9-d7e54215a8ec",
                "status": "vacancy"
            }
        },
        {
            "type": "Feature",
            "geometry": {
                "type": "Point",
                "coordinates": [
                    8.6506426,
                    50.0835846
                ]
            },
            "properties": {
                "id": "325bcdd3-e9e5-4c98-ad06-7834b45b0dc6",
                "created_at": "2011-12-31T15:37:24.000Z",
                "updated_at": "2024-09-26T13:07:00.736Z",
                "since": "2011-12-31T15:37:24.000Z",
                "title": "Rennbahnstr. 72 - 74",
                "slug": "rennbahnstr-72-74",
                "published": true,
                "buildingType": "Bürogebäude",
                "building_type": [
                    "Bürogebäude"
                ],
                "owner": "private",
                "road": "Rennbahnstraße 72",
                "zip": "60528",
                "startdate": null,
                "enddate": null,
                "text": "Dort gibt es laut Schild provisionsfreie Büros zu mieten",
                "featured": false,
                "shy": false,
                "user_id": "2c988ac3-2a25-4b9f-85e5-1b2f540bd408",
                "map_id": "fa8b1e4d-f201-448a-afe9-d7e54215a8ec",
                "status": "vacancy"
            }
        },
        {
            "type": "Feature",
            "geometry": {
                "type": "Point",
                "coordinates": [
                    8.65998,
                    50.11525
                ]
            },
            "properties": {
                "id": "b9b664b9-72ee-4370-8a19-6797c87a134b",
                "created_at": "2011-12-28T14:14:40.000Z",
                "updated_at": "2024-09-26T13:07:55.420Z",
                "since": "2011-12-28T14:14:40.000Z",
                "title": "Paul-Ehrlich-Villa",
                "slug": "paul-ehrlich-villa",
                "published": true,
                "buildingType": "Bürogebäude",
                "building_type": [
                    "Bürogebäude"
                ],
                "owner": "private",
                "road": "Westendstraße 58",
                "zip": "60325",
                "startdate": null,
                "enddate": null,
                "text": "Seit die Banca Commerciale Italiana ausgezogen ist, steht das Gebäude komplett leer und es wurde als \"Bürovilla\" zum Kauf oder zur Miete angeboten.\r\n\r\nPaul Ehrlich (1854-1915) lebte 16 Jahre lang in dieser Villa. 1982 wurde ein Relief des Wissenschaftlers an der Fassade enthüllt.\r\n",
                "featured": false,
                "shy": false,
                "user_id": "601a4baa-d58b-49c3-86a7-c13f6e63695e",
                "map_id": "fa8b1e4d-f201-448a-afe9-d7e54215a8ec",
                "status": "vacancy"
            }
        },
        {
            "type": "Feature",
            "geometry": {
                "type": "Point",
                "coordinates": [
                    8.6309497,
                    50.1159419
                ]
            },
            "properties": {
                "id": "06d01601-fe62-4791-81f6-9d44f157f7eb",
                "created_at": "2011-12-23T06:57:08.000Z",
                "updated_at": "2024-09-26T13:07:43.076Z",
                "since": "2011-12-23T06:57:08.000Z",
                "title": "Ex - Wayss\u0026Freytag-Zentrale",
                "slug": "ex-wayss-freytag-zentrale",
                "published": true,
                "buildingType": "Bürogebäude",
                "building_type": [
                    "Bürogebäude"
                ],
                "owner": "private",
                "road": "Theodor-Heuss-Allee 110",
                "zip": "60486",
                "startdate": null,
                "enddate": null,
                "text": "Rund 10 Jahre steht das Bürogebäude schon leer.\r\nWohnnutzung könnte man sich in den oberen Etagen sicherlich vorstellen, wo der Verkehrslärm nicht mehr so stark ist. Gute Beispiele für eine gemischte Nutzung findet man in anderen Ländern. \r\nBeispielsweise gehören in Chicago der John-Hancock-Center und die Marina City zu den beliebtesten Hochhäusern: In den unteren Etagen wird gearbeitet oder geparkt und oben kann man wohnen...",
                "featured": false,
                "shy": false,
                "user_id": "601a4baa-d58b-49c3-86a7-c13f6e63695e",
                "map_id": "fa8b1e4d-f201-448a-afe9-d7e54215a8ec",
                "status": "vacancy"
            }
        },
        {
            "type": "Feature",
            "geometry": {
                "type": "Point",
                "coordinates": [
                    8.6386815,
                    50.1170901
                ]
            },
            "properties": {
                "id": "d02736b0-b79b-44d5-a412-759769e2ab02",
                "created_at": "2011-12-28T13:21:20.000Z",
                "updated_at": "2024-09-26T13:07:45.681Z",
                "since": "2011-12-28T13:21:20.000Z",
                "title": "Ohmstraße 1-9",
                "slug": "ohmstrasse-1-9",
                "published": true,
                "buildingType": "Gewerbegebäude",
                "building_type": [
                    "Gewerbegebäude"
                ],
                "owner": null,
                "road": "Voltastraße 32",
                "zip": "60486",
                "startdate": null,
                "enddate": null,
                "text": "Der gesamte Block zwischen Ohmstraße, Pfingstbrunnenstraße, Voltastraße und Kuhwaldstraße steht seit rund 10 Jahren weitgehend leer. Es heißt, früher befand sich ein gutes spanisches Restaurant im Gebäude mit der burgartigen Fassade an der Kuhwaldstraße. Ab und zu stehen auch Fahrzeuge auf dem Parkplatz. Ob eventuell noch einzelne Gebäudeteile gewerblich genutzt werden, ist nicht ganz ausgeschlossen. Aber der größte Teil steht leer und verfällt.\r\n(Seltsamerweise ist Streetview rund um das Gelände unpräzise - man muss sich in der Ansicht \"ranklicken\")",
                "featured": false,
                "shy": false,
                "user_id": "601a4baa-d58b-49c3-86a7-c13f6e63695e",
                "map_id": "fa8b1e4d-f201-448a-afe9-d7e54215a8ec",
                "status": "vacancy"
            }
        },
        {
            "type": "Feature",
            "geometry": {
                "type": "Point",
                "coordinates": [
                    8.6814,
                    50.1176
                ]
            },
            "properties": {
                "id": "ab74aa94-b6b0-485b-aacf-f22f3be9819a",
                "created_at": "2011-12-22T18:02:54.000Z",
                "updated_at": "2024-09-26T13:07:09.988Z",
                "since": "2011-12-22T18:02:54.000Z",
                "title": "Bleichstr. 60 - 62",
                "slug": "bleichstr-60-62",
                "published": true,
                "buildingType": "Bürogebäude",
                "building_type": [
                    "Bürogebäude"
                ],
                "owner": "private",
                "road": "Bleichstraße 60",
                "zip": "60313",
                "startdate": null,
                "enddate": null,
                "text": "In zentraler Lage nahe der Eschenheimer Anlage gelegen, geht das Gebäude wohl dem kompletten Leerstand entgegen. Noch sind Umzugsfirmen am Entfernen des Mobiliars.\r\n\r\nAuf dem vierten Foto ist der Blick auf das Gebäude von der Eschenheimer Anlage mit seinem historischen Tiefgarten zu sehen. Ein Durchgang für Spaziergänger zwischen Anlage und Bleichstraße fehlt leider zwischen den (derzeit leerstehenden) Bürogebäuden.",
                "featured": false,
                "shy": false,
                "user_id": "2c988ac3-2a25-4b9f-85e5-1b2f540bd408",
                "map_id": "fa8b1e4d-f201-448a-afe9-d7e54215a8ec",
                "status": "vacancy"
            }
        },
        {
            "type": "Feature",
            "geometry": {
                "type": "Point",
                "coordinates": [
                    8.6860523,
                    50.1129392
                ]
            },
            "properties": {
                "id": "318b0c2f-8890-459e-9afb-f633f2011c59",
                "created_at": "2011-12-22T17:39:20.000Z",
                "updated_at": "2024-09-26T13:07:43.883Z",
                "since": "2011-12-22T17:39:20.000Z",
                "title": "Fahrgasse 89",
                "slug": "fahrgasse-89",
                "published": true,
                "buildingType": "Gewerbegebäude",
                "building_type": [
                    "Gewerbegebäude"
                ],
                "owner": "private",
                "road": "Fahrgasse 89",
                "zip": "60311",
                "startdate": null,
                "enddate": null,
                "text": "Das Gebäude könnte sich für Wohnungen in den oberen Etagen in zentraler Innenstadtlage - ohne Fluglärm - durchaus eignen. Unten sind Läden, oben Büros. Es sei Büroraum zu vermieten, heißt es in einer oberen Etage am Fenster. Umliegende Gebäude haben Wohnanteil.\r\n\r\nNun liegt das Haus dank Hinweis (danke!) in der richtigen Gasse.",
                "featured": false,
                "shy": false,
                "user_id": "2c988ac3-2a25-4b9f-85e5-1b2f540bd408",
                "map_id": "fa8b1e4d-f201-448a-afe9-d7e54215a8ec",
                "status": "vacancy"
            }
        },
        {
            "type": "Feature",
            "geometry": {
                "type": "Point",
                "coordinates": [
                    8.6811065,
                    50.117301
                ]
            },
            "properties": {
                "id": "d189db92-3b78-4839-949d-8bf00207ae18",
                "created_at": "2011-12-22T17:55:10.000Z",
                "updated_at": "2024-09-26T13:07:09.272Z",
                "since": "2011-12-22T17:55:10.000Z",
                "title": "Bleichstrasse 54",
                "slug": "bleichstrasse-54",
                "published": true,
                "buildingType": "Gewerbegebäude",
                "building_type": [
                    "Gewerbegebäude"
                ],
                "owner": "private",
                "road": "Bleichstraße 54",
                "zip": "60313",
                "startdate": null,
                "enddate": null,
                "text": "Wohngebäude der Gründerzeit, das gewerblich genutzt wird. Büroraum ist zu vermieten, wie am Werbeschild zu erkennen ist.",
                "featured": false,
                "shy": false,
                "user_id": "2c988ac3-2a25-4b9f-85e5-1b2f540bd408",
                "map_id": "fa8b1e4d-f201-448a-afe9-d7e54215a8ec",
                "status": "vacancy"
            }
        },
        {
            "type": "Feature",
            "geometry": {
                "type": "Point",
                "coordinates": [
                    8.6385111,
                    50.1724303
                ]
            },
            "properties": {
                "id": "09f74d51-9fec-4ea8-ad32-bc3fc85c4802",
                "created_at": "2011-12-20T14:42:56.000Z",
                "updated_at": "2024-09-26T13:07:58.701Z",
                "since": "2011-12-20T14:42:56.000Z",
                "title": "Marie-Curie-Straße 30",
                "slug": "marie-curie-strasse-30",
                "published": true,
                "buildingType": "Bürogebäude",
                "building_type": [
                    "Bürogebäude"
                ],
                "owner": "private",
                "road": "Marie-Curie-Straße 30",
                "zip": "60439",
                "startdate": null,
                "enddate": null,
                "text": "Mertonviertel. Marie-Curie-Straße 30, 60439 Frankfurt am Main\r\nWirtschaftsprüfungsgesellschaft KPMG war im Gebäude, sind an den Frankfurter Flughafen gezogen.\r\n",
                "featured": false,
                "shy": false,
                "user_id": "c05155a1-08f5-42ad-a71a-1e2cac1cb6c1",
                "map_id": "fa8b1e4d-f201-448a-afe9-d7e54215a8ec",
                "status": "vacancy"
            }
        },
        {
            "type": "Feature",
            "geometry": {
                "type": "Point",
                "coordinates": [
                    8.684876,
                    50.1156347
                ]
            },
            "properties": {
                "id": "9dc8fb57-78f0-4530-83bb-1b252b8ea683",
                "created_at": "2011-12-17T15:38:41.000Z",
                "updated_at": "2024-09-26T13:07:59.488Z",
                "since": "2011-12-17T15:38:41.000Z",
                "title": "Schäfergasse 16",
                "slug": "schafergasse-16",
                "published": true,
                "buildingType": "Baulücke",
                "building_type": [
                    "Baulücke"
                ],
                "owner": null,
                "road": "Schäfergasse 16",
                "zip": "60313",
                "startdate": null,
                "enddate": null,
                "text": "Hier ist eine Baulücke, die für ein Wohnhaus geeignet ist. Wenn die Stadt sich bemüht, könnte hier bezahlbarer Wohnraum entstehen. Beim Innenstadtkonzept, das mit Planungswerkstätten gearbeitet hat, wurde intensiv nach Möglichkeiten für viele weitere Wohnungen im Stadtzentrum gesucht. Das Gebäude Nr. 18 hat in den oberen Etagen Wohnungen, unten ein Geschäft, eine ideale Nutzung.\r\n",
                "featured": false,
                "shy": false,
                "user_id": "2c988ac3-2a25-4b9f-85e5-1b2f540bd408",
                "map_id": "fa8b1e4d-f201-448a-afe9-d7e54215a8ec",
                "status": "vacancy"
            }
        },
        {
            "type": "Feature",
            "geometry": {
                "type": "Point",
                "coordinates": [
                    8.67539,
                    50.12204
                ]
            },
            "properties": {
                "id": "c2c3c8da-fc25-4ff4-bb9b-4cf44945a283",
                "created_at": "2011-12-17T09:06:27.000Z",
                "updated_at": "2024-09-26T13:07:11.214Z",
                "since": "2011-12-17T09:06:27.000Z",
                "title": "Eschersheimer Landstrasse 61-63",
                "slug": "eschersheimer-landstrasse-61-63",
                "published": true,
                "buildingType": "Bürogebäude",
                "building_type": [
                    "Bürogebäude"
                ],
                "owner": "private",
                "road": "Eschersheimer Landstraße 63",
                "zip": "60322",
                "startdate": null,
                "enddate": null,
                "text": "Das Eckgebäude an der Gervinusstraße hat freie Büroetagen.",
                "featured": false,
                "shy": false,
                "user_id": "2c988ac3-2a25-4b9f-85e5-1b2f540bd408",
                "map_id": "fa8b1e4d-f201-448a-afe9-d7e54215a8ec",
                "status": "vacancy"
            }
        },
        {
            "type": "Feature",
            "geometry": {
                "type": "Point",
                "coordinates": [
                    8.6756156,
                    50.120787
                ]
            },
            "properties": {
                "id": "2cc12045-59a1-4a4f-80b6-ff877d64be0d",
                "created_at": "2011-12-12T19:02:52.000Z",
                "updated_at": "2024-09-26T13:07:09.854Z",
                "since": "2011-12-12T19:02:52.000Z",
                "title": "Eschersheimer Landstrasse 43 - 49",
                "slug": "eschersheimer-landstrasse-43-49",
                "published": true,
                "buildingType": "Gewerbegebäude",
                "building_type": [
                    "Gewerbegebäude"
                ],
                "owner": "private",
                "road": "Eschersheimer Landstraße 43",
                "zip": "60322",
                "startdate": null,
                "enddate": null,
                "text": "Das noch nicht sehr alte Gebäude, ein grauer Büroklotz, führt den Namen Grüneburg Plaza. Im EG sind Läden und ein Restaurant. Laut Maklerschild sind in dem großen Bürokomplex an der Straßenecke, der auch unter der Adresse Grüneburgweg 2 geführt wird, Büroetagen zu vermieten. NAI APOLLO Commercial Real Estate Servicesl Worldwide steht am Gebäude. Außerdem hängt noch das Schild von Bank of Beirut dran, ist aber wohl nicht mehr drin. Ein Ladengebäude mit Wohnungen in den oberen Etagen wäre an dem Ort im Westend eine attraktive Immobilie. Ob das Haus entsprechend umgebaut werden könnte? Im Vorgebäude war diese Mischung vorhanden gewesen.Daß dem Gebäude sämtliche Grünflächen im hinteren Bereich zum Opfer fielen, ist keine gute Genehmigungspolitik. Der hintere Baukomplex ist ein bewohnter Wohnblock.Wohnungen auf Kosten von Grün, also eine extreme Verdichtung.",
                "featured": false,
                "shy": false,
                "user_id": "2c988ac3-2a25-4b9f-85e5-1b2f540bd408",
                "map_id": "fa8b1e4d-f201-448a-afe9-d7e54215a8ec",
                "status": "vacancy"
            }
        },
        {
            "type": "Feature",
            "geometry": {
                "type": "Point",
                "coordinates": [
                    8.6735908,
                    50.1154877
                ]
            },
            "properties": {
                "id": "43d6e7f8-25ff-4c8f-b06c-5f2c7428bbff",
                "created_at": "2011-12-08T09:03:46.000Z",
                "updated_at": "2024-09-26T13:07:59.629Z",
                "since": "2011-12-08T09:03:46.000Z",
                "title": "Hochstr. 49",
                "slug": "hochstr-49",
                "published": true,
                "buildingType": "Bürogebäude",
                "building_type": [
                    "Bürogebäude"
                ],
                "owner": "private",
                "road": "Hochstraße 49",
                "zip": "60313",
                "startdate": null,
                "enddate": null,
                "text": "laut Makler-Aushang Büroflächen zu vermieten",
                "featured": false,
                "shy": false,
                "user_id": "2c988ac3-2a25-4b9f-85e5-1b2f540bd408",
                "map_id": "fa8b1e4d-f201-448a-afe9-d7e54215a8ec",
                "status": "vacancy"
            }
        },
        {
            "type": "Feature",
            "geometry": {
                "type": "Point",
                "coordinates": [
                    8.6759211,
                    50.1160507
                ]
            },
            "properties": {
                "id": "03e4d26f-52ad-4a51-bc2b-3756662ecffa",
                "created_at": "2011-12-08T08:54:01.000Z",
                "updated_at": "2024-09-26T13:07:59.585Z",
                "since": "2011-12-08T08:54:01.000Z",
                "title": "Hochstraße 31",
                "slug": "hochstrasse-31",
                "published": true,
                "buildingType": "Bürogebäude",
                "building_type": [
                    "Bürogebäude"
                ],
                "owner": "private",
                "road": "Hochstraße 31",
                "zip": "60313",
                "startdate": null,
                "enddate": null,
                "text": "laut Maklerschild Büros zu vermieten\r\n",
                "featured": false,
                "shy": false,
                "user_id": "2c988ac3-2a25-4b9f-85e5-1b2f540bd408",
                "map_id": "fa8b1e4d-f201-448a-afe9-d7e54215a8ec",
                "status": "vacancy"
            }
        },
        {
            "type": "Feature",
            "geometry": {
                "type": "Point",
                "coordinates": [
                    8.6625,
                    50.12307
                ]
            },
            "properties": {
                "id": "089b0a90-6c28-4b71-b5f6-6f58a75ab940",
                "created_at": "2011-11-29T19:15:46.000Z",
                "updated_at": "2024-09-26T13:08:01.135Z",
                "since": "2011-11-29T19:15:46.000Z",
                "title": "Grüneburgweg 113 - 115",
                "slug": "gruneburgweg-113-115",
                "published": true,
                "buildingType": "Bürogebäude",
                "building_type": [
                    "Bürogebäude"
                ],
                "owner": "private",
                "road": "Grüneburgweg 115",
                "zip": "60323",
                "startdate": null,
                "enddate": null,
                "text": "Die beiden nebeneinanderliegenden Gründerzeitvillen, Wohnhäuser, sind komplett zu vermieten: Als Büroraum.",
                "featured": false,
                "shy": false,
                "user_id": "2c988ac3-2a25-4b9f-85e5-1b2f540bd408",
                "map_id": "fa8b1e4d-f201-448a-afe9-d7e54215a8ec",
                "status": "vacancy"
            }
        },
        {
            "type": "Feature",
            "geometry": {
                "type": "Point",
                "coordinates": [
                    8.66198,
                    50.12193
                ]
            },
            "properties": {
                "id": "925a6c20-2dfa-49e2-960c-72b6b65e8e28",
                "created_at": "2011-11-29T19:13:13.000Z",
                "updated_at": "2024-09-26T13:07:54.509Z",
                "since": "2011-11-29T19:13:13.000Z",
                "title": "Feldbergstr. 35",
                "slug": "feldbergstr-35",
                "published": true,
                "buildingType": "Bürogebäude",
                "building_type": [
                    "Bürogebäude"
                ],
                "owner": "private",
                "road": "Feldbergstraße 35",
                "zip": "60323",
                "startdate": null,
                "enddate": null,
                "text": "Der riesige Bürokomplex zwischen Myliusstr. und Wiesenau wurde in den letzten Jahren mit viel Baulärm und unter vielen Beschwerden der Nachbarn \"revitalisiert\" und steht seitdem so gut wie leer. Siehe Maklerschild. Und: Die Bauaufsicht hat, wie so oft im Westend, den Vorgarten \"vergessen\", der laut Vorgartensatzung Vorschrift ist.",
                "featured": false,
                "shy": false,
                "user_id": "2c988ac3-2a25-4b9f-85e5-1b2f540bd408",
                "map_id": "fa8b1e4d-f201-448a-afe9-d7e54215a8ec",
                "status": "vacancy"
            }
        },
        {
            "type": "Feature",
            "geometry": {
                "type": "Point",
                "coordinates": [
                    8.6619559,
                    50.1230482
                ]
            },
            "properties": {
                "id": "63bbdbd3-8b8a-4898-85f0-dd16e75fcbc4",
                "created_at": "2011-11-29T19:20:01.000Z",
                "updated_at": "2024-09-26T13:08:01.289Z",
                "since": "2011-11-29T19:20:01.000Z",
                "title": "Grüneburgweg 119",
                "slug": "gruneburgweg-119",
                "published": true,
                "buildingType": "Wohngebäude",
                "building_type": [
                    "Wohngebäude"
                ],
                "owner": "private",
                "road": "Grüneburgweg 119",
                "zip": "60323",
                "startdate": null,
                "enddate": null,
                "text": "Die Gründerzeitvilla, ein Wohnhaus, steht seit mindestens 2 Jahren leer.",
                "featured": false,
                "shy": false,
                "user_id": "2c988ac3-2a25-4b9f-85e5-1b2f540bd408",
                "map_id": "fa8b1e4d-f201-448a-afe9-d7e54215a8ec",
                "status": "vacancy"
            }
        },
        {
            "type": "Feature",
            "geometry": {
                "type": "Point",
                "coordinates": [
                    8.66768,
                    50.12207
                ]
            },
            "properties": {
                "id": "47c16cd8-3f32-4acf-ab53-bfef301d2cd1",
                "created_at": "2011-11-29T18:36:00.000Z",
                "updated_at": "2024-09-26T13:06:35.602Z",
                "since": "2011-11-29T18:36:00.000Z",
                "title": "Friedrichstr. 2 - 6",
                "slug": "friedrichstr-2-6",
                "published": true,
                "buildingType": "Bürogebäude",
                "building_type": [
                    "Bürogebäude"
                ],
                "owner": "private",
                "road": "Friedrichstraße 2",
                "zip": "60323",
                "startdate": null,
                "enddate": null,
                "text": "Bürogebäude mit 6 OG leerstehend, nur im EG befinden sich noch Räume der Deutschen Bank",
                "featured": false,
                "shy": false,
                "user_id": "2c988ac3-2a25-4b9f-85e5-1b2f540bd408",
                "map_id": "fa8b1e4d-f201-448a-afe9-d7e54215a8ec",
                "status": "vacancy"
            }
        },
        {
            "type": "Feature",
            "geometry": {
                "type": "Point",
                "coordinates": [
                    8.67341,
                    50.12352
                ]
            },
            "properties": {
                "id": "2179d127-f9b2-470a-a25b-b905def3dd16",
                "created_at": "2011-11-29T18:47:55.000Z",
                "updated_at": "2024-08-20T23:24:01.432Z",
                "since": "2011-11-29T18:47:55.000Z",
                "title": "Auf der Körnerwiese 17 - 19",
                "slug": "auf-der-kornerwiese-17-19",
                "published": true,
                "buildingType": "Wohngebäude",
                "building_type": [
                    "Wohngebäude"
                ],
                "owner": "private",
                "road": "Auf der Körnerwiese 17",
                "zip": "60322",
                "startdate": null,
                "enddate": null,
                "text": "Im Doppelwohnhaus aus der Gründerzeit stehen Wohnungen leer.",
                "featured": false,
                "shy": false,
                "user_id": "2c988ac3-2a25-4b9f-85e5-1b2f540bd408",
                "map_id": "fa8b1e4d-f201-448a-afe9-d7e54215a8ec",
                "status": "vacancy"
            }
        },
        {
            "type": "Feature",
            "geometry": {
                "type": "Point",
                "coordinates": [
                    8.6621,
                    50.12229
                ]
            },
            "properties": {
                "id": "d02db161-74af-4e11-ad2e-926072f07285",
                "created_at": "2011-11-29T18:44:57.000Z",
                "updated_at": "2024-09-26T13:07:48.292Z",
                "since": "2011-11-29T18:44:57.000Z",
                "title": "Wiesenau 56",
                "slug": "wiesenau-56",
                "published": true,
                "buildingType": "Wohngebäude",
                "building_type": [
                    "Wohngebäude"
                ],
                "owner": "private",
                "road": "Wiesenau 56",
                "zip": "60323",
                "startdate": null,
                "enddate": null,
                "text": "Wohnungs-Leerstand",
                "featured": false,
                "shy": false,
                "user_id": "2c988ac3-2a25-4b9f-85e5-1b2f540bd408",
                "map_id": "fa8b1e4d-f201-448a-afe9-d7e54215a8ec",
                "status": "vacancy"
            }
        },
        {
            "type": "Feature",
            "geometry": {
                "type": "Point",
                "coordinates": [
                    8.6605047,
                    50.1189176
                ]
            },
            "properties": {
                "id": "6d1c7f2e-0fec-4c46-b029-4008bb5af4e6",
                "created_at": "2011-11-22T18:43:31.000Z",
                "updated_at": "2024-09-26T13:07:10.619Z",
                "since": "2011-11-22T18:43:31.000Z",
                "title": "Bockenheimer Landstr. 74",
                "slug": "bockenheimer-landstr-74",
                "published": true,
                "buildingType": "Gewerbegebäude",
                "building_type": [
                    "Gewerbegebäude"
                ],
                "owner": null,
                "road": "Bockenheimer Landstraße 74",
                "zip": "60325",
                "startdate": null,
                "enddate": null,
                "text": "Hier war Jahrzehnte die Tanzschule Wernecke. \r\nEs werden laut Schild Büroräume und sonnige Geschäftsräume angeboten.\r\nDirekt an der U-Bahnstation Westend gelegen.",
                "featured": false,
                "shy": false,
                "user_id": "2c988ac3-2a25-4b9f-85e5-1b2f540bd408",
                "map_id": "fa8b1e4d-f201-448a-afe9-d7e54215a8ec",
                "status": "vacancy"
            }
        },
        {
            "type": "Feature",
            "geometry": {
                "type": "Point",
                "coordinates": [
                    8.68561,
                    50.11701
                ]
            },
            "properties": {
                "id": "2ab11a09-4b69-440d-9119-fc84dff7838c",
                "created_at": "2011-11-22T19:16:37.000Z",
                "updated_at": "2024-09-26T13:07:11.265Z",
                "since": "2011-11-22T19:16:37.000Z",
                "title": "Schäfergasse 33",
                "slug": "schafergasse-33",
                "published": true,
                "buildingType": "Bürogebäude",
                "building_type": [
                    "Bürogebäude"
                ],
                "owner": null,
                "road": "Schäfergasse 33",
                "zip": "60313",
                "startdate": null,
                "enddate": null,
                "text": "Eckgebäude Alte Gasse / Schäfergasse. 7 Obergeschosse.\r\nBüros zu vermieten laut Maklerschild. Auch das Erdgeschoß für Läden steht leer.\r\nKäme als Standort für Wohnungen in Frage.",
                "featured": false,
                "shy": false,
                "user_id": "2c988ac3-2a25-4b9f-85e5-1b2f540bd408",
                "map_id": "fa8b1e4d-f201-448a-afe9-d7e54215a8ec",
                "status": "vacancy"
            }
        },
        {
            "type": "Feature",
            "geometry": {
                "type": "Point",
                "coordinates": [
                    8.67179,
                    50.09389
                ]
            },
            "properties": {
                "id": "2f8bcab4-9269-4618-8059-842f733069f4",
                "created_at": "2011-11-23T13:17:14.000Z",
                "updated_at": "2024-09-26T13:07:06.633Z",
                "since": "2011-11-23T13:17:14.000Z",
                "title": "Stresemannallee 61",
                "slug": "stresemannallee-61",
                "published": true,
                "buildingType": "Bürogebäude",
                "building_type": [
                    "Bürogebäude"
                ],
                "owner": "private",
                "road": "Stresemannallee 61",
                "zip": "60596",
                "startdate": null,
                "enddate": null,
                "text": "\r\nSeit mehreren Jahren steht das Bürogebäude leer, zu dem es unter anderem auch Planungen zur Umwandlung in Wohnungen gibt.\r\nEine Zusammenfassung der aktuellen Lage  findet man in der FNP vom 19.11.2011\r\nhttp://www.fnp.de/fnp/region/lokales/frankfurt/ein-haus-wartet-auf-die-zukunft_rmn01.c.9376286.de.html\r\n",
                "featured": false,
                "shy": false,
                "user_id": "601a4baa-d58b-49c3-86a7-c13f6e63695e",
                "map_id": "fa8b1e4d-f201-448a-afe9-d7e54215a8ec",
                "status": "vacancy"
            }
        },
        {
            "type": "Feature",
            "geometry": {
                "type": "Point",
                "coordinates": [
                    8.68559,
                    50.11195
                ]
            },
            "properties": {
                "id": "3f27f1dc-7a76-4d63-bfa5-e790d6823327",
                "created_at": "2011-11-20T18:09:14.000Z",
                "updated_at": "2024-09-26T13:07:52.474Z",
                "since": "2011-11-20T18:09:14.000Z",
                "title": "Altstadtgebäude Braubachstr. 1",
                "slug": "altstadtgebaude-braubachstr-1",
                "published": true,
                "buildingType": "Wohn-/Ausstellungs-/Geschäftsgebäude",
                "building_type": [
                    "Wohn-/Ausstellungs-/Geschäftsgebäude"
                ],
                "owner": null,
                "road": "Braubachstraße 1",
                "zip": "60311",
                "startdate": null,
                "enddate": null,
                "text": "Eckgebäude Braubachstr. / Fahrgasse laut aktuellem Schild zu vermieten",
                "featured": false,
                "shy": false,
                "user_id": "2c988ac3-2a25-4b9f-85e5-1b2f540bd408",
                "map_id": "fa8b1e4d-f201-448a-afe9-d7e54215a8ec",
                "status": "vacancy"
            }
        },
        {
            "type": "Feature",
            "geometry": {
                "type": "Point",
                "coordinates": [
                    8.66132,
                    50.11835
                ]
            },
            "properties": {
                "id": "bcfe2519-aa36-412c-b1f3-7eba7b9679bc",
                "created_at": "2011-11-22T18:37:48.000Z",
                "updated_at": "2024-09-26T13:06:38.399Z",
                "since": "2011-11-22T18:37:48.000Z",
                "title": "Bockenheimer Landstr. 73 - 77",
                "slug": "bockenheimer-landstr-73-77",
                "published": true,
                "buildingType": "Bürogebäude",
                "building_type": [
                    "Bürogebäude"
                ],
                "owner": null,
                "road": "Bockenheimer Landstraße 73",
                "zip": "60325",
                "startdate": null,
                "enddate": null,
                "text": "Bürohaus. Eigentumswohnungen geplant laut Eigentümer-Information auf einem Schild vor dem Gebäude.Direkt an der U-Bahnstation Westend gelegen.",
                "featured": false,
                "shy": false,
                "user_id": "2c988ac3-2a25-4b9f-85e5-1b2f540bd408",
                "map_id": "fa8b1e4d-f201-448a-afe9-d7e54215a8ec",
                "status": "vacancy"
            }
        },
        {
            "type": "Feature",
            "geometry": {
                "type": "Point",
                "coordinates": [
                    8.69269,
                    50.11871
                ]
            },
            "properties": {
                "id": "9e2bd43b-5905-4f53-b617-00dd05dd8bc6",
                "created_at": "2011-11-15T09:33:01.000Z",
                "updated_at": "2024-09-26T13:07:55.657Z",
                "since": "2011-11-15T09:33:01.000Z",
                "title": "Berger Straße 8",
                "slug": "berger-strasse-8",
                "published": true,
                "buildingType": "Wohngebäude",
                "building_type": [
                    "Wohngebäude"
                ],
                "owner": null,
                "road": "Berger Straße 8",
                "zip": "60316",
                "startdate": null,
                "enddate": null,
                "text": "",
                "featured": false,
                "shy": false,
                "user_id": "bbcbf32b-5c16-4ad8-9a23-9cd062e8fb03",
                "map_id": "fa8b1e4d-f201-448a-afe9-d7e54215a8ec",
                "status": "vacancy"
            }
        },
        {
            "type": "Feature",
            "geometry": {
                "type": "Point",
                "coordinates": [
                    8.6660116,
                    50.1141834
                ]
            },
            "properties": {
                "id": "7d020950-4d92-45ff-a115-d73c0f013c06",
                "created_at": "2011-11-13T09:30:53.000Z",
                "updated_at": "2024-09-26T13:07:08.604Z",
                "since": "2011-11-13T09:30:53.000Z",
                "title": "Bürogebäude Niedenau 45",
                "slug": "burogebaude-niedenau-45",
                "published": true,
                "buildingType": "Bürogebäude",
                "building_type": [
                    "Bürogebäude"
                ],
                "owner": "private",
                "road": "Niedenau 45 ",
                "zip": "60325",
                "startdate": null,
                "enddate": null,
                "text": "Niedenau 45 / Ecke Guiolettstraße, 6 Geschosse, laut Makler Büros zu vermieten",
                "featured": false,
                "shy": false,
                "user_id": "2c988ac3-2a25-4b9f-85e5-1b2f540bd408",
                "map_id": "fa8b1e4d-f201-448a-afe9-d7e54215a8ec",
                "status": "vacancy"
            }
        },
        {
            "type": "Feature",
            "geometry": {
                "type": "Point",
                "coordinates": [
                    8.67219,
                    50.1221
                ]
            },
            "properties": {
                "id": "28c2c5b6-bec0-4d68-a75a-f5d737ee31a0",
                "created_at": "2011-11-12T19:29:34.000Z",
                "updated_at": "2024-09-26T13:07:09.578Z",
                "since": "2011-11-12T19:29:34.000Z",
                "title": "Gervinusstr. 22",
                "slug": "gervinusstr-22",
                "published": true,
                "buildingType": "Bürogebäude",
                "building_type": [
                    "Bürogebäude"
                ],
                "owner": "private",
                "road": "Gervinusstraße 22",
                "zip": "60322",
                "startdate": null,
                "enddate": null,
                "text": "Büroleerstand laut Maklerschild",
                "featured": false,
                "shy": false,
                "user_id": "2c988ac3-2a25-4b9f-85e5-1b2f540bd408",
                "map_id": "fa8b1e4d-f201-448a-afe9-d7e54215a8ec",
                "status": "vacancy"
            }
        },
        {
            "type": "Feature",
            "geometry": {
                "type": "Point",
                "coordinates": [
                    8.68109,
                    50.12428
                ]
            },
            "properties": {
                "id": "c0278a45-7dad-4efa-8c5d-c2649f8defc2",
                "created_at": "2011-11-09T13:52:24.000Z",
                "updated_at": "2024-08-20T23:24:03.655Z",
                "since": "2011-11-09T13:52:24.000Z",
                "title": "Lersnerstraße 5",
                "slug": "lersnerstrasse-5",
                "published": true,
                "buildingType": "Wohngebäude",
                "building_type": [
                    "Wohngebäude"
                ],
                "owner": null,
                "road": "Lersnerstraße 5",
                "zip": "60322",
                "startdate": null,
                "enddate": null,
                "text": "In guter Wohnlage im Nordend steht dieses Mehrfamilienwohnhaus fast vollständig leer. Lediglich eine Wohnung ist noch nicht entmietet.",
                "featured": false,
                "shy": false,
                "user_id": "601a4baa-d58b-49c3-86a7-c13f6e63695e",
                "map_id": "fa8b1e4d-f201-448a-afe9-d7e54215a8ec",
                "status": "vacancy"
            }
        },
        {
            "type": "Feature",
            "geometry": {
                "type": "Point",
                "coordinates": [
                    8.62249,
                    50.12132
                ]
            },
            "properties": {
                "id": "0b9ee0d3-d001-4d88-8941-f5d52b5c51ab",
                "created_at": "2011-11-09T13:44:15.000Z",
                "updated_at": "2024-09-26T13:08:30.622Z",
                "since": "2011-11-09T13:44:15.000Z",
                "title": "Rödelheimer Landstraße 132",
                "slug": "rodelheimer-landstrasse-132",
                "published": true,
                "buildingType": "Wohngebäude",
                "building_type": [
                    "Wohngebäude"
                ],
                "owner": "private",
                "road": "Rödelheimer Landstraße 132",
                "zip": "60487",
                "startdate": null,
                "enddate": null,
                "text": "Das Mehrfamilienhaus hat drei Stockwerke und einen kleinen verwilderten Garten. Im Hinterhof befindet sich ein Druckereibetrieb.",
                "featured": false,
                "shy": false,
                "user_id": "601a4baa-d58b-49c3-86a7-c13f6e63695e",
                "map_id": "fa8b1e4d-f201-448a-afe9-d7e54215a8ec",
                "status": "vacancy"
            }
        },
        {
            "type": "Feature",
            "geometry": {
                "type": "Point",
                "coordinates": [
                    8.6607357,
                    50.115725
                ]
            },
            "properties": {
                "id": "4153d420-85ce-491b-b4c8-763b19bb9c89",
                "created_at": "2011-11-09T09:37:00.000Z",
                "updated_at": "2024-08-20T23:24:03.785Z",
                "since": "2011-11-09T09:37:00.000Z",
                "title": "Westend Lindenstr. 15",
                "slug": "westend-lindenstr-15",
                "published": true,
                "buildingType": "Bürogebäude",
                "building_type": [
                    "Bürogebäude"
                ],
                "owner": "private",
                "road": "Lindenstraße 15",
                "zip": "60431",
                "startdate": null,
                "enddate": null,
                "text": "Laut Maklerschild Büros zu vermieten. Zwei der 7 Etagen des Bürohauses stehen mindestens leer. ",
                "featured": false,
                "shy": false,
                "user_id": "2c988ac3-2a25-4b9f-85e5-1b2f540bd408",
                "map_id": "fa8b1e4d-f201-448a-afe9-d7e54215a8ec",
                "status": "vacancy"
            }
        },
        {
            "type": "Feature",
            "geometry": {
                "type": "Point",
                "coordinates": [
                    8.66582,
                    50.11863
                ]
            },
            "properties": {
                "id": "a9af77b8-be00-4a4e-a02b-a6879f225f62",
                "created_at": "2011-11-07T16:02:36.000Z",
                "updated_at": "2024-09-26T13:08:15.284Z",
                "since": "2011-11-07T16:02:36.000Z",
                "title": "Bürokomplex Liebigstr. 11",
                "slug": "burokomplex-liebigstr-11",
                "published": true,
                "buildingType": "Bürogebäude",
                "building_type": [
                    "Bürogebäude"
                ],
                "owner": "private",
                "road": "Liebigstraße 11",
                "zip": "60323",
                "startdate": null,
                "enddate": null,
                "text": "7 Geschosse",
                "featured": false,
                "shy": false,
                "user_id": "2c988ac3-2a25-4b9f-85e5-1b2f540bd408",
                "map_id": "fa8b1e4d-f201-448a-afe9-d7e54215a8ec",
                "status": "vacancy"
            }
        },
        {
            "type": "Feature",
            "geometry": {
                "type": "Point",
                "coordinates": [
                    8.663473,
                    50.1186625
                ]
            },
            "properties": {
                "id": "579932c7-81f4-4c1e-8841-26608d90ade5",
                "created_at": "2011-11-07T15:58:49.000Z",
                "updated_at": "2024-09-26T13:07:10.672Z",
                "since": "2011-11-07T15:58:49.000Z",
                "title": "GründerzeitVilla Wiesenau 2 /Ecke Freiherr-vom-Stein-Straße",
                "slug": "grunderzeitvilla-wiesenau-2-ecke-freiherr-vom-stein-strasse",
                "published": true,
                "buildingType": "Wohngebäude",
                "building_type": [
                    "Wohngebäude"
                ],
                "owner": "private",
                "road": "Wiesenau 2 ",
                "zip": "60323",
                "startdate": null,
                "enddate": null,
                "text": "Ein Maklerschild am Grundstück und ein Maklerschild auf einem Balkon der Gründerzeitvilla bieten seit über einem Jahr Büroetagen an. Wenn es das Verbot zur Wohnraumzweckentfremdung in Hessen noch gäbe, könnten hier die Bauaufsicht vom Eigentümer vermutlich Wohnungen zurückgefordern.",
                "featured": false,
                "shy": false,
                "user_id": "2c988ac3-2a25-4b9f-85e5-1b2f540bd408",
                "map_id": "fa8b1e4d-f201-448a-afe9-d7e54215a8ec",
                "status": "vacancy"
            }
        },
        {
            "type": "Feature",
            "geometry": {
                "type": "Point",
                "coordinates": [
                    8.66186,
                    50.1213
                ]
            },
            "properties": {
                "id": "c8bb2d5a-5819-4f31-a813-b63275f4751c",
                "created_at": "2011-11-07T15:16:00.000Z",
                "updated_at": "2024-09-26T13:07:35.325Z",
                "since": "2011-11-07T15:16:00.000Z",
                "title": "Bürohaus Friedrichstr. 52",
                "slug": "burohaus-friedrichstr-52",
                "published": true,
                "buildingType": "Bürogebäude",
                "building_type": [
                    "Bürogebäude"
                ],
                "owner": "private",
                "road": "Friedrichstraße 52",
                "zip": "60323",
                "startdate": null,
                "enddate": null,
                "text": "laut Maklerschild zu vermieten",
                "featured": false,
                "shy": false,
                "user_id": "2c988ac3-2a25-4b9f-85e5-1b2f540bd408",
                "map_id": "fa8b1e4d-f201-448a-afe9-d7e54215a8ec",
                "status": "vacancy"
            }
        },
        {
            "type": "Feature",
            "geometry": {
                "type": "Point",
                "coordinates": [
                    8.66229,
                    50.11933
                ]
            },
            "properties": {
                "id": "469997e6-7c9f-49b5-bc02-baf87dd3e72a",
                "created_at": "2011-11-07T15:47:23.000Z",
                "updated_at": "2024-09-26T13:07:57.925Z",
                "since": "2011-11-07T15:47:23.000Z",
                "title": "Villa Myliusstr. 16",
                "slug": "villa-myliusstr-16",
                "published": true,
                "buildingType": "Wohngebäude",
                "building_type": [
                    "Wohngebäude"
                ],
                "owner": "private",
                "road": "Myliusstraße 16",
                "zip": "60323",
                "startdate": null,
                "enddate": null,
                "text": "Villa mit Garten",
                "featured": false,
                "shy": false,
                "user_id": "2c988ac3-2a25-4b9f-85e5-1b2f540bd408",
                "map_id": "fa8b1e4d-f201-448a-afe9-d7e54215a8ec",
                "status": "vacancy"
            }
        },
        {
            "type": "Feature",
            "geometry": {
                "type": "Point",
                "coordinates": [
                    8.66246,
                    50.12049
                ]
            },
            "properties": {
                "id": "65a7eb62-4c45-4a80-89dd-394f965c020d",
                "created_at": "2011-11-07T15:02:14.000Z",
                "updated_at": "2024-09-26T13:07:58.060Z",
                "since": "2011-11-07T15:02:14.000Z",
                "title": "Bürogebäude Wiesenau 27",
                "slug": "burogebaude-wiesenau-27",
                "published": true,
                "buildingType": "Bürogebäude",
                "building_type": [
                    "Bürogebäude"
                ],
                "owner": "private",
                "road": "Wiesenau 27",
                "zip": "60323",
                "startdate": null,
                "enddate": null,
                "text": "laut Maklerschild sind Büros zu vermieten",
                "featured": false,
                "shy": false,
                "user_id": "2c988ac3-2a25-4b9f-85e5-1b2f540bd408",
                "map_id": "fa8b1e4d-f201-448a-afe9-d7e54215a8ec",
                "status": "vacancy"
            }
        },
        {
            "type": "Feature",
            "geometry": {
                "type": "Point",
                "coordinates": [
                    8.6625841,
                    50.119896
                ]
            },
            "properties": {
                "id": "fcb33977-6771-4296-8116-4ef0fdce7429",
                "created_at": "2011-11-07T14:59:04.000Z",
                "updated_at": "2024-09-26T13:07:54.002Z",
                "since": "2011-11-07T14:59:04.000Z",
                "title": "Bürogebäude Kleine Wiesenau 1",
                "slug": "burogebaude-kleine-wiesenau-1",
                "published": true,
                "buildingType": "Bürogebäude",
                "building_type": [
                    "Bürogebäude"
                ],
                "owner": "private",
                "road": "Kleine Wiesenau 1",
                "zip": "60323",
                "startdate": null,
                "enddate": null,
                "text": "laut Maklerschild sind in dem Gebäude mit 6 Geschossen 1400 qm als Büros zu vermieten",
                "featured": false,
                "shy": false,
                "user_id": "2c988ac3-2a25-4b9f-85e5-1b2f540bd408",
                "map_id": "fa8b1e4d-f201-448a-afe9-d7e54215a8ec",
                "status": "vacancy"
            }
        },
        {
            "type": "Feature",
            "geometry": {
                "type": "Point",
                "coordinates": [
                    8.66176,
                    50.12073
                ]
            },
            "properties": {
                "id": "22f77f65-85b1-416e-a3de-ed302e779c87",
                "created_at": "2011-11-07T15:30:54.000Z",
                "updated_at": "2024-09-26T13:08:02.227Z",
                "since": "2011-11-07T15:30:54.000Z",
                "title": "Villa Gründerzeit Myliusstr. 34",
                "slug": "villa-grunderzeit-myliusstr-34",
                "published": true,
                "buildingType": "Wohngebäude",
                "building_type": [
                    "Wohngebäude"
                ],
                "owner": "private",
                "road": "Myliusstraße 34",
                "zip": "60323",
                "startdate": null,
                "enddate": null,
                "text": "Schöne Villa mit großem Garten\r\nSteht sie unter Denkmalschutz?",
                "featured": false,
                "shy": false,
                "user_id": "2c988ac3-2a25-4b9f-85e5-1b2f540bd408",
                "map_id": "fa8b1e4d-f201-448a-afe9-d7e54215a8ec",
                "status": "vacancy"
            }
        },
        {
            "type": "Feature",
            "geometry": {
                "type": "Point",
                "coordinates": [
                    8.66116,
                    50.11745
                ]
            },
            "properties": {
                "id": "df77c64c-25b7-4a4e-ab3d-5f4bcd1eca05",
                "created_at": "2011-11-07T14:37:32.000Z",
                "updated_at": "2024-09-26T13:07:08.703Z",
                "since": "2011-11-07T14:37:32.000Z",
                "title": "Bürogebäude Lindenstr. 37",
                "slug": "burogebaude-lindenstr-37",
                "published": true,
                "buildingType": "Bürogebäude",
                "building_type": [
                    "Bürogebäude"
                ],
                "owner": "private",
                "road": "Lindenstraße 37",
                "zip": "60325",
                "startdate": null,
                "enddate": null,
                "text": "6 Geschosse\r\nLage bietet sich zum Wohnen an.\r\n",
                "featured": false,
                "shy": false,
                "user_id": "2c988ac3-2a25-4b9f-85e5-1b2f540bd408",
                "map_id": "fa8b1e4d-f201-448a-afe9-d7e54215a8ec",
                "status": "vacancy"
            }
        },
        {
            "type": "Feature",
            "geometry": {
                "type": "Point",
                "coordinates": [
                    8.6691,
                    50.11969
                ]
            },
            "properties": {
                "id": "7365f83d-16f3-48db-b493-3c8d7c77381a",
                "created_at": "2011-11-06T09:09:16.000Z",
                "updated_at": "2024-09-26T13:07:08.899Z",
                "since": "2011-11-06T09:09:16.000Z",
                "title": "Bürohaus Oberlindau 54",
                "slug": "burohaus-oberlindau-54",
                "published": true,
                "buildingType": "Bürogebäude",
                "building_type": [
                    "Bürogebäude"
                ],
                "owner": "private",
                "road": "Oberlindau 54",
                "zip": "60323",
                "startdate": null,
                "enddate": null,
                "text": "komplett saniert und dennoch leer",
                "featured": false,
                "shy": false,
                "user_id": "2c988ac3-2a25-4b9f-85e5-1b2f540bd408",
                "map_id": "fa8b1e4d-f201-448a-afe9-d7e54215a8ec",
                "status": "vacancy"
            }
        },
        {
            "type": "Feature",
            "geometry": {
                "type": "Point",
                "coordinates": [
                    8.65554,
                    50.11897
                ]
            },
            "properties": {
                "id": "de549839-f336-4df0-a22b-9b21df1189eb",
                "created_at": "2011-11-01T09:31:42.000Z",
                "updated_at": "2024-09-26T13:07:59.331Z",
                "since": "2011-11-01T09:31:42.000Z",
                "title": "Villa Schumannstraße 60",
                "slug": "villa-schumannstrasse-60",
                "published": true,
                "buildingType": "Wohngebäude",
                "building_type": [
                    "Wohngebäude"
                ],
                "owner": "public",
                "road": "Schumannstraße 60",
                "zip": "60325",
                "startdate": null,
                "enddate": null,
                "text": "Aus aktuellem Anlass kann diese seit 2008 leerstehende Villa im Westend genannt werden: sie wurde im Oktober 2011 vorübergehend besetzt, um auf den Wohnraummangel in Frankfurt hinzuweisen. \r\n\r\nWeltOnline vom 24.10.11:\r\nwww.welt.de/print/welt_kompakt/vermischtes/article13677317/Aus-Aerger-ueber-die-hohen-Mieten-besetzen-Frankfurter-Studenten-ein-Haus.html\r\n\r\nFR vom 21.10.11:\r\nwww.fr-online.de/frankfurt/studentenprotest-polizei-raeumt-besetzte-villa,1472798,11040042.html\r\n",
                "featured": false,
                "shy": false,
                "user_id": "601a4baa-d58b-49c3-86a7-c13f6e63695e",
                "map_id": "fa8b1e4d-f201-448a-afe9-d7e54215a8ec",
                "status": "vacancy"
            }
        },
        {
            "type": "Feature",
            "geometry": {
                "type": "Point",
                "coordinates": [
                    8.62986,
                    50.12175
                ]
            },
            "properties": {
                "id": "753f206a-0afe-4df4-a8d6-7ab6a9b8cc9f",
                "created_at": "2011-10-19T09:52:36.000Z",
                "updated_at": "2024-09-26T13:06:52.930Z",
                "since": "2011-10-19T09:52:36.000Z",
                "title": "\"Siemens-Areal\" südlich der Rödelheimer Landstraße",
                "slug": "siemens-areal-sudlich-der-rodelheimer-landstrasse",
                "published": true,
                "buildingType": "Gewerbegebäude",
                "building_type": [
                    "Gewerbegebäude"
                ],
                "owner": "private",
                "road": "Rödelheimer Landstraße 15",
                "zip": "60487",
                "startdate": null,
                "enddate": null,
                "text": "Auf der riesigen Brache, dem ehemaligen Siemens-Areal südlich der Rödelheimer Landstraße soll ein neuer Stadtteil zum wohnen und arbeiten entstehen. 2009 wurde hierfür von der Stadtverordnetenversammlung die Änderung des Bebauungsplans beschlossen. \r\n\r\nPressemitteilung der Stadt vom 24.07.09:\r\nwww.pressemeldung-hessen.de/frankfurt-am-main-bebauungsplan-fuer-das-gebiet-suedlich-roedelheimer-landstrasse-liegt-aus-3001/\r\n\r\nFR vom 08.04.2009\r\nwww.fr-online.de/rhein-main/frankfurt-west-streit-um-die-sperre-an-der-siemensstadt,1472796,3340550.html\r\n\r\nBebauungsplan des Stadtplanungsamtes:\r\nwww.stadtplanungsamt-frankfurt.de/suedlich_roedelheimer_landstrasse_5054.html?psid=gognvlue\r\n\r\nFaz vom 20.04.04:\r\nwww.faz.net/aktuell/rhein-main/unternehmen-siemens-erwaegt-verzicht-auf-neuen-hauptsitz-in-frankfurt-1162992.html\r\n\r\nBlog des Deutschen Architekturforums aus dem Jahr 2003 - was hier ursprünglich geplant war:\r\nwww.deutsches-architektur-forum.de/forum/showthread.php?t=1506",
                "featured": false,
                "shy": false,
                "user_id": "601a4baa-d58b-49c3-86a7-c13f6e63695e",
                "map_id": "fa8b1e4d-f201-448a-afe9-d7e54215a8ec",
                "status": "vacancy"
            }
        },
        {
            "type": "Feature",
            "geometry": {
                "type": "Point",
                "coordinates": [
                    8.68255,
                    50.11585
                ]
            },
            "properties": {
                "id": "a9af99b0-428b-416c-96f1-274aaec37fab",
                "created_at": "2011-10-05T10:33:04.000Z",
                "updated_at": "2024-09-26T13:07:58.790Z",
                "since": "2011-10-05T10:33:04.000Z",
                "title": "Stiftstraße 18",
                "slug": "stiftstrasse-18",
                "published": true,
                "buildingType": "Bürogebäude",
                "building_type": [
                    "Bürogebäude"
                ],
                "owner": "private",
                "road": "Stiftstraße 18",
                "zip": "60313",
                "startdate": null,
                "enddate": null,
                "text": "Sehr zentral gelegen, in einer Quertraße zur Zeil steht dieses Bürohaus komplett leer.",
                "featured": false,
                "shy": false,
                "user_id": "601a4baa-d58b-49c3-86a7-c13f6e63695e",
                "map_id": "fa8b1e4d-f201-448a-afe9-d7e54215a8ec",
                "status": "vacancy"
            }
        },
        {
            "type": "Feature",
            "geometry": {
                "type": "Point",
                "coordinates": [
                    8.71309,
                    50.1104
                ]
            },
            "properties": {
                "id": "828494cf-c84b-4cde-bb84-162a7271f0a7",
                "created_at": "2011-09-30T07:31:24.000Z",
                "updated_at": "2024-09-26T13:07:28.369Z",
                "since": "2011-09-30T07:31:24.000Z",
                "title": "Lindleystraße 1",
                "slug": "lindleystrasse-1",
                "published": true,
                "buildingType": "Bürogebäude",
                "building_type": [
                    "Bürogebäude"
                ],
                "owner": null,
                "road": "Lindleystraße 1",
                "zip": "60314",
                "startdate": null,
                "enddate": null,
                "text": "Direkt am Osthafen, neben dem alten Zollamt, steht das wunderschöne Gebäude leer. Der Blick auf das Nordbecken, einige attraktive Entwicklungen und Umnutzungen in der Umgebung, Kunstwerke am Gebäude und auf dem Gelände zeigen: das Haus und die Lage haben Potential für ein spannendes innovatives Projekt.",
                "featured": false,
                "shy": false,
                "user_id": "601a4baa-d58b-49c3-86a7-c13f6e63695e",
                "map_id": "fa8b1e4d-f201-448a-afe9-d7e54215a8ec",
                "status": "vacancy"
            }
        },
        {
            "type": "Feature",
            "geometry": {
                "type": "Point",
                "coordinates": [
                    8.69663,
                    50.09816
                ]
            },
            "properties": {
                "id": "7363a008-8038-4872-9cfa-92c98e3aad84",
                "created_at": "2011-09-30T11:18:08.000Z",
                "updated_at": "2024-09-26T13:07:53.104Z",
                "since": "2011-09-30T11:18:08.000Z",
                "title": "Villa Henninger",
                "slug": "villa-henninger",
                "published": true,
                "buildingType": "Wohngebäude",
                "building_type": [
                    "Wohngebäude"
                ],
                "owner": "private",
                "road": "Wendelsweg 64",
                "zip": "60599",
                "startdate": null,
                "enddate": null,
                "text": "Die 1875 erbaute denkmalgeschützt Direktorenvilla steht in Sachsenhausen am Rand des Henninger-Areals, das neu beplant und entwickelt werden soll. \r\n\r\nFR vom 6.12.2009:\t\r\nwww.fr-online.de/rhein-main/henninger-turm-schweres-erbe,1472796,3229316.html",
                "featured": false,
                "shy": false,
                "user_id": "601a4baa-d58b-49c3-86a7-c13f6e63695e",
                "map_id": "fa8b1e4d-f201-448a-afe9-d7e54215a8ec",
                "status": "vacancy"
            }
        },
        {
            "type": "Feature",
            "geometry": {
                "type": "Point",
                "coordinates": [
                    8.65932,
                    50.10965
                ]
            },
            "properties": {
                "id": "48ce0f90-9c67-4109-8572-ca3dd4c5c286",
                "created_at": "2011-09-30T07:55:33.000Z",
                "updated_at": "2024-09-26T13:06:41.475Z",
                "since": "2011-09-30T07:55:33.000Z",
                "title": "Polizeipräsidium",
                "slug": "polizeiprasidium",
                "published": true,
                "buildingType": "Bürogebäude",
                "building_type": [
                    "Bürogebäude"
                ],
                "owner": "public",
                "road": "Friedrich-Ebert-Anlage 5",
                "zip": "60327",
                "startdate": null,
                "enddate": null,
                "text": "In der Nähe des Hauptbahnhofs steht das 1914 eingeweihte Polizeipräsidium seit Jahren leer. Es gab wohl kulturelle und gewerbliche Zwischennutzungen einiger Gebäudeteile. Auf dem ca. 15.000 qm großen Grundstück befindet sich auf der Rückseite außerdem ein 1960 errichtetes und von der Kriminalpolizei genutztes Gebäude, das seit 2002 leersteht. Jetzt gibt es Pläne für die Umnutzung zu einem Hotel und die Errichtung eines Büroturms.\r\n\r\nFR vom 05.09.11:\r\nwww.fr-online.de/frankfurt/ein-hochhaus-fuers-alte-polizeipraesidium,1472798,10794162.html\r\n\r\nFNP vom 31.08.11:\r\nwww.fnp.de/fnp/region/lokales/frankfurt/polizeipr-sidium-wird-zum-hotel_rmn01.c.9172221.de.html\r\n\r\nIZ vom 31.08.11:\r\nwww.immobilien-zeitung.de/1000005097/hochhaus-am-frankfurter-polizeipraesidium-kommt\r\n\r\nzur Geschichte des Gebäudes:\r\nwww.kmffm.de/gebaeudegeschichte.html",
                "featured": false,
                "shy": false,
                "user_id": "601a4baa-d58b-49c3-86a7-c13f6e63695e",
                "map_id": "fa8b1e4d-f201-448a-afe9-d7e54215a8ec",
                "status": "vacancy"
            }
        },
        {
            "type": "Feature",
            "geometry": {
                "type": "Point",
                "coordinates": [
                    8.63629,
                    50.1024
                ]
            },
            "properties": {
                "id": "73c3573e-294d-4509-bd98-f3f3cca94db1",
                "created_at": "2011-09-29T19:55:08.000Z",
                "updated_at": "2024-09-26T13:07:21.762Z",
                "since": "2011-09-29T19:55:08.000Z",
                "title": "Ehemaliges Sozialrathaus Gallus",
                "slug": "ehemaliges-sozialrathaus-gallus",
                "published": true,
                "buildingType": "Bürogebäude",
                "building_type": [
                    "Bürogebäude"
                ],
                "owner": null,
                "road": "Schwalbacher Straße 45",
                "zip": "60326",
                "startdate": null,
                "enddate": null,
                "text": "Sieben Obergeschosse hat das Gebäude und wurde vom Jugend- und Sozialamt der Stadt Frankfurt genutzt. \r\nBei der Foto-Ausstellung \"empty space\" mit 32 Fotografien im Mai 2009 ist es bereits dokumentiert worden:\r\nwww.emptyspace-frankfurt.de",
                "featured": false,
                "shy": false,
                "user_id": "601a4baa-d58b-49c3-86a7-c13f6e63695e",
                "map_id": "fa8b1e4d-f201-448a-afe9-d7e54215a8ec",
                "status": "vacancy"
            }
        },
        {
            "type": "Feature",
            "geometry": {
                "type": "Point",
                "coordinates": [
                    8.67186,
                    50.12264
                ]
            },
            "properties": {
                "id": "ad1bef32-0725-4069-900f-b0627a887a95",
                "created_at": "2011-09-29T17:40:47.000Z",
                "updated_at": "2024-09-26T15:12:30.006Z",
                "since": "2011-09-29T17:40:47.000Z",
                "title": "Leerbachstraße 92",
                "slug": "leerbachstrasse-92",
                "published": true,
                "buildingType": "Wohngebäude",
                "building_type": [
                    "Wohngebäude"
                ],
                "owner": "private",
                "road": "Leerbachstraße 92",
                "zip": "60322",
                "startdate": null,
                "enddate": null,
                "text": "Das viergeschossige Wohnhaus im Westend ist als Wohngebäude offenbar (noch) gut  nutzbar, aber alle Wohnungen stehen leer. Es gibt Gerüchte über Abriss- und Neubaupläne für Eigentumswohnungen.",
                "featured": false,
                "shy": false,
                "user_id": "601a4baa-d58b-49c3-86a7-c13f6e63695e",
                "map_id": "fa8b1e4d-f201-448a-afe9-d7e54215a8ec",
                "status": "vacancy"
            }
        },
        {
            "type": "Feature",
            "geometry": {
                "type": "Point",
                "coordinates": [
                    8.67121435567754,
                    50.10089395
                ]
            },
            "properties": {
                "id": "293fe683-5130-491b-aca7-f3f010b25995",
                "created_at": "2016-04-06T15:23:19.683Z",
                "updated_at": "2024-08-20T23:24:22.295Z",
                "since": "2016-04-06T15:23:19.683Z",
                "title": "Riesige Altbauwohnung",
                "slug": "riesige-altbauwohnung",
                "published": true,
                "buildingType": "locations.building_type_options.residential",
                "building_type": [
                    "locations.building_type_options.residential"
                ],
                "owner": "locations.unknown",
                "road": "Steinlestr. 27",
                "zip": "60596",
                "startdate": null,
                "enddate": null,
                "text": "Sehr große Altbauwohnung in Sachsenhausen, steht seit Jahren leer. Es handelt sich um die Wohnung im Hochparterre. Wahrscheinlich Zweifamilienhaus, oben die Wohnung ist bewohnt. Angeblich ist die leere Wohnung Gewerbefläche, war mal eine Kanzlei o.ä. Steht seit mindestens fünf Jahren leer.",
                "featured": false,
                "shy": false,
                "user_id": "eb554557-fb45-4b29-b38d-51d09b24a6aa",
                "map_id": "fa8b1e4d-f201-448a-afe9-d7e54215a8ec",
                "status": "vacancy"
            }
        },
        {
            "type": "Feature",
            "geometry": {
                "type": "Point",
                "coordinates": [
                    8.7243149,
                    50.1155661
                ]
            },
            "properties": {
                "id": "7c2d9c4a-a497-4bc5-87bf-6b9bc206d01c",
                "created_at": "2016-03-24T12:04:27.000Z",
                "updated_at": "2024-08-20T23:24:22.736Z",
                "since": "2016-03-24T12:04:27.000Z",
                "title": "Frankfurt am Main !! Verkauf,Fitness,Service-Handwerksraum 480 m² teilbar",
                "slug": "frankfurt-am-main-verkauf-fitness-service-handwerksraum-480-m-teilbar",
                "published": true,
                "buildingType": "Gewerbegebäude",
                "building_type": [
                    "Gewerbegebäude"
                ],
                "owner": "private",
                "road": "Hanauer Landstraße 205 Frankfurt  am Main !!!",
                "zip": "60314",
                "startdate": null,
                "enddate": null,
                "text": "Halle  480 m² ca 3,5 m hoch ca 13 m Schaufenster,+ Büro, Teeküche, WC Lager.\r\nIm Hof der Hanauer-Landstraße 205 Kunden- Parkplätze\r\nTeilbar ab 160m²\r\nKaltmiete 10€/m²\r\nH.-P. Sänger Mob. 01718037244\r\n\r\n",
                "featured": false,
                "shy": false,
                "user_id": "00e44fe6-2b7c-418d-87e8-424da380d3cc",
                "map_id": "fa8b1e4d-f201-448a-afe9-d7e54215a8ec",
                "status": "vacancy"
            }
        },
        {
            "type": "Feature",
            "geometry": {
                "type": "Point",
                "coordinates": [
                    8.718796,
                    50.114072
                ]
            },
            "properties": {
                "id": "3db29df0-49db-47e8-8ff1-ddce5a9c87e7",
                "created_at": "2016-03-24T12:24:04.000Z",
                "updated_at": "2024-08-20T23:24:22.770Z",
                "since": "2016-03-24T12:24:04.000Z",
                "title": "Verkaufsraum 480m² teilbar",
                "slug": "verkaufsraum-480m-teilbar",
                "published": true,
                "buildingType": "Gewerbegebäude",
                "building_type": [
                    "Gewerbegebäude"
                ],
                "owner": "private",
                "road": "Hanauer Landstraße 205",
                "zip": "60314",
                "startdate": null,
                "enddate": null,
                "text": "Verkaufsraum im Hof  Höhe ca 3,5 m  vielseitig nutzbar mit Teeküche,Büro,Lager,WC Kunden Parkplätze\r\nTeilbar ab 160 m²\r\nMiete 10,--€ netto kalt + Uml.\r\nBAB A 661 in 600 m\r\nStraßenbahn Haltestelle vor dem Objekt\r\nU-Ostbahnhof 1 Km\r\nEZB nähe \r\nH.-P. Sänger Mob. 01718037244\r\n",
                "featured": false,
                "shy": false,
                "user_id": "00e44fe6-2b7c-418d-87e8-424da380d3cc",
                "map_id": "fa8b1e4d-f201-448a-afe9-d7e54215a8ec",
                "status": "vacancy"
            }
        },
        {
            "type": "Feature",
            "geometry": {
                "type": "Point",
                "coordinates": [
                    8.6552682,
                    50.118961
                ]
            },
            "properties": {
                "id": "bb694bd7-3991-45f6-90dd-df2513ea8947",
                "created_at": "2016-02-25T11:22:00.000Z",
                "updated_at": "2024-08-20T23:24:25.574Z",
                "since": "2016-02-25T11:22:00.000Z",
                "title": "Schumannstraße 59",
                "slug": "schumannstrasse-59",
                "published": true,
                "buildingType": "Bürogebäude",
                "building_type": [
                    "Bürogebäude"
                ],
                "owner": null,
                "road": "Schumannstraße 59",
                "zip": "60325",
                "startdate": null,
                "enddate": null,
                "text": "Warum steht diese prachtvolle Villa, ein Frankfurter Kulturdenkmal, leer???",
                "featured": false,
                "shy": false,
                "user_id": "6166a680-82ce-4751-ac17-7a65be5d85da",
                "map_id": "fa8b1e4d-f201-448a-afe9-d7e54215a8ec",
                "status": "vacancy"
            }
        },
        {
            "type": "Feature",
            "geometry": {
                "type": "Point",
                "coordinates": [
                    8.7061396,
                    50.1188633
                ]
            },
            "properties": {
                "id": "2f0439a2-d072-4fc8-b54e-714e5ad11336",
                "created_at": "2015-12-11T12:23:22.000Z",
                "updated_at": "2024-08-20T23:24:31.917Z",
                "since": "2015-12-11T12:23:22.000Z",
                "title": "Habsburgerallee ",
                "slug": "habsburgerallee",
                "published": true,
                "buildingType": "Wohngebäude",
                "building_type": [
                    "Wohngebäude"
                ],
                "owner": "private",
                "road": "Habsburgerallee",
                "zip": "60385",
                "startdate": null,
                "enddate": null,
                "text": "Eine etwa 80m2 Wohnung steht im 4. Stock seit einigen Jahren leer. In Frankfurt skandalös. Die Wohnungsbestizerin möchte, sobald alle aus diesem Stock ausgezogen sind, eine penthouswohnung einbauen.",
                "featured": false,
                "shy": false,
                "user_id": "43aa88e4-cd32-4feb-92bb-b5e6e310723f",
                "map_id": "fa8b1e4d-f201-448a-afe9-d7e54215a8ec",
                "status": "vacancy"
            }
        },
        {
            "type": "Feature",
            "geometry": {
                "type": "Point",
                "coordinates": [
                    8.6821543,
                    50.0986295
                ]
            },
            "properties": {
                "id": "61a92924-8194-49be-8817-7600fdb6ce7e",
                "created_at": "2015-11-11T10:10:37.000Z",
                "updated_at": "2024-08-20T23:24:35.144Z",
                "since": "2015-11-11T10:10:37.000Z",
                "title": "Hedderichstraße 100",
                "slug": "hedderichstrasse-100",
                "published": true,
                "buildingType": "Wohngebäude",
                "building_type": [
                    "Wohngebäude"
                ],
                "owner": "private",
                "road": "Hedderichstraße 100",
                "zip": "60596",
                "startdate": null,
                "enddate": null,
                "text": "Die Wohnung im dritten Stock steht (trotz zwischenzeitlicher Sanierung) seit mindestens 4 Jahren leer.",
                "featured": false,
                "shy": false,
                "user_id": "66978573-3e12-42c0-81d3-a445eb9d5fe8",
                "map_id": "fa8b1e4d-f201-448a-afe9-d7e54215a8ec",
                "status": "vacancy"
            }
        },
        {
            "type": "Feature",
            "geometry": {
                "type": "Point",
                "coordinates": [
                    8.6403507,
                    50.1143885
                ]
            },
            "properties": {
                "id": "435c3f02-95c3-46e2-b2ed-a87971e010bf",
                "created_at": "2015-11-07T09:59:58.000Z",
                "updated_at": "2024-08-20T23:24:35.739Z",
                "since": "2015-11-07T09:59:58.000Z",
                "title": "Ing diba Bank ",
                "slug": "ing-diba-bank",
                "published": true,
                "buildingType": "Bürogebäude",
                "building_type": [
                    "Bürogebäude"
                ],
                "owner": "private",
                "road": "Theodor-Heuss-Allee ",
                "zip": "60486",
                "startdate": null,
                "enddate": null,
                "text": "Großes helles Gebäude\r\n5 Etagen\r\nGuter  Gesamtzustand \r\n",
                "featured": false,
                "shy": false,
                "user_id": null,
                "map_id": "fa8b1e4d-f201-448a-afe9-d7e54215a8ec",
                "status": "vacancy"
            }
        },
        {
            "type": "Feature",
            "geometry": {
                "type": "Point",
                "coordinates": [
                    8.6364918,
                    50.1007923
                ]
            },
            "properties": {
                "id": "e2f0b8e8-17cd-4477-8a8a-343efb284cd7",
                "created_at": "2015-10-18T14:19:45.000Z",
                "updated_at": "2024-08-20T23:24:38.798Z",
                "since": "2015-10-18T14:19:45.000Z",
                "title": "Schwalbacher Straße 23",
                "slug": "schwalbacher-strasse-23",
                "published": true,
                "buildingType": "Wohngebäude",
                "building_type": [
                    "Wohngebäude"
                ],
                "owner": "private",
                "road": "Schwalbacher Straße 23",
                "zip": "60326",
                "startdate": null,
                "enddate": null,
                "text": "",
                "featured": false,
                "shy": false,
                "user_id": "aa610635-a599-4c41-a2f1-9d84fc12cc0e",
                "map_id": "fa8b1e4d-f201-448a-afe9-d7e54215a8ec",
                "status": "vacancy"
            }
        }
    ]
}